row_index,requestId,processId,Month_Str,TAT_Days,TAT_Bucket,Hold_Count,onHoldReasonDescription,Hold_Days
1,REQS4F8CGVYIE6I,PRCYKL1CQ99,2025-02,,,1.0,System issue retry later,60.625
7,REQV4YKADEJNOBB,PRCDN9UNFVO,2025-01,3.4166666666666665,1-4 days,2.0,Payment pending confirm receipt,1.7083333333333333
7,REQV4YKADEJNOBB,PRCDN9UNFVO,2025-01,3.4166666666666665,1-4 days,2.0,Payment pending confirm receipt,2.125
13,REQG983EP9P9W4J,PRCWSPOFV17,2025-02,,,2.0,Customer request waiting response,30.958333333333332
14,REQK0VM59M6MG87,PRC5JTB9XXA,2025-12,,,1.0,Unknown,0.08333333333333333
15,REQRS7GU0ENV5SN,PRC0KZ4Z7WH,2025-11,,,1.0,Unknown,1.75
20,REQPMLVAK9W9PFB,PRC3AYEQAHT,2025-04,,,2.0,Unknown,2.0416666666666665
20,REQPMLVAK9W9PFB,PRC3AYEQAHT,2025-04,,,2.0,Unknown,2.8333333333333335
24,REQARAGDX5O31YH,PRC2MAIETDN,2025-10,,,3.0,Payment pending confirm receipt,62.541666666666664
24,REQARAGDX5O31YH,PRC2MAIETDN,2025-10,,,3.0,Payment pending confirm receipt,30.958333333333332
24,REQARAGDX5O31YH,PRC2MAIETDN,2025-10,,,3.0,Payment pending confirm receipt,29.25
29,REQRVWY3RZTPLC6,PRCIH6MV4XE,2025-06,,,2.0,Unknown,30.5
29,REQRVWY3RZTPLC6,PRCIH6MV4XE,2025-06,,,2.0,Unknown,61.583333333333336
36,REQ48OLDC08FC0T,PRCZOW60ZZ0,2025-05,6.791666666666667,5-7 days,3.0,Customer request waiting response,29.958333333333332
36,REQ48OLDC08FC0T,PRCZOW60ZZ0,2025-05,6.791666666666667,5-7 days,3.0,Customer request waiting response,60.958333333333336
37,REQQZ6CP7SAVZEB,PRCN2OJGFHZ,2025-09,,,1.0,Missing documents customer to provide,1.2083333333333333
40,REQQFK6XW4EMM9V,PRC6BEDYEJH,2025-02,,,1.0,System issue retry later,1.375
42,REQKISETUK1OOA3,PRCLC0Y0BHF,2025-09,,,1.0,Missing documents customer to provide,1.0833333333333333
43,REQ79XBPH5CH3L1,PRCO075RE0D,2025-09,3.4166666666666665,1-4 days,1.0,Missing documents customer to provide,2.875
44,REQ3S2SUMH3B0N9,PRCSBRSPJ4K,2025-05,,,1.0,System issue retry later,62.208333333333336
45,REQ8XMOE545VYBJ,PRCBRHWBQH5,2025-10,,,3.0,Unknown,91.04166666666667
45,REQ8XMOE545VYBJ,PRCBRHWBQH5,2025-10,,,3.0,Unknown,30.791666666666668
45,REQ8XMOE545VYBJ,PRCBRHWBQH5,2025-10,,,3.0,Unknown,91.95833333333333
54,REQZKDU6FOTWFTQ,PRCNGAY37VG,2025-01,,,2.0,Underwriting questions review needed,2.125
54,REQZKDU6FOTWFTQ,PRCNGAY37VG,2025-01,,,2.0,Underwriting questions review needed,0.625
56,REQO17RV2Y7CDAB,PRC80NKXKBE,2025-03,,,3.0,Unknown,2.4583333333333335
56,REQO17RV2Y7CDAB,PRC80NKXKBE,2025-03,,,3.0,Unknown,3.0
56,REQO17RV2Y7CDAB,PRC80NKXKBE,2025-03,,,3.0,Unknown,1.4583333333333333
63,REQ86ADNOKKU3S7,PRC3CYBYC4I,2025-04,5.25,5-7 days,1.0,Missing documents customer to provide,1.2083333333333333
64,REQF2UWUFUK15U2,PRCU8BWAUFX,2025-08,,,1.0,Unknown,2.7916666666666665
65,REQYP15I3IEST9O,PRCERC4R6S3,2025-01,,,1.0,Payment pending confirm receipt,324.875
69,REQNTZ7PJSFPFMN,PRC2JOZIBP9,2025-07,,,2.0,Missing documents customer to provide,1.625
69,REQNTZ7PJSFPFMN,PRC2JOZIBP9,2025-07,,,2.0,Missing documents customer to provide,1.1666666666666667
72,REQ11BLF1XOYC6H,PRC59P0QVHZ,2025-05,8.708333333333334,7+ days,2.0,System issue retry later,60.625
72,REQ11BLF1XOYC6H,PRC59P0QVHZ,2025-05,8.708333333333334,7+ days,2.0,System issue retry later,0.75
75,REQW6VGK4Y32HME,PRCR8133HBA,2025-03,,,2.0,Payment pending confirm receipt,30.5
75,REQW6VGK4Y32HME,PRCR8133HBA,2025-03,,,2.0,Payment pending confirm receipt,61.333333333333336
76,REQB09UW8PDWXEZ,PRCHK94W6WU,2025-10,,,1.0,Underwriting questions review needed,1.5833333333333333
78,REQTO914YBNUS7P,PRC0V0HXEF7,2025-03,,,1.0,Customer request waiting response,2.875
79,REQ8BOT6ATJ4MDH,PRC0J49TO5A,2025-08,,,3.0,Unknown,0.5833333333333334
79,REQ8BOT6ATJ4MDH,PRC0J49TO5A,2025-08,,,3.0,Unknown,1.9166666666666667
79,REQ8BOT6ATJ4MDH,PRC0J49TO5A,2025-08,,,3.0,Unknown,1.125
84,REQ15F9MZ99ZJUK,PRCFERFT5P0,2025-08,,,2.0,System issue retry later,59.291666666666664
84,REQ15F9MZ99ZJUK,PRCFERFT5P0,2025-08,,,2.0,System issue retry later,91.95833333333333
86,REQOSTUZHG1GF4O,PRC21D5C21O,2025-11,,,1.0,System issue retry later,1.6666666666666667
87,REQIGJD3X4YH5HO,PRC6K6HGQ6S,2025-09,,,1.0,Missing documents customer to provide,61.291666666666664
90,REQK80XTAOFZD6K,PRCJA6614RS,2025-11,,,2.0,Customer request waiting response,91.91666666666667
90,REQK80XTAOFZD6K,PRCJA6614RS,2025-11,,,2.0,Customer request waiting response,30.541666666666668
91,REQND3Y9QB0E7CX,PRCTHLVJYQT,2025-01,1.375,1-4 days,3.0,Unknown,61.916666666666664
91,REQND3Y9QB0E7CX,PRCTHLVJYQT,2025-01,1.375,1-4 days,3.0,Unknown,31.333333333333332
91,REQND3Y9QB0E7CX,PRCTHLVJYQT,2025-01,1.375,1-4 days,3.0,Unknown,29.541666666666668
95,REQI4SE4KBL5VGG,PRCHUGXNS8E,2025-04,,,1.0,Payment pending confirm receipt,1.0
96,REQJ2K3TYDCCPVB,PRC4X76BT3P,2025-08,,,1.0,Payment pending confirm receipt,28.083333333333332
99,REQZSSJNJ8TH1PQ,PRCN4XJ765V,2025-01,6.75,5-7 days,1.0,Payment pending confirm receipt,2.0
100,REQSIKJAZF7489N,PRCZQNKYP1M,2025-11,,,1.0,Payment pending confirm receipt,0.08333333333333333
101,REQYQO89LG7V6TV,PRC94NA46N0,2025-01,4.458333333333333,5-7 days,1.0,System issue retry later,2.5833333333333335
104,REQHDV9NM301DVV,PRCBT8ZEH3R,2025-08,5.333333333333333,5-7 days,1.0,Unknown,90.25
106,REQ74ZEMG025582,PRCVMKC11XH,2025-11,,,3.0,System issue retry later,2.125
106,REQ74ZEMG025582,PRCVMKC11XH,2025-11,,,3.0,System issue retry later,2.7083333333333335
106,REQ74ZEMG025582,PRCVMKC11XH,2025-11,,,3.0,System issue retry later,1.2916666666666667
112,REQOEQXADGYUJGB,PRCN8FITOZA,2025-01,,,2.0,Missing documents customer to provide,2.875
112,REQOEQXADGYUJGB,PRCN8FITOZA,2025-01,,,2.0,Missing documents customer to provide,2.7083333333333335
113,REQEWV000PN58IH,PRCMSUIQI2S,2025-04,4.875,5-7 days,3.0,Unknown,0.2916666666666667
113,REQEWV000PN58IH,PRCMSUIQI2S,2025-04,4.875,5-7 days,3.0,Unknown,1.25
113,REQEWV000PN58IH,PRCMSUIQI2S,2025-04,4.875,5-7 days,3.0,Unknown,1.6666666666666667
116,REQXG4XNUBY8634,PRCWWO6NLPV,2025-03,3.875,1-4 days,1.0,Customer request waiting response,62.125
117,REQB0TA6YY5XHQ3,PRCP6PNU0KI,2025-01,,,2.0,Customer request waiting response,0.041666666666666664
117,REQB0TA6YY5XHQ3,PRCP6PNU0KI,2025-01,,,2.0,Customer request waiting response,88.91666666666667
118,REQB6UXQRKUW203,PRC6GPN1MXK,2025-08,,,1.0,Unknown,1.125
121,REQHFA58S9EP5RO,PRCS6QIJ88A,2025-04,,,1.0,Underwriting questions review needed,29.958333333333332
123,REQF1PT6TROUWFI,PRC7JORDBIQ,2025-06,,,1.0,Missing documents customer to provide,0.5833333333333334
127,REQUJUM3AY4L6SO,PRCBJVJKXXK,2025-07,,,1.0,Unknown,60.541666666666664
131,REQUGKZESFKV3RQ,PRCQJZ6PEYM,2025-08,,,1.0,Missing documents customer to provide,61.416666666666664
132,REQK5SLSBJLVY6L,PRC5M4EO0XJ,2025-05,,,1.0,Underwriting questions review needed,1.9166666666666667
138,REQFA4AFM3MHPDP,PRCEY6DRHY1,2025-04,,,1.0,Customer request waiting response,1.4166666666666667
141,REQ6C5TG8BKA8V0,PRC7HAWQDUI,2025-06,,,1.0,System issue retry later,1.8333333333333333
144,REQXLGFWMVYTSU2,PRC6WF6B3IS,2025-12,,,1.0,Payment pending confirm receipt,90.45833333333333
147,REQ7SNVCE8XPU46,PRC0DPIMRBZ,2025-07,,,1.0,Payment pending confirm receipt,0.041666666666666664
149,REQG1IGAE7UTEI5,PRC5XTEBI7T,2025-08,2.875,1-4 days,1.0,Payment pending confirm receipt,0.08333333333333333
156,REQLQFSDA8980BT,PRCLAA6UYPV,2025-05,13.25,7+ days,1.0,Customer request waiting response,2.0416666666666665
157,REQEQLV488PKWTZ,PRCY3N0MWFS,2025-11,,,1.0,Missing documents customer to provide,2.25
158,REQAV85886D6IWK,PRCIFMPEOSO,2025-03,,,1.0,Customer request waiting response,2.7083333333333335
159,REQTDRJDL2ANPS4,PRCRXE78D29,2025-03,,,1.0,Underwriting questions review needed,0.4166666666666667
162,REQ0TRVTFMRMQ9P,PRCC6ZH6DU9,2025-08,,,1.0,System issue retry later,0.625
164,REQKKTDNUMVEXG4,PRCVDCF33U6,2025-01,,,1.0,Customer request waiting response,28.041666666666668
172,REQHOI9SSMUSJ1H,PRCU81CVYS2,2025-04,2.625,1-4 days,1.0,System issue retry later,28.416666666666668
173,REQAV41B8E9UF3Q,PRC90YMT0W3,2025-11,,,2.0,Missing documents customer to provide,2.0833333333333335
173,REQAV41B8E9UF3Q,PRC90YMT0W3,2025-11,,,2.0,Missing documents customer to provide,1.8333333333333333
175,REQNTCUNBDZCF5A,PRCLG3T9PC7,2025-03,,,1.0,Underwriting questions review needed,0.375
177,REQG2L3AJ87WLYZ,PRC42I3P4LF,2025-02,4.25,5-7 days,1.0,Unknown,0.9583333333333334
179,REQ696EM7R3QCQA,PRC4PUGQ9ML,2025-08,5.291666666666667,5-7 days,1.0,Unknown,2.0
183,REQ9GK0SORNC116,PRCBI7NE86Z,2025-06,7.041666666666667,7+ days,1.0,Payment pending confirm receipt,1.0
190,REQE68PO55QY6OR,PRCEU6RLN7O,2025-04,4.416666666666667,5-7 days,1.0,Customer request waiting response,60.541666666666664
194,REQKNTK3IH714U6,PRCHE2O1J4J,2025-10,9.333333333333334,7+ days,1.0,System issue retry later,2.5833333333333335
196,REQXHRUSZVD006T,PRCV57HDIJW,2025-08,,,1.0,Payment pending confirm receipt,2.75
198,REQJP50EOZORXVJ,PRC9NVTNIC4,2025-12,3.2916666666666665,1-4 days,1.0,Payment pending confirm receipt,0.5833333333333334
202,REQLZTE44RWUG16,PRCH1NBZOYW,2025-08,,,1.0,Payment pending confirm receipt,30.5
203,REQ0HH3FC5P2UR3,PRC8VD3RRJ1,2025-02,,,1.0,Customer request waiting response,1.2916666666666667
207,REQV7K5UGLXKRGJ,PRCHGRP1CCA,2025-03,,,2.0,Unknown,0.9583333333333334
207,REQV7K5UGLXKRGJ,PRCHGRP1CCA,2025-03,,,2.0,Unknown,1.625
209,REQEVAYK8KF780C,PRCRAGJEDAM,2025-07,,,1.0,Missing documents customer to provide,2.1666666666666665
213,REQS1PR6GBF6OVJ,PRC3F4KZL67,2025-10,,,1.0,Customer request waiting response,31.5
217,REQW1Z9YUD2XD3T,PRCERHPXXZ9,2025-12,,,2.0,System issue retry later,61.416666666666664
217,REQW1Z9YUD2XD3T,PRCERHPXXZ9,2025-12,,,2.0,System issue retry later,31.166666666666668
218,REQEMYXADLUSSH1,PRCXG33Y6Y7,2025-11,,,1.0,Missing documents customer to provide,61.5
225,REQQQEW0RJAOKYM,PRCUCXU3T4Z,2025-01,,,1.0,Underwriting questions review needed,2.1666666666666665
228,REQ40M9JTBEPRNA,PRCJJ5E2BPK,2025-03,,,1.0,Underwriting questions review needed,1.0833333333333333
229,REQSI1COXPY5J3S,PRCX9OV7YS1,2025-12,,,1.0,Missing documents customer to provide,1.4583333333333333
230,REQ5AKOEFJOKNPH,PRC5HCK1DIV,2025-10,,,1.0,Payment pending confirm receipt,0.25
232,REQV5ZKNI6KKQVG,PRC420Q235G,2025-04,3.75,1-4 days,2.0,Customer request waiting response,30.791666666666668
232,REQV5ZKNI6KKQVG,PRC420Q235G,2025-04,3.75,1-4 days,2.0,Customer request waiting response,61.083333333333336
234,REQKF1EJ5Y3VOZ3,PRCB77UQNYB,2025-03,,,1.0,Payment pending confirm receipt,1.8333333333333333
235,REQSJ4FHCU63JI1,PRC81EWHVF1,2025-04,,,1.0,Missing documents customer to provide,0.9166666666666666
236,REQ1HCM3DVJCF9T,PRC1FUSDSMD,2025-10,13.875,7+ days,1.0,System issue retry later,2.75
238,REQPR1Q9Z3IG3NH,PRCPUWFQ98V,2025-11,6.791666666666667,5-7 days,1.0,Payment pending confirm receipt,1.375
241,REQ3FKXN0396W32,PRCXDNOPIBB,2025-05,,,2.0,Payment pending confirm receipt,1.2916666666666667
241,REQ3FKXN0396W32,PRCXDNOPIBB,2025-05,,,2.0,Payment pending confirm receipt,1.875
243,REQ6WCZJX59R04Y,PRCVCF5YYE5,2025-06,5.5,5-7 days,1.0,Payment pending confirm receipt,0.25
246,REQORGERRGNT1JB,PRC286GHZNZ,2025-03,,,3.0,Underwriting questions review needed,91.08333333333333
246,REQORGERRGNT1JB,PRC286GHZNZ,2025-03,,,3.0,Underwriting questions review needed,0.4166666666666667
251,REQ6PNMMMG129AY,PRCCDKPLO8P,2025-04,,,1.0,Payment pending confirm receipt,0.2916666666666667
253,REQ8Y6UEAJM8XBA,PRCNWZB9LMY,2025-08,3.75,1-4 days,2.0,Customer request waiting response,1.4583333333333333
253,REQ8Y6UEAJM8XBA,PRCNWZB9LMY,2025-08,3.75,1-4 days,2.0,Customer request waiting response,0.125
256,REQ12JUNS8WGBJ4,PRCE1PBT1Q2,2025-04,5.041666666666667,5-7 days,1.0,System issue retry later,0.16666666666666666
257,REQ1OUC89HVELD5,PRCKKUC8AK2,2025-04,2.5,1-4 days,1.0,Underwriting questions review needed,58.5
258,REQMKLGKEH9W3B4,PRCURMHNAJ1,2025-06,,,1.0,System issue retry later,29.916666666666668
259,REQMWF0L2D2QUXG,PRCBCDW57IA,2025-04,,,1.0,Payment pending confirm receipt,1.0833333333333333
261,REQQEJ7O82H3RXN,PRCD81MGQYO,2025-05,,,1.0,Payment pending confirm receipt,0.4583333333333333
265,REQE75IHL2TJHG1,PRCWOE9WNQX,2025-01,,,1.0,Customer request waiting response,0.16666666666666666
268,REQ5XHS6JEC6E3C,PRCUHRZWI2P,2025-06,,,1.0,Payment pending confirm receipt,60.833333333333336
269,REQTUXIVJTSOZS2,PRC7CMX3IMW,2025-05,,,1.0,Customer request waiting response,2.125
274,REQOB8X1FE8K73U,PRCM3LW87OX,2025-03,,,1.0,Payment pending confirm receipt,30.375
275,REQC1L9FJ7U08WM,PRCNK4U6X3H,2025-12,,,1.0,Underwriting questions review needed,1.2083333333333333
276,REQA5XEV0YPMWK8,PRC5TAXUVOZ,2025-05,,,1.0,Missing documents customer to provide,2.125
279,REQ83V5QENHSWDF,PRC292HKQI5,2025-07,,,1.0,Underwriting questions review needed,1.5
281,REQL7K3FN3L68EV,PRCK35HXDOC,2025-05,,,1.0,System issue retry later,0.5416666666666666
282,REQQPWHTYZJPIYF,PRCXTXOQDV0,2025-11,,,2.0,Underwriting questions review needed,0.5833333333333334
282,REQQPWHTYZJPIYF,PRCXTXOQDV0,2025-11,,,2.0,Underwriting questions review needed,2.875
289,REQ7HU3OALKA91A,PRC80F4V5F3,2025-09,,,2.0,Underwriting questions review needed,1.875
289,REQ7HU3OALKA91A,PRC80F4V5F3,2025-09,,,2.0,Underwriting questions review needed,2.125
291,REQ3OVQZFW3BWEE,PRC2IKBE0QA,2025-01,,,1.0,Missing documents customer to provide,0.7083333333333334
292,REQ98Y27BRT8ID9,PRC8DSS13VJ,2025-10,6.916666666666667,5-7 days,1.0,Customer request waiting response,2.2916666666666665
294,REQZY5IK1B5F83X,PRCF06LHU9H,2025-07,,,1.0,Missing documents customer to provide,2.0
301,REQBVFPGSN11VRU,PRC23NRS1WV,2025-08,3.7916666666666665,1-4 days,1.0,Unknown,2.7083333333333335
306,REQP91IK9PWKWXX,PRCDYQ8MWOI,2025-08,1.875,1-4 days,1.0,Payment pending confirm receipt,0.9583333333333334
310,REQO724M9RABPKQ,PRC9SY4YSLC,2025-05,,,2.0,Missing documents customer to provide,2.9583333333333335
310,REQO724M9RABPKQ,PRC9SY4YSLC,2025-05,,,2.0,Missing documents customer to provide,0.2916666666666667
313,REQJZ16BLUJI2ZZ,PRCAVBMWBG1,2025-11,,,1.0,Unknown,1.5
316,REQ2J1NKL45NXMZ,PRCE1QIZ432,2025-12,,,1.0,Unknown,31.708333333333332
320,REQKSJ4LNY4EIYP,PRCO23C55KW,2025-07,,,1.0,Customer request waiting response,2.5416666666666665
322,REQ3JSXB95VBBQI,PRC97HYS5QZ,2025-02,,,1.0,Customer request waiting response,0.25
325,REQF48955IXC82Q,PRCH34AGUWV,2025-07,,,3.0,Underwriting questions review needed,2.8333333333333335
325,REQF48955IXC82Q,PRCH34AGUWV,2025-07,,,3.0,Underwriting questions review needed,0.125
325,REQF48955IXC82Q,PRCH34AGUWV,2025-07,,,3.0,Underwriting questions review needed,1.3333333333333333
327,REQ3IM6PY3LTU37,PRCGO7YE539,2025-08,2.875,1-4 days,1.0,Underwriting questions review needed,1.625
328,REQD8J6BS751B1A,PRC14Y0FS5B,2025-06,,,3.0,Unknown,89.45833333333333
328,REQD8J6BS751B1A,PRC14Y0FS5B,2025-06,,,3.0,Unknown,61.583333333333336
329,REQMMGMQ5VZ3TWR,PRCPXRJAIJQ,2025-11,1.5833333333333333,1-4 days,2.0,Underwriting questions review needed,1.625
329,REQMMGMQ5VZ3TWR,PRCPXRJAIJQ,2025-11,1.5833333333333333,1-4 days,2.0,Underwriting questions review needed,2.0833333333333335
333,REQFV1XQ7JJZL6O,PRCMSARDE05,2025-01,10.833333333333334,7+ days,2.0,Missing documents customer to provide,30.75
333,REQFV1XQ7JJZL6O,PRCMSARDE05,2025-01,10.833333333333334,7+ days,2.0,Missing documents customer to provide,90.5
338,REQKWP7M3LIOXM5,PRC3SITCIV9,2025-01,,,1.0,Underwriting questions review needed,2.5833333333333335
342,REQJ8JFS4ZOSAHG,PRCHYDVS8FP,2025-05,,,1.0,Unknown,0.6666666666666666
344,REQH7DT6GSH3H22,PRCVBQ2N9CW,2025-12,4.666666666666667,5-7 days,1.0,Missing documents customer to provide,0.8333333333333334
348,REQ4GRG3WATQRNM,PRCYY3GDU4E,2025-07,6.75,5-7 days,1.0,Payment pending confirm receipt,0.9583333333333334
351,REQ8WO6191BVW85,PRCYWVJ8ACX,2025-07,4.083333333333333,5-7 days,1.0,Customer request waiting response,0.5
353,REQY4OML62GXE4W,PRCNMYNSD45,2025-02,4.125,5-7 days,2.0,System issue retry later,59.333333333333336
354,REQ2LNHFKB90S5Y,PRC8V0B9Z2Q,2025-01,,,1.0,Customer request waiting response,60.916666666666664
355,REQ3LVV2BA738EJ,PRCWUN1T1V5,2025-01,,,2.0,Customer request waiting response,0.4583333333333333
355,REQ3LVV2BA738EJ,PRCWUN1T1V5,2025-01,,,2.0,Customer request waiting response,2.25
356,REQ4BTA5B205PEW,PRC523CC42N,2025-10,,,1.0,Unknown,60.416666666666664
357,REQJVL37A2OB3D9,PRCZJE2ST3V,2025-05,,,3.0,Missing documents customer to provide,0.041666666666666664
357,REQJVL37A2OB3D9,PRCZJE2ST3V,2025-05,,,3.0,Missing documents customer to provide,2.8333333333333335
357,REQJVL37A2OB3D9,PRCZJE2ST3V,2025-05,,,3.0,Missing documents customer to provide,2.5416666666666665
359,REQ7POCXXU5WZU4,PRCAW84WXBX,2025-05,,,2.0,Underwriting questions review needed,0.625
359,REQ7POCXXU5WZU4,PRCAW84WXBX,2025-05,,,2.0,Underwriting questions review needed,2.5
362,REQY0OCULIEACPO,PRCMY8U9X16,2025-04,3.75,1-4 days,1.0,Underwriting questions review needed,1.3333333333333333
366,REQVOO1UAPIAR88,PRCDT9O49WJ,2025-04,,,2.0,Customer request waiting response,30.625
366,REQVOO1UAPIAR88,PRCDT9O49WJ,2025-04,,,2.0,Customer request waiting response,88.66666666666667
370,REQVQ52IP1WW0AU,PRCGR8CUZVX,2025-11,,,1.0,Unknown,61.0
372,REQ1L5Y8QST5JJ6,PRCZY08M8OS,2025-03,,,1.0,Customer request waiting response,59.25
373,REQHTGNLE7XP1GJ,PRC32M0WQBO,2025-01,,,1.0,Customer request waiting response,2.5416666666666665
375,REQGCBY3JRD7HJ2,PRCSCR8VOG7,2025-03,,,1.0,Payment pending confirm receipt,1.75
377,REQGKX6AWB09Y8S,PRCSSN8VIW1,2025-06,,,3.0,Underwriting questions review needed,30.458333333333332
377,REQGKX6AWB09Y8S,PRCSSN8VIW1,2025-06,,,3.0,Underwriting questions review needed,60.833333333333336
377,REQGKX6AWB09Y8S,PRCSSN8VIW1,2025-06,,,3.0,Underwriting questions review needed,30.791666666666668
381,REQKIMPHWAPW80I,PRCAVJDNFEF,2025-10,,,1.0,Customer request waiting response,2.625
382,REQ1GGXM6H2PPXP,PRC3U53HSNA,2025-07,3.3333333333333335,1-4 days,2.0,Missing documents customer to provide,30.708333333333332
382,REQ1GGXM6H2PPXP,PRC3U53HSNA,2025-07,3.3333333333333335,1-4 days,2.0,Missing documents customer to provide,60.458333333333336
386,REQLPY2X0J9Q57Z,PRC6ZO3ZG5O,2025-05,,,1.0,Underwriting questions review needed,2.2083333333333335
387,REQVK5IK75UZCQJ,PRCEEEVV6M8,2025-10,3.4583333333333335,1-4 days,1.0,Unknown,1.0
388,REQFJV7YR0ZHOQX,PRCCQY3GT61,2025-02,,,2.0,Customer request waiting response,92.0
388,REQFJV7YR0ZHOQX,PRCCQY3GT61,2025-02,,,2.0,Customer request waiting response,30.166666666666668
390,REQYH8YBO953ZRI,PRCF7NCY6KJ,2025-12,,,2.0,Payment pending confirm receipt,0.4583333333333333
390,REQYH8YBO953ZRI,PRCF7NCY6KJ,2025-12,,,2.0,Payment pending confirm receipt,1.5416666666666667
394,REQLOR50SIYO6EF,PRCZXOBDNMO,2025-01,,,1.0,Payment pending confirm receipt,91.75
397,REQE50KG3QXMG62,PRC15OQO3ZM,2025-01,,,1.0,Missing documents customer to provide,31.083333333333332
402,REQZXABRGTE19KT,PRCHLW5LXKG,2025-08,,,1.0,Customer request waiting response,0.4583333333333333
406,REQ07N2S3ZJ1EYK,PRCXI48L6PN,2025-08,0.6666666666666666,1-4 days,2.0,Customer request waiting response,2.0833333333333335
406,REQ07N2S3ZJ1EYK,PRCXI48L6PN,2025-08,0.6666666666666666,1-4 days,2.0,Customer request waiting response,1.7916666666666667
408,REQSH0ZVI1XU1MV,PRCUVC4SPHG,2025-11,,,2.0,System issue retry later,0.20833333333333334
408,REQSH0ZVI1XU1MV,PRCUVC4SPHG,2025-11,,,2.0,System issue retry later,60.208333333333336
414,REQOCS1I329RXGO,PRCN1QFSK6A,2025-10,,,1.0,Customer request waiting response,1.1666666666666667
415,REQN42FGTCJ8LVA,PRC1COLBYRS,2025-01,3.9166666666666665,1-4 days,1.0,Underwriting questions review needed,61.583333333333336
417,REQF21USLOUA2HH,PRCZRZRLQ9W,2025-02,0.3333333333333333,1-4 days,2.0,Customer request waiting response,88.45833333333333
417,REQF21USLOUA2HH,PRCZRZRLQ9W,2025-02,0.3333333333333333,1-4 days,2.0,Customer request waiting response,31.041666666666668
421,REQHS5E9YBFDZ7A,PRCQKY9R0A5,2025-12,,,1.0,System issue retry later,32.0
423,REQN2UGAF6C6BOO,PRC6M5DCO5U,2025-03,12.125,7+ days,2.0,Unknown,29.583333333333332
423,REQN2UGAF6C6BOO,PRC6M5DCO5U,2025-03,12.125,7+ days,2.0,Unknown,30.958333333333332
426,REQY7IYDWDXX5HU,PRCT8NX3P4A,2025-03,,,1.0,Missing documents customer to provide,89.70833333333333
428,REQXDZ4MT6E15XC,PRCI3U48FJK,2025-02,,,1.0,Customer request waiting response,0.20833333333333334
430,REQJNFB44HJ7D8H,PRC0JQ3GZD9,2025-04,5.25,5-7 days,1.0,Underwriting questions review needed,0.4166666666666667
434,REQQXSHN3YMBRM1,PRC9RCHKMYU,2025-05,,,1.0,Unknown,0.9166666666666666
439,REQTAHRT80NVAMQ,PRCO1ZVP2EF,2025-04,,,1.0,Missing documents customer to provide,0.4166666666666667
441,REQF1YWJOQO4HFJ,PRCUB8Z8NDY,2025-12,,,1.0,Payment pending confirm receipt,29.583333333333332
443,REQ7VX1YWLKIE7K,PRCSAD5C2IM,2025-05,5.0,5-7 days,2.0,Missing documents customer to provide,1.75
443,REQ7VX1YWLKIE7K,PRCSAD5C2IM,2025-05,5.0,5-7 days,2.0,Missing documents customer to provide,0.5833333333333334
446,REQMOLP7KP5JLKE,PRCGMQC7F84,2025-08,,,2.0,Payment pending confirm receipt,58.833333333333336
453,REQNIX5KD7926PW,PRC7OZJ5D64,2025-07,,,1.0,System issue retry later,2.375
454,REQDJ1XCPXBLCI0,PRC0NQ4ZO7N,2025-08,,,1.0,Payment pending confirm receipt,61.625
457,REQV0BSE8RZ9JA9,PRC8WI09UQG,2025-07,,,1.0,Payment pending confirm receipt,2.2916666666666665
461,REQWRXYL84Q34B2,PRC7WLJ5JGV,2025-08,,,3.0,Unknown,0.4166666666666667
461,REQWRXYL84Q34B2,PRC7WLJ5JGV,2025-08,,,3.0,Unknown,1.7916666666666667
462,REQWDCZEICGYG96,PRCNHYYOQSF,2025-04,,,1.0,Underwriting questions review needed,2.5833333333333335
463,REQ6UKV7T7U792M,PRCTDRWYUBX,2025-03,,,1.0,Unknown,2.7083333333333335
464,REQGVAON0OOJBJ2,PRC0CS5P6VQ,2025-09,,,1.0,Missing documents customer to provide,30.666666666666668
470,REQG6XK6A98I15W,PRC2TQYYEAQ,2025-10,,,1.0,Missing documents customer to provide,0.6666666666666666
471,REQR2DLG8Q8II7C,PRCD1BAPLD1,2025-10,,,2.0,Unknown,61.958333333333336
471,REQR2DLG8Q8II7C,PRCD1BAPLD1,2025-10,,,2.0,Unknown,90.79166666666667
472,REQKTGYVYUXISLZ,PRCAX4WKTHB,2025-05,,,1.0,Underwriting questions review needed,60.583333333333336
475,REQ2IBF4QPDKJLW,PRC0493OSFZ,2025-08,,,1.0,Missing documents customer to provide,1.3333333333333333
483,REQG7T5XNRW4NUJ,PRC9QAK5D67,2025-01,,,1.0,Payment pending confirm receipt,0.8333333333333334
492,REQ9LX64GVOVXO7,PRCSNJL1FM0,2025-12,3.2083333333333335,1-4 days,1.0,System issue retry later,1.0416666666666667
494,REQ5EMKKZ6BQFQ8,PRCYIQ5HPRQ,2025-04,7.125,7+ days,1.0,Customer request waiting response,30.583333333333332
495,REQSS1KRPOB44Y6,PRCPCGMFKFT,2025-09,,,1.0,Customer request waiting response,0.4583333333333333
496,REQRWRZPS24NA6O,PRCNZNM74D7,2025-07,,,1.0,Missing documents customer to provide,0.3333333333333333
497,REQFYEJT53XEB9W,PRCS939CYK4,2025-10,3.0833333333333335,1-4 days,1.0,Customer request waiting response,0.375
504,REQY82LUJW0H5HJ,PRCZNR2Q4V6,2025-01,,,1.0,Underwriting questions review needed,0.125
505,REQ5IR2T3L7FX4E,PRC5SDH22VG,2025-10,,,2.0,Payment pending confirm receipt,31.041666666666668
505,REQ5IR2T3L7FX4E,PRC5SDH22VG,2025-10,,,2.0,Payment pending confirm receipt,30.916666666666668
506,REQPIPXOZKX96WX,PRCTDXEQGIR,2025-10,,,1.0,System issue retry later,0.08333333333333333
507,REQBMY7OX9R00JR,PRCI0IX8B65,2025-04,2.7916666666666665,1-4 days,3.0,Missing documents customer to provide,1.5416666666666667
507,REQBMY7OX9R00JR,PRCI0IX8B65,2025-04,2.7916666666666665,1-4 days,3.0,Missing documents customer to provide,2.0416666666666665
509,REQU0WOY5WGGRH6,PRCIZADH6SO,2025-08,4.291666666666667,5-7 days,1.0,Payment pending confirm receipt,90.29166666666667
510,REQH6AN3CXIQZ31,PRC9O4CWR1H,2025-07,,,1.0,Unknown,30.166666666666668
512,REQQRFME5CNI7E1,PRC35RL321I,2025-03,,,1.0,Missing documents customer to provide,31.25
513,REQXDNQVA45A5HJ,PRCL92ODUG6,2025-03,,,1.0,Payment pending confirm receipt,0.625
515,REQ9A0WT9IA8MWR,PRCF30E3HVW,2025-06,,,2.0,Missing documents customer to provide,91.33333333333333
515,REQ9A0WT9IA8MWR,PRCF30E3HVW,2025-06,,,2.0,Missing documents customer to provide,31.166666666666668
522,REQW5VTN7MARL9B,PRCYL7X0187,2025-01,,,1.0,Customer request waiting response,0.08333333333333333
529,REQTXNEUNT5M5O7,PRCM3ETPDY2,2025-08,,,1.0,Missing documents customer to provide,2.4583333333333335
535,REQ9P9S3MGJ7DZT,PRC988QHOQ3,2025-05,,,1.0,Missing documents customer to provide,61.416666666666664
536,REQM6UU9TX1MYBM,PRCMIX3BZUP,2025-03,,,1.0,System issue retry later,1.875
538,REQ8LX3PCNS87Z8,PRC7MYEV8NS,2025-12,,,2.0,System issue retry later,61.791666666666664
538,REQ8LX3PCNS87Z8,PRC7MYEV8NS,2025-12,,,2.0,System issue retry later,30.875
544,REQ5NPWAYGVIFIZ,PRC8K5HZNLX,2025-09,6.166666666666667,5-7 days,1.0,Underwriting questions review needed,0.16666666666666666
548,REQIP1WJ4MT8XMS,PRCHM6E933Q,2025-03,,,3.0,Customer request waiting response,2.25
548,REQIP1WJ4MT8XMS,PRCHM6E933Q,2025-03,,,3.0,Customer request waiting response,2.5833333333333335
548,REQIP1WJ4MT8XMS,PRCHM6E933Q,2025-03,,,3.0,Customer request waiting response,1.7083333333333333
553,REQH5XVUPH25AKC,PRCLFY0GOGY,2025-10,,,1.0,Payment pending confirm receipt,1.9166666666666667
559,REQOV3YO739QAKN,PRC9PLX5W5K,2025-08,0.6666666666666666,1-4 days,1.0,Underwriting questions review needed,90.875
566,REQKI5MLDIZ98XL,PRCOU2JK7ZN,2025-09,,,1.0,Missing documents customer to provide,1.1666666666666667
571,REQVCCL07OMP166,PRCUN3AZZ53,2025-06,,,1.0,Customer request waiting response,0.375
572,REQ37Q02BK8QKZT,PRCAKMGX08I,2025-11,,,1.0,Underwriting questions review needed,2.8333333333333335
574,REQZKDKNK26X3CF,PRCYC6X1T0E,2025-10,,,3.0,System issue retry later,90.66666666666667
574,REQZKDKNK26X3CF,PRCYC6X1T0E,2025-10,,,3.0,System issue retry later,91.75
574,REQZKDKNK26X3CF,PRCYC6X1T0E,2025-10,,,3.0,System issue retry later,61.416666666666664
576,REQZPZP68370J7P,PRC6XSD92QR,2025-07,,,3.0,System issue retry later,2.9583333333333335
576,REQZPZP68370J7P,PRC6XSD92QR,2025-07,,,3.0,System issue retry later,2.8333333333333335
576,REQZPZP68370J7P,PRC6XSD92QR,2025-07,,,3.0,System issue retry later,1.7083333333333333
577,REQL9EZ36EP2R91,PRC6E7C18DQ,2025-09,,,1.0,Unknown,0.5416666666666666
578,REQ1YOBNHBCCH5S,PRC0KSIR3GQ,2025-02,,,2.0,Payment pending confirm receipt,29.708333333333332
578,REQ1YOBNHBCCH5S,PRC0KSIR3GQ,2025-02,,,2.0,Payment pending confirm receipt,60.333333333333336
579,REQ9PDKDKOVJL21,PRCNZ3HZ3VN,2025-01,,,1.0,Underwriting questions review needed,61.208333333333336
580,REQO3NQYO0YIV8I,PRC46RAN5P8,2025-11,,,1.0,Payment pending confirm receipt,1.9583333333333333
582,REQAF8M3FN2DLQV,PRCK7CFU69P,2025-09,,,2.0,Payment pending confirm receipt,2.3333333333333335
585,REQS5NBT55YOUZD,PRCN33U4NQ3,2025-09,,,1.0,Missing documents customer to provide,2.4583333333333335
589,REQCKACSD2T30P8,PRCLSZTN444,2025-04,,,2.0,Customer request waiting response,30.041666666666668
589,REQCKACSD2T30P8,PRCLSZTN444,2025-04,,,2.0,Customer request waiting response,61.125
592,REQO5A3BVYP9SXP,PRCNHH6RFHH,2025-05,,,2.0,Payment pending confirm receipt,61.0
592,REQO5A3BVYP9SXP,PRCNHH6RFHH,2025-05,,,2.0,Payment pending confirm receipt,60.458333333333336
594,REQLT33ERNYQH5K,PRC50X7TX3U,2025-07,,,1.0,Missing documents customer to provide,2.4583333333333335
596,REQ35P49VZBGK88,PRCA20DUCGD,2025-01,,,1.0,Missing documents customer to provide,1.7083333333333333
597,REQ8EKIH34YBIBH,PRCDJDAU1S3,2025-08,,,2.0,Customer request waiting response,0.75
597,REQ8EKIH34YBIBH,PRCDJDAU1S3,2025-08,,,2.0,Customer request waiting response,89.70833333333333
603,REQQZ5G2FCZY5IS,PRC28TTJSRA,2025-08,,,1.0,Underwriting questions review needed,60.416666666666664
604,REQDJGQDJKN073X,PRCF5QX6GXN,2025-04,,,1.0,Missing documents customer to provide,2.1666666666666665
607,REQHM5AMW6IMKDG,PRC4DG42GPZ,2025-11,,,1.0,Unknown,1.375
611,REQ92O64ZBT2W3A,PRCO2713AER,2025-08,,,1.0,Underwriting questions review needed,30.583333333333332
616,REQE1QMHHOPYB5X,PRC43OFRFO4,2025-03,4.458333333333333,5-7 days,2.0,Underwriting questions review needed,30.458333333333332
616,REQE1QMHHOPYB5X,PRC43OFRFO4,2025-03,4.458333333333333,5-7 days,2.0,Underwriting questions review needed,30.166666666666668
617,REQ6WNUSDKVV1MD,PRCABU0ODKH,2025-06,,,1.0,Underwriting questions review needed,1.9166666666666667
618,REQJ2JGWMZMMKNW,PRC80MDWFO4,2025-12,,,1.0,Unknown,2.75
620,REQL57PLWUWWJUU,PRCHIV7D947,2025-06,,,1.0,Customer request waiting response,1.7916666666666667
621,REQY0RNOAAYXMRJ,PRCLF29VAM0,2025-07,,,1.0,Missing documents customer to provide,59.375
625,REQ06IWP0EO1EQX,PRC3IM7XSXI,2025-03,3.2916666666666665,1-4 days,3.0,Unknown,2.0833333333333335
625,REQ06IWP0EO1EQX,PRC3IM7XSXI,2025-03,3.2916666666666665,1-4 days,3.0,Unknown,1.75
626,REQMGP44DZ208EB,PRCVN2QW8LG,2025-08,,,1.0,Payment pending confirm receipt,31.5
635,REQDFBRE72T4DV8,PRCAAC50JVQ,2025-01,,,2.0,Unknown,2.5416666666666665
635,REQDFBRE72T4DV8,PRCAAC50JVQ,2025-01,,,2.0,Unknown,2.0833333333333335
641,REQRV6RIJU8BTXS,PRCI5T14DUH,2025-03,,,1.0,Payment pending confirm receipt,62.375
643,REQFX2UND496SGF,PRC6O55RD76,2025-07,,,1.0,Underwriting questions review needed,2.875
645,REQ9XF4KEP2WUL1,PRC5UTMMNMS,2025-03,,,1.0,Customer request waiting response,30.75
648,REQIPQBIFTX182W,PRCVU8GEGFL,2025-01,2.9583333333333335,1-4 days,1.0,Missing documents customer to provide,1.0416666666666667
651,REQS4KFQH16MNH7,PRCBC8AFDHG,2025-06,,,3.0,Unknown,2.2916666666666665
651,REQS4KFQH16MNH7,PRCBC8AFDHG,2025-06,,,3.0,Unknown,0.5
651,REQS4KFQH16MNH7,PRCBC8AFDHG,2025-06,,,3.0,Unknown,0.6666666666666666
656,REQKRYW6LE9A1I3,PRCUYL27GHH,2025-07,,,1.0,Payment pending confirm receipt,1.9583333333333333
657,REQ7CM8HCKYLVHY,PRCCV1WVOW6,2025-10,,,1.0,Customer request waiting response,29.791666666666668
660,REQAP98W0FHKW4I,PRC3G4ZQFFK,2025-11,,,1.0,Unknown,2.2083333333333335
662,REQX4LNFB3ZRJ7E,PRC7SMZP34Q,2025-01,,,3.0,System issue retry later,0.9166666666666666
662,REQX4LNFB3ZRJ7E,PRC7SMZP34Q,2025-01,,,3.0,System issue retry later,1.4166666666666667
662,REQX4LNFB3ZRJ7E,PRC7SMZP34Q,2025-01,,,3.0,System issue retry later,0.6666666666666666
669,REQOJUNN1BYTD6N,PRC8B8IDHQM,2025-08,,,2.0,Payment pending confirm receipt,0.625
669,REQOJUNN1BYTD6N,PRC8B8IDHQM,2025-08,,,2.0,Payment pending confirm receipt,3.0
671,REQBQ45AD1YED00,PRCPCUYPAKC,2025-07,,,1.0,Underwriting questions review needed,2.0833333333333335
672,REQNGT8OGH35KM9,PRC59P5SQGQ,2025-11,,,1.0,Unknown,0.9166666666666666
674,REQWA5OZQIOVP1T,PRCFY1TCZGZ,2025-02,,,1.0,Missing documents customer to provide,1.7916666666666667
675,REQZ9546PRTIWLX,PRCGSZCFESC,2025-06,,,1.0,Underwriting questions review needed,2.375
676,REQ8ZK739P5A14M,PRCVUGALT39,2025-02,,,1.0,Unknown,0.9166666666666666
678,REQIJFVTPA7CJ14,PRCV5VOKNOV,2025-07,,,3.0,Unknown,0.16666666666666666
678,REQIJFVTPA7CJ14,PRCV5VOKNOV,2025-07,,,3.0,Unknown,0.6666666666666666
678,REQIJFVTPA7CJ14,PRCV5VOKNOV,2025-07,,,3.0,Unknown,0.7083333333333334
683,REQGIUKJ6Z8MS75,PRC3GC4ZRE0,2025-12,,,3.0,Payment pending confirm receipt,60.916666666666664
683,REQGIUKJ6Z8MS75,PRC3GC4ZRE0,2025-12,,,3.0,Payment pending confirm receipt,1.2083333333333333
683,REQGIUKJ6Z8MS75,PRC3GC4ZRE0,2025-12,,,3.0,Payment pending confirm receipt,0.25
684,REQ6FFEN7OLKFLO,PRC7BGJM5CG,2025-04,,,1.0,Underwriting questions review needed,1.0
685,REQ33MAW8W4CNE1,PRCM9JPBV4W,2025-06,3.5833333333333335,1-4 days,3.0,Underwriting questions review needed,91.54166666666667
685,REQ33MAW8W4CNE1,PRCM9JPBV4W,2025-06,3.5833333333333335,1-4 days,3.0,Underwriting questions review needed,31.0
686,REQ2LA3X5IB3VWL,PRCN3Q6XE9P,2025-04,,,1.0,System issue retry later,0.9583333333333334
687,REQ9T9XIMUU1KSR,PRC0V2G0RM8,2025-05,,,1.0,System issue retry later,1.9583333333333333
688,REQQ96SEN3V8VBR,PRCOLEP2WLN,2025-01,,,1.0,System issue retry later,0.08333333333333333
689,REQDJ4C6EYNCF7B,PRC2RXRRT32,2025-01,,,1.0,Missing documents customer to provide,0.25
690,REQTZP33E82NN6D,PRCSVNYHDGF,2025-08,,,2.0,Missing documents customer to provide,59.041666666666664
690,REQTZP33E82NN6D,PRCSVNYHDGF,2025-08,,,2.0,Missing documents customer to provide,0.125
691,REQ5PP2RQHAMJI8,PRC57C9EFN6,2025-09,4.166666666666667,5-7 days,1.0,Payment pending confirm receipt,30.166666666666668
694,REQQ4UEK4KBNKN4,PRCJDMZY79S,2025-11,,,1.0,System issue retry later,1.4166666666666667
695,REQCPW9O8WU3UF3,PRC9QZYGV5N,2025-01,2.25,1-4 days,1.0,Payment pending confirm receipt,30.916666666666668
696,REQNRMFKY3LUR0H,PRCOOFQ3A8G,2025-01,2.1666666666666665,1-4 days,1.0,Payment pending confirm receipt,2.7083333333333335
697,REQ26ZYSNGLB9HI,PRCJH41HT4N,2025-07,,,1.0,Payment pending confirm receipt,60.416666666666664
700,REQIW3IO1W36COE,PRCOLWGR19H,2025-01,5.583333333333333,5-7 days,1.0,Payment pending confirm receipt,0.041666666666666664
703,REQ9VQUI9UR3SCT,PRCRUAP1BPN,2025-12,,,1.0,Customer request waiting response,91.45833333333333
705,REQ5QCQZBPWAO3C,PRCJ2VZEJ1M,2025-04,,,2.0,Missing documents customer to provide,0.75
705,REQ5QCQZBPWAO3C,PRCJ2VZEJ1M,2025-04,,,2.0,Missing documents customer to provide,0.625
708,REQDJBZ3GJCLSF8,PRCV3PWG99F,2025-05,6.416666666666667,5-7 days,2.0,Payment pending confirm receipt,91.75
708,REQDJBZ3GJCLSF8,PRCV3PWG99F,2025-05,6.416666666666667,5-7 days,2.0,Payment pending confirm receipt,30.0
711,REQMFOZYBBM6S7G,PRC7Z7OEOF9,2025-11,,,1.0,Payment pending confirm receipt,1.6666666666666667
713,REQ2EGTYFIUIJTX,PRCSZC5KSFL,2025-04,,,1.0,Customer request waiting response,0.3333333333333333
714,REQPUXOYW8R8JSI,PRCTYYN43HB,2025-08,,,1.0,Unknown,1.0833333333333333
722,REQN4DXQK6T0DVR,PRC9GYW3UMS,2025-09,9.416666666666666,7+ days,1.0,Unknown,1.875
724,REQ38BCETMJY93I,PRCVX4R0IGA,2025-03,,,1.0,Underwriting questions review needed,0.6666666666666666
726,REQT927WYHA9LAE,PRCOJTQQ1JU,2025-09,1.0833333333333333,1-4 days,1.0,Payment pending confirm receipt,62.541666666666664
728,REQZ1D1OE9QHYKU,PRCP8H47XET,2025-01,,,2.0,Unknown,0.7083333333333334
728,REQZ1D1OE9QHYKU,PRCP8H47XET,2025-01,,,2.0,Unknown,2.5
729,REQO4SSPJ018UIF,PRCRB8XSOMO,2025-04,,,1.0,Customer request waiting response,1.2916666666666667
732,REQK21QM3C0K80A,PRC2JW8YWIK,2025-09,,,2.0,System issue retry later,91.875
733,REQYV9TPZVE9W5E,PRC23C6VC7R,2025-02,,,3.0,Unknown,2.75
733,REQYV9TPZVE9W5E,PRC23C6VC7R,2025-02,,,3.0,Unknown,1.375
733,REQYV9TPZVE9W5E,PRC23C6VC7R,2025-02,,,3.0,Unknown,1.9166666666666667
737,REQZ9U7H2S4PGUR,PRCG0TFLWT1,2025-12,2.4166666666666665,1-4 days,2.0,Payment pending confirm receipt,1.4166666666666667
737,REQZ9U7H2S4PGUR,PRCG0TFLWT1,2025-12,2.4166666666666665,1-4 days,2.0,Payment pending confirm receipt,32.916666666666664
742,REQ3PVEDL8Z0ENV,PRCRGP5ZVHF,2025-11,,,1.0,Unknown,30.75
744,REQ1TR0MZ4ORLVR,PRCOR5TMKFT,2025-11,,,1.0,System issue retry later,30.25
745,REQ92LQH9J4JN6F,PRC1SXT05SU,2025-10,,,1.0,Missing documents customer to provide,61.0
749,REQ21QMRCK2Q44N,PRCHQLNA543,2025-12,6.625,5-7 days,1.0,Customer request waiting response,1.7916666666666667
750,REQFAUTB775L322,PRCGZUYKC5J,2025-09,,,2.0,Missing documents customer to provide,1.9166666666666667
750,REQFAUTB775L322,PRCGZUYKC5J,2025-09,,,2.0,Missing documents customer to provide,1.2083333333333333
752,REQ6PYG695E2H6N,PRC9N7B725Q,2025-08,,,1.0,Missing documents customer to provide,2.8333333333333335
755,REQWIYL1CF9CPLX,PRCEJ0OY0T5,2025-03,1.3333333333333333,1-4 days,2.0,Customer request waiting response,30.583333333333332
755,REQWIYL1CF9CPLX,PRCEJ0OY0T5,2025-03,1.3333333333333333,1-4 days,2.0,Customer request waiting response,90.70833333333333
760,REQGPI36PT1N04Y,PRC6DWKBCC7,2025-07,,,1.0,Payment pending confirm receipt,0.5416666666666666
761,REQFVLS44OMPN7W,PRCL6XGQL8M,2025-06,,,1.0,Unknown,1.2083333333333333
763,REQPPXM1SFNFHOQ,PRCS4KXHUBL,2025-11,,,1.0,Underwriting questions review needed,1.75
764,REQB0KN7LVMLBTW,PRCS3A3BJHM,2025-10,4.166666666666667,5-7 days,3.0,Customer request waiting response,29.791666666666668
764,REQB0KN7LVMLBTW,PRCS3A3BJHM,2025-10,4.166666666666667,5-7 days,3.0,Customer request waiting response,91.20833333333333
766,REQQ4S37KCH9EHN,PRCXVT7KGN8,2025-07,,,1.0,Unknown,60.708333333333336
769,REQ9UVWS7605EZR,PRCTJQV698S,2025-06,7.291666666666667,7+ days,1.0,System issue retry later,30.708333333333332
770,REQ7K2H3C1OMRHG,PRCTN0TA9UG,2025-09,,,1.0,Payment pending confirm receipt,0.9583333333333334
774,REQVFAYQJ839V0C,PRCL6C0Z9LR,2025-08,,,1.0,Unknown,2.3333333333333335
775,REQQGEAJXET6VL8,PRC2U143ZT0,2025-05,,,1.0,Missing documents customer to provide,29.791666666666668
776,REQ9QP0T6GYGXSK,PRCO6N0SNN7,2025-06,,,1.0,System issue retry later,0.9166666666666666
778,REQ2APDBUH3AOOH,PRCNJ95H9ZW,2025-04,,,3.0,Customer request waiting response,0.625
778,REQ2APDBUH3AOOH,PRCNJ95H9ZW,2025-04,,,3.0,Customer request waiting response,1.375
780,REQV9TEV4XCO7YS,PRCM0IT1HGF,2025-07,,,1.0,Unknown,60.708333333333336
783,REQDHFCF0AFJ3U3,PRCV5QGFBCQ,2025-10,,,1.0,Payment pending confirm receipt,2.0833333333333335
785,REQ3UMEG5PCPO8V,PRCCG6NTNCP,2025-01,,,2.0,Missing documents customer to provide,0.5416666666666666
785,REQ3UMEG5PCPO8V,PRCCG6NTNCP,2025-01,,,2.0,Missing documents customer to provide,61.208333333333336
788,REQDE4MZKQAXECE,PRCU2HBGJP5,2025-09,2.125,1-4 days,1.0,Unknown,31.916666666666668
789,REQ22RIOXRCUOZH,PRCQOFAS2SR,2025-12,,,1.0,Missing documents customer to provide,1.375
794,REQRE4Z5XRYWC6W,PRC8PQZWGX0,2025-12,,,2.0,Customer request waiting response,1.4583333333333333
794,REQRE4Z5XRYWC6W,PRC8PQZWGX0,2025-12,,,2.0,Customer request waiting response,58.833333333333336
799,REQLCV8FONOUM4E,PRCYR614DPC,2025-06,,,2.0,System issue retry later,0.6666666666666666
799,REQLCV8FONOUM4E,PRCYR614DPC,2025-06,,,2.0,System issue retry later,2.875
804,REQII0M8ARN7O02,PRCLNT4CJV5,2025-08,,,1.0,System issue retry later,30.416666666666668
806,REQ7YDOHMS4FN8P,PRCY3UX5RW4,2025-08,,,3.0,Customer request waiting response,0.375
806,REQ7YDOHMS4FN8P,PRCY3UX5RW4,2025-08,,,3.0,Customer request waiting response,2.2916666666666665
806,REQ7YDOHMS4FN8P,PRCY3UX5RW4,2025-08,,,3.0,Customer request waiting response,2.375
808,REQU6WFCJODNAGU,PRC4RAT37MH,2025-09,,,1.0,Missing documents customer to provide,1.3333333333333333
812,REQROP48YG5RWWV,PRCB626ZNGV,2025-06,1.5416666666666667,1-4 days,1.0,Unknown,60.291666666666664
815,REQQEC8O270CZPC,PRCOLKSPYVW,2025-02,,,1.0,Payment pending confirm receipt,28.0
819,REQ4TZ9O6J53XUF,PRCETLAP0T9,2025-10,,,1.0,System issue retry later,0.2916666666666667
821,REQ5KGYUW4M97YT,PRCJRV5BWTY,2025-01,1.9583333333333333,1-4 days,2.0,System issue retry later,2.5416666666666665
821,REQ5KGYUW4M97YT,PRCJRV5BWTY,2025-01,1.9583333333333333,1-4 days,2.0,System issue retry later,2.6666666666666665
822,REQ7IF7KDLSGRPP,PRC4EVYVOJX,2025-03,,,1.0,Customer request waiting response,0.6666666666666666
824,REQFO25QX4S00FQ,PRCQ96NLACY,2025-08,10.041666666666666,7+ days,1.0,Payment pending confirm receipt,1.75
826,REQV5BALQZD6VOG,PRCYRDIJH82,2025-07,,,3.0,Missing documents customer to provide,1.1666666666666667
826,REQV5BALQZD6VOG,PRCYRDIJH82,2025-07,,,3.0,Missing documents customer to provide,1.0
826,REQV5BALQZD6VOG,PRCYRDIJH82,2025-07,,,3.0,Missing documents customer to provide,1.4583333333333333
830,REQ3FC77URF7ACI,PRCWAI7YWE5,2025-03,,,1.0,Payment pending confirm receipt,60.666666666666664
832,REQ8FZ6DAHGHDAR,PRC0BGLNJQL,2025-08,,,1.0,Underwriting questions review needed,0.5416666666666666
834,REQAENN36DWF1AP,PRCNNHEPWCW,2025-09,,,3.0,Underwriting questions review needed,1.5
834,REQAENN36DWF1AP,PRCNNHEPWCW,2025-09,,,3.0,Underwriting questions review needed,2.0833333333333335
834,REQAENN36DWF1AP,PRCNNHEPWCW,2025-09,,,3.0,Underwriting questions review needed,0.7916666666666666
836,REQXOA7M81C0NH0,PRC29BF0K70,2025-01,2.5833333333333335,1-4 days,1.0,System issue retry later,0.08333333333333333
838,REQ95590J1XZS15,PRC9JZFYJFP,2025-10,,,1.0,Unknown,0.16666666666666666
845,REQS7UWDEDK45DX,PRC4BW0ZLVY,2025-12,,,1.0,Underwriting questions review needed,0.9166666666666666
848,REQPAMCIMHS7UPU,PRCUN839ON5,2025-05,,,2.0,Payment pending confirm receipt,1.9583333333333333
851,REQ6BD5V7OJTZ7A,PRCDCLTFS39,2025-03,,,1.0,Payment pending confirm receipt,2.0833333333333335
853,REQN0ZH7TIS53HG,PRC7XCC5AR5,2025-09,3.5416666666666665,1-4 days,1.0,Unknown,0.9166666666666666
862,REQ496279LRW4RK,PRCXL3E67CU,2025-07,,,1.0,Unknown,0.20833333333333334
866,REQSJLUMTXBMAI7,PRCGAQ3SPZQ,2025-06,,,1.0,Missing documents customer to provide,61.916666666666664
867,REQIYKK6XGL75F5,PRC3U2WMXQT,2025-08,,,1.0,Payment pending confirm receipt,61.458333333333336
868,REQZ5EYZMIIS2L7,PRCXFDN2JZP,2025-06,,,1.0,Underwriting questions review needed,2.5
869,REQ2DV2YE4FMB7E,PRCL4LQJLAX,2025-11,,,1.0,Underwriting questions review needed,91.16666666666667
873,REQKGSNC0PKBBM1,PRCB4J217I2,2025-02,,,2.0,Customer request waiting response,31.458333333333332
873,REQKGSNC0PKBBM1,PRCB4J217I2,2025-02,,,2.0,Customer request waiting response,30.75
876,REQKB2EIBBFS1ZF,PRCI3XQ1TLM,2025-04,2.0833333333333335,1-4 days,1.0,Underwriting questions review needed,28.041666666666668
879,REQT5FWC2RS8NOK,PRC2Y5PNB2K,2025-12,,,1.0,Missing documents customer to provide,0.5833333333333334
888,REQ1OCSSB8Z2NZ3,PRCPJ1NGHYJ,2025-01,,,1.0,Underwriting questions review needed,31.458333333333332
896,REQ0X5CSN0ZMPBH,PRCWHDD437J,2025-04,,,1.0,Customer request waiting response,91.91666666666667
903,REQNXLXL39OSR3Z,PRC1AN90SJN,2025-12,,,1.0,Unknown,0.75
904,REQEPYH8UU4BIBF,PRCZ6IADSMR,2025-11,,,1.0,Customer request waiting response,0.4583333333333333
907,REQ76URCQS2Z2O7,PRCM66DT6JM,2025-05,,,1.0,Missing documents customer to provide,2.625
908,REQWUHON3R84AFF,PRC07D1A5XQ,2025-10,5.166666666666667,5-7 days,2.0,Missing documents customer to provide,0.041666666666666664
908,REQWUHON3R84AFF,PRC07D1A5XQ,2025-10,5.166666666666667,5-7 days,2.0,Missing documents customer to provide,30.208333333333332
909,REQL370AZJBF2HB,PRC0RWB9A31,2025-12,,,1.0,Customer request waiting response,2.4166666666666665
912,REQRIVEIBESCJ4K,PRCA6YFDQP6,2025-08,,,1.0,Payment pending confirm receipt,1.875
913,REQHGZIVDFIYT04,PRC7SBMFP9Q,2025-04,,,2.0,Payment pending confirm receipt,61.083333333333336
913,REQHGZIVDFIYT04,PRC7SBMFP9Q,2025-04,,,2.0,Payment pending confirm receipt,61.291666666666664
915,REQ2H1LHLUL487B,PRCTQ0TYREO,2025-04,4.041666666666667,5-7 days,1.0,System issue retry later,90.66666666666667
917,REQICQG21E0Y7HP,PRCCA4URE6R,2025-12,,,1.0,Missing documents customer to provide,2.375
918,REQ5ZAB158UML3J,PRCZ56SR203,2025-11,,,1.0,Payment pending confirm receipt,29.875
919,REQBE7AVES9Z6E1,PRC92V0PKQU,2025-05,9.041666666666666,7+ days,1.0,Underwriting questions review needed,2.625
920,REQRAY9Z63JCVG9,PRC10ANO31T,2025-10,,,1.0,Customer request waiting response,0.7083333333333334
922,REQGTGBOD7DAAQH,PRC7EXGBWZD,2025-10,2.2083333333333335,1-4 days,1.0,Missing documents customer to provide,1.0
923,REQFWAZDTMGXZPR,PRCK6W61ZSE,2025-10,,,1.0,Payment pending confirm receipt,1.4166666666666667
924,REQ34866JQ3I0HG,PRCJG3705L5,2025-06,,,1.0,Customer request waiting response,0.8333333333333334
925,REQTSW9LE36I8ZZ,PRCPQPKGK9G,2025-10,4.291666666666667,5-7 days,2.0,Underwriting questions review needed,1.2083333333333333
925,REQTSW9LE36I8ZZ,PRCPQPKGK9G,2025-10,4.291666666666667,5-7 days,2.0,Underwriting questions review needed,0.9166666666666666
926,REQZCYF9KNSTRG8,PRCSQNZNSHX,2025-07,,,1.0,Unknown,61.166666666666664
927,REQSPARLWEKZ2TM,PRCN3I3QYK0,2025-01,,,1.0,Payment pending confirm receipt,61.041666666666664
930,REQN6J5KHFB4MCT,PRCW8ZI7NVI,2025-11,,,1.0,Missing documents customer to provide,29.791666666666668
932,REQH6W9D6SN65CI,PRC7OC20W75,2025-04,,,1.0,System issue retry later,2.625
936,REQEKKIVM6VPNKJ,PRC8UN6M7TA,2025-08,,,1.0,Missing documents customer to provide,30.791666666666668
937,REQ99N6ISVK2LL9,PRCY402CO35,2025-03,,,1.0,Payment pending confirm receipt,1.8333333333333333
938,REQCO33YEID9ECW,PRCEFF4O3XH,2025-01,,,1.0,Underwriting questions review needed,1.9166666666666667
943,REQ4SCTX3CU8MYP,PRCHLKM6344,2025-11,,,1.0,Payment pending confirm receipt,1.625
944,REQQOOST5WJ08VO,PRCE6YLFGNH,2025-05,,,1.0,Payment pending confirm receipt,0.5
947,REQEHA050ZU8RZL,PRCQOAEANHQ,2025-12,,,1.0,Underwriting questions review needed,0.625
950,REQKT8NOMTTU2B1,PRC5E36529Z,2025-10,,,1.0,System issue retry later,0.5416666666666666
953,REQQWQCMXNG02AT,PRC1HMYSAZU,2025-04,,,2.0,Customer request waiting response,2.8333333333333335
953,REQQWQCMXNG02AT,PRC1HMYSAZU,2025-04,,,2.0,Customer request waiting response,0.8333333333333334
955,REQSJ4Z617T3LUQ,PRCLSCIMWV9,2025-04,,,1.0,Unknown,58.666666666666664
959,REQ7CR5XUDDMY9W,PRCGNU97CFD,2025-02,,,3.0,Missing documents customer to provide,2.2083333333333335
959,REQ7CR5XUDDMY9W,PRCGNU97CFD,2025-02,,,3.0,Missing documents customer to provide,91.70833333333333
959,REQ7CR5XUDDMY9W,PRCGNU97CFD,2025-02,,,3.0,Missing documents customer to provide,0.3333333333333333
966,REQ6GSWLAF0ROMQ,PRCJIC9PCUR,2025-09,,,1.0,Unknown,91.91666666666667
969,REQMW4OKBIJPJ4L,PRCM27IFJQ8,2025-03,,,1.0,Missing documents customer to provide,2.4166666666666665
971,REQFVLMUMN1EZLI,PRCXGT2PWH2,2025-12,,,1.0,Missing documents customer to provide,30.541666666666668
972,REQ7F6I1O18CWFJ,PRCIF4E86AQ,2025-07,4.541666666666667,5-7 days,1.0,Unknown,88.41666666666667
977,REQA84CWN6UDLL2,PRC3L2XQ5VO,2025-03,,,2.0,Unknown,2.4166666666666665
978,REQS7LK5I4GBY7R,PRCHE5X5FQ5,2025-05,,,1.0,Underwriting questions review needed,0.041666666666666664
980,REQIPRDMY611VHO,PRCVLSB1IPF,2025-05,,,3.0,Customer request waiting response,31.291666666666668
980,REQIPRDMY611VHO,PRCVLSB1IPF,2025-05,,,3.0,Customer request waiting response,88.66666666666667
980,REQIPRDMY611VHO,PRCVLSB1IPF,2025-05,,,3.0,Customer request waiting response,0.08333333333333333
981,REQLCBI2TKT8HIE,PRC892IWRCU,2025-11,2.7083333333333335,1-4 days,1.0,Underwriting questions review needed,61.25
985,REQ9XF75O71CXT0,PRCNJ3A83Y6,2025-11,,,1.0,Underwriting questions review needed,0.7083333333333334
987,REQTWQTF1WQ1MBN,PRCXAKFMRU5,2025-01,,,3.0,Unknown,31.041666666666668
987,REQTWQTF1WQ1MBN,PRCXAKFMRU5,2025-01,,,3.0,Unknown,27.708333333333332
987,REQTWQTF1WQ1MBN,PRCXAKFMRU5,2025-01,,,3.0,Unknown,30.416666666666668
996,REQY77SE7FRZIER,PRCRFD81087,2025-03,3.0833333333333335,1-4 days,1.0,Payment pending confirm receipt,61.541666666666664
998,REQ39ME6UZOFMDP,PRCKR9HCYHJ,2025-10,,,3.0,Payment pending confirm receipt,1.6666666666666667
998,REQ39ME6UZOFMDP,PRCKR9HCYHJ,2025-10,,,3.0,Payment pending confirm receipt,30.583333333333332
1002,REQRQR4VCGZ7W3F,PRCJ51DFL52,2025-02,,,2.0,Unknown,0.9166666666666666
1002,REQRQR4VCGZ7W3F,PRCJ51DFL52,2025-02,,,2.0,Unknown,2.0416666666666665
1003,REQNSD85CSK52N2,PRCBDR5S56V,2025-10,8.375,7+ days,2.0,Unknown,60.708333333333336
1004,REQY8VC0J3KLGM7,PRC3PWS0I48,2025-08,,,1.0,Underwriting questions review needed,0.375
1008,REQ8JHHJZP4ELNI,PRCP7FZBBY8,2025-03,10.041666666666666,7+ days,1.0,Missing documents customer to provide,1.9166666666666667
1009,REQSBDGVQOLPW7M,PRCYA8AD9DZ,2025-04,7.958333333333333,7+ days,1.0,Customer request waiting response,0.7083333333333334
1010,REQNTJQNELZVLDU,PRCD92OQEJZ,2025-11,,,2.0,System issue retry later,1.9583333333333333
1010,REQNTJQNELZVLDU,PRCD92OQEJZ,2025-11,,,2.0,System issue retry later,0.875
1013,REQ8EQCMI8ZW81W,PRCODUBCV02,2025-12,,,1.0,System issue retry later,0.041666666666666664
1015,REQY8TM4J3PPEC8,PRCROOJIO47,2025-08,,,1.0,Underwriting questions review needed,0.9166666666666666
1018,REQ471AX5CN44WC,PRC6FOECRYC,2025-09,,,1.0,Payment pending confirm receipt,1.5833333333333333
1019,REQ7ZWMHZJIOQCB,PRCB3IKEZ7E,2025-09,,,1.0,Unknown,91.41666666666667
1022,REQ6496ZQ5EK79M,PRCGMSYY81T,2025-08,,,1.0,Missing documents customer to provide,1.6666666666666667
1023,REQ6CU3LDRDSZGN,PRCPYMTY669,2025-08,,,1.0,Underwriting questions review needed,0.5416666666666666
1027,REQTYJOVO8A6Z9V,PRC22QE6MFR,2025-01,,,1.0,Underwriting questions review needed,0.3333333333333333
1028,REQUVRF43RLRQQB,PRCO8NM7L08,2025-12,3.25,1-4 days,1.0,Unknown,61.666666666666664
1029,REQL04U6RPXQTRG,PRCSEGVE7XR,2025-05,3.9166666666666665,1-4 days,1.0,System issue retry later,27.166666666666668
1033,REQ9V2DSA3SK2CZ,PRC7PIZCS9W,2025-11,,,1.0,System issue retry later,1.7083333333333333
1035,REQD2UT4ZWWBH5N,PRCD4Z2P4XB,2025-11,1.7916666666666667,1-4 days,2.0,System issue retry later,2.9583333333333335
1035,REQD2UT4ZWWBH5N,PRCD4Z2P4XB,2025-11,1.7916666666666667,1-4 days,2.0,System issue retry later,2.1666666666666665
1040,REQH00XY467E5YV,PRCNVZZKK2I,2025-02,,,2.0,Missing documents customer to provide,1.7916666666666667
1040,REQH00XY467E5YV,PRCNVZZKK2I,2025-02,,,2.0,Missing documents customer to provide,0.3333333333333333
1041,REQMWMG22KBK1LW,PRCCOA34125,2025-05,3.875,1-4 days,1.0,Missing documents customer to provide,0.25
1042,REQFWKJXF5NOU79,PRC6Z4KC37L,2025-05,,,1.0,System issue retry later,1.0416666666666667
1044,REQCCZWTT8KK7WS,PRC4GTL1E40,2025-05,,,3.0,Customer request waiting response,31.041666666666668
1044,REQCCZWTT8KK7WS,PRC4GTL1E40,2025-05,,,3.0,Customer request waiting response,0.2916666666666667
1044,REQCCZWTT8KK7WS,PRC4GTL1E40,2025-05,,,3.0,Customer request waiting response,29.958333333333332
1048,REQ1UAOQXCIP9AN,PRC6EBPQ8R4,2025-09,,,3.0,Customer request waiting response,2.5416666666666665
1048,REQ1UAOQXCIP9AN,PRC6EBPQ8R4,2025-09,,,3.0,Customer request waiting response,88.83333333333333
1050,REQ2KJHNHJXB8Q8,PRCCV72XKMY,2025-01,,,1.0,Missing documents customer to provide,2.2083333333333335
1054,REQ2WNXJKQNEZSV,PRC6KQHSCQF,2025-07,,,1.0,Customer request waiting response,0.4583333333333333
1056,REQ6HDKB3BX4870,PRCEW6L1RKM,2025-07,1.8333333333333333,1-4 days,1.0,Underwriting questions review needed,27.875
1058,REQP35R31Z14A1B,PRC5GSQM84K,2025-02,,,3.0,Unknown,1.375
1058,REQP35R31Z14A1B,PRC5GSQM84K,2025-02,,,3.0,Unknown,2.625
1058,REQP35R31Z14A1B,PRC5GSQM84K,2025-02,,,3.0,Unknown,0.5833333333333334
1062,REQ0CXRE2YRUK2A,PRC480LXPGW,2025-01,2.6666666666666665,1-4 days,1.0,Unknown,0.4583333333333333
1064,REQ4EXERTAOK31V,PRC7278ZAG9,2025-03,,,1.0,Customer request waiting response,61.916666666666664
1065,REQT5G7331MY4TO,PRCR6WLK634,2025-06,,,1.0,Missing documents customer to provide,1.0
1066,REQRAVH0ZQPLWAO,PRCYHMLE6CX,2025-03,,,2.0,Underwriting questions review needed,61.125
1066,REQRAVH0ZQPLWAO,PRCYHMLE6CX,2025-03,,,2.0,Underwriting questions review needed,60.75
1067,REQ0Q66DXUSVLE9,PRCSPG7QNS3,2025-01,,,2.0,System issue retry later,2.875
1067,REQ0Q66DXUSVLE9,PRCSPG7QNS3,2025-01,,,2.0,System issue retry later,1.75
1068,REQ944K51B3LK6J,PRC52AN0B81,2025-03,,,1.0,Customer request waiting response,0.875
1073,REQWZ1DW0SFM0M3,PRCW2JXWV8K,2025-09,,,2.0,Missing documents customer to provide,0.25
1076,REQIY7UM3BU5M3A,PRC7MGKQX96,2025-11,,,2.0,Customer request waiting response,0.20833333333333334
1076,REQIY7UM3BU5M3A,PRC7MGKQX96,2025-11,,,2.0,Customer request waiting response,0.041666666666666664
1080,REQR1R02Z1I9NUB,PRCBWOG5GM5,2025-10,1.2083333333333333,1-4 days,3.0,Payment pending confirm receipt,1.3333333333333333
1080,REQR1R02Z1I9NUB,PRCBWOG5GM5,2025-10,1.2083333333333333,1-4 days,3.0,Payment pending confirm receipt,1.2916666666666667
1080,REQR1R02Z1I9NUB,PRCBWOG5GM5,2025-10,1.2083333333333333,1-4 days,3.0,Payment pending confirm receipt,2.4166666666666665
1084,REQRZ6VJB6MJRKQ,PRCWJAL66H4,2025-01,1.5,1-4 days,1.0,Unknown,0.25
1088,REQCLB8KW1DRFSB,PRCAMZ8G7HW,2025-08,,,1.0,System issue retry later,3.0
1089,REQP9LZEKT60M9M,PRCS3YOZWVE,2025-08,,,1.0,Payment pending confirm receipt,90.54166666666667
1091,REQ3FDE1WHBW70N,PRCZP239NO6,2025-01,,,1.0,System issue retry later,1.5833333333333333
1092,REQCO9JK1PU19OF,PRCY6CDVINI,2025-09,,,1.0,Payment pending confirm receipt,2.9166666666666665
1093,REQAG29UBMN8QGN,PRC438MB2DM,2025-09,,,1.0,Customer request waiting response,2.3333333333333335
1095,REQ1ELST5FN6Q2B,PRCNQMYQAIV,2025-09,4.333333333333333,5-7 days,1.0,Unknown,0.4166666666666667
1096,REQSZQV0PG7P8T9,PRCU9TTP2PA,2025-02,,,1.0,Customer request waiting response,2.5833333333333335
1100,REQFJFCWBK0OS3S,PRC6SAKSLGX,2025-03,,,1.0,System issue retry later,31.0
1101,REQUWA5ON2Z84Y2,PRC9Y5V9NCW,2025-01,,,1.0,Unknown,2.625
1105,REQUISM6FW1WQKK,PRCFA153II3,2025-04,,,1.0,Customer request waiting response,0.7083333333333334
1106,REQFDHKR876XBJ8,PRCFTKGADH2,2025-11,,,1.0,Customer request waiting response,91.91666666666667
1109,REQO6OXAENI984Z,PRCWOETY390,2025-06,,,1.0,System issue retry later,91.95833333333333
1111,REQEXEBL743Z0QM,PRCXB71H1W7,2025-07,6.458333333333333,5-7 days,1.0,Unknown,61.625
1113,REQW3NW7GGDXQPM,PRCG6MZ26SP,2025-02,,,1.0,System issue retry later,0.625
1115,REQHKSEKN3XRDNX,PRC1D0D0QH1,2025-12,,,3.0,Payment pending confirm receipt,61.375
1115,REQHKSEKN3XRDNX,PRC1D0D0QH1,2025-12,,,3.0,Payment pending confirm receipt,0.5416666666666666
1115,REQHKSEKN3XRDNX,PRC1D0D0QH1,2025-12,,,3.0,Payment pending confirm receipt,1.6666666666666667
1117,REQFGC2PUIWPHN0,PRCGAGM2T7S,2025-06,8.166666666666666,7+ days,2.0,System issue retry later,1.4166666666666667
1117,REQFGC2PUIWPHN0,PRCGAGM2T7S,2025-06,8.166666666666666,7+ days,2.0,System issue retry later,2.3333333333333335
1121,REQNAYWR990YA4Z,PRCTMJ4R38O,2025-10,,,1.0,Unknown,60.375
1122,REQL2C9AMRGLTJK,PRCPNVQJT5H,2025-06,,,1.0,Customer request waiting response,91.54166666666667
1126,REQ7RE70PZWLB57,PRCYREUIBF7,2025-05,10.25,7+ days,2.0,Underwriting questions review needed,30.5
1126,REQ7RE70PZWLB57,PRCYREUIBF7,2025-05,10.25,7+ days,2.0,Underwriting questions review needed,31.708333333333332
1131,REQEM0C5IPYLFGB,PRCU18HFAPI,2025-03,4.041666666666667,5-7 days,1.0,Customer request waiting response,90.875
1133,REQYYFJT7JTZSS7,PRCLLVPYZ82,2025-10,7.791666666666667,7+ days,3.0,Missing documents customer to provide,0.2916666666666667
1133,REQYYFJT7JTZSS7,PRCLLVPYZ82,2025-10,7.791666666666667,7+ days,3.0,Missing documents customer to provide,91.54166666666667
1133,REQYYFJT7JTZSS7,PRCLLVPYZ82,2025-10,7.791666666666667,7+ days,3.0,Missing documents customer to provide,30.791666666666668
1134,REQ8P2F6EHXFLEC,PRC23OK9SZI,2025-02,,,1.0,Unknown,1.4166666666666667
1139,REQHZFD14GBWHAA,PRCDWVZP0J3,2025-04,,,1.0,Missing documents customer to provide,2.7916666666666665
1140,REQFJJF1VZ6I41L,PRC6M5ZFGAQ,2025-02,,,1.0,System issue retry later,0.20833333333333334
1142,REQ1F11BYUMNSBL,PRCN6AC3QCK,2025-03,8.291666666666666,7+ days,1.0,Missing documents customer to provide,0.7916666666666666
1143,REQSEMNBD6DUKN4,PRCVQPQYD26,2025-11,3.9583333333333335,1-4 days,1.0,Payment pending confirm receipt,1.7083333333333333
1145,REQKOY23GNLUC12,PRCZRVIMFUN,2025-05,3.4166666666666665,1-4 days,1.0,System issue retry later,0.7916666666666666
1150,REQ8I23E9V9ULMN,PRCB6IM8EAA,2025-02,,,1.0,Unknown,1.875
1161,REQQQRR17ZWBDNX,PRCU4QRD1UB,2025-05,,,1.0,Unknown,1.7916666666666667
1164,REQ7WW1VYU2QYCB,PRCKP3U5JDX,2025-08,,,1.0,Missing documents customer to provide,2.5416666666666665
1167,REQKQ0MYNJDBJX3,PRCXM0R1XA6,2025-05,,,1.0,Payment pending confirm receipt,61.75
1168,REQ1S6MBI6X7PA5,PRCVGLSWTV4,2025-03,3.25,1-4 days,3.0,Underwriting questions review needed,29.25
1168,REQ1S6MBI6X7PA5,PRCVGLSWTV4,2025-03,3.25,1-4 days,3.0,Underwriting questions review needed,0.5
1168,REQ1S6MBI6X7PA5,PRCVGLSWTV4,2025-03,3.25,1-4 days,3.0,Underwriting questions review needed,2.125
1173,REQGIWAOQ3ZVE5C,PRCWNSTWUBB,2025-09,0.4583333333333333,1-4 days,1.0,Missing documents customer to provide,0.5416666666666666
1175,REQSSVY9HWOZ6RT,PRCPYWI0UP9,2025-03,,,1.0,Payment pending confirm receipt,1.75
1181,REQL7JF80TM2P84,PRCPTPGNFKZ,2025-10,,,3.0,Payment pending confirm receipt,1.5833333333333333
1181,REQL7JF80TM2P84,PRCPTPGNFKZ,2025-10,,,3.0,Payment pending confirm receipt,31.583333333333332
1181,REQL7JF80TM2P84,PRCPTPGNFKZ,2025-10,,,3.0,Payment pending confirm receipt,91.83333333333333
1185,REQWCPG4MXLPZAO,PRCFDUD2FQU,2025-03,8.833333333333334,7+ days,1.0,Customer request waiting response,0.3333333333333333
1190,REQ402S3FP637VB,PRCVUPTHKHD,2025-07,,,1.0,Payment pending confirm receipt,1.25
1192,REQEDA0O0JFCI8M,PRCZGRUDHYG,2025-11,,,1.0,Payment pending confirm receipt,1.625
1193,REQB7AWDGQ6XQ0A,PRCUC17IXQV,2025-12,,,1.0,Unknown,0.375
1194,REQP3I5GN3ZKCKL,PRCN5X3RF7L,2025-02,,,1.0,Underwriting questions review needed,61.25
1195,REQK846LFM9NFT6,PRC7OEBHGJA,2025-10,,,1.0,Underwriting questions review needed,0.6666666666666666
1196,REQ2E9G4UC1R10J,PRCASDWSNYC,2025-03,,,1.0,System issue retry later,61.708333333333336
1198,REQ5GYG13U5JV7P,PRC63XGWIX3,2025-12,,,1.0,System issue retry later,2.0
1200,REQ9604QLSDH8WT,PRC9ORQ6CN4,2025-03,,,2.0,Underwriting questions review needed,2.75
1200,REQ9604QLSDH8WT,PRC9ORQ6CN4,2025-03,,,2.0,Underwriting questions review needed,0.08333333333333333
1201,REQBZDRKDXGDPCJ,PRCDQ79C0XI,2025-08,,,1.0,System issue retry later,0.3333333333333333
1202,REQRUM8S6MCZMK4,PRC66CXIOYC,2025-05,,,1.0,Underwriting questions review needed,1.4583333333333333
1208,REQZ5IF738JSQLZ,PRC2779Y2I1,2025-03,,,1.0,Unknown,61.041666666666664
1210,REQNFW6YEY8A504,PRCGVTG3DXC,2025-04,2.9166666666666665,1-4 days,1.0,Missing documents customer to provide,0.4166666666666667
1211,REQB95NVXY8II3L,PRCCHYHDC05,2025-12,,,1.0,Missing documents customer to provide,2.9583333333333335
1212,REQYFKYFM68GYBA,PRCXJS4TO5Y,2025-10,6.458333333333333,5-7 days,3.0,Unknown,0.25
1212,REQYFKYFM68GYBA,PRCXJS4TO5Y,2025-10,6.458333333333333,5-7 days,3.0,Unknown,1.4583333333333333
1212,REQYFKYFM68GYBA,PRCXJS4TO5Y,2025-10,6.458333333333333,5-7 days,3.0,Unknown,1.2083333333333333
1214,REQ7M2YQ1SYLK1L,PRCFLJTKEKL,2025-02,,,1.0,Missing documents customer to provide,0.625
1217,REQDQLAROVDFD48,PRCJUOONKA4,2025-02,,,1.0,Unknown,91.91666666666667
1219,REQMGKBAUGGHI3B,PRCL3GXRI0G,2025-05,,,1.0,Underwriting questions review needed,1.5416666666666667
1222,REQSYLNRV1N36D9,PRCZ550JDO4,2025-02,,,2.0,Unknown,88.29166666666667
1225,REQFQR2Z4YVX1UR,PRC87F2VGSB,2025-05,,,1.0,Customer request waiting response,2.2083333333333335
1227,REQVPSDCPFDTPUI,PRCH38BKTNN,2025-06,,,3.0,Unknown,58.5
1227,REQVPSDCPFDTPUI,PRCH38BKTNN,2025-06,,,3.0,Unknown,60.5
1228,REQCWPAO7BYP7F1,PRCV243IZX7,2025-08,,,1.0,Missing documents customer to provide,91.625
1229,REQ1VK7I2B2K6C5,PRCKJMRR4FS,2025-04,,,2.0,System issue retry later,89.5
1232,REQG8VXATA1NWTN,PRC42ZLOKU2,2025-03,,,1.0,System issue retry later,30.125
1235,REQ9WIMOVLP2RSY,PRCEVTYB19S,2025-02,5.041666666666667,5-7 days,1.0,System issue retry later,0.5
1236,REQUF5LXCZ6YZNV,PRCOI8NQEWD,2025-06,6.666666666666667,5-7 days,1.0,Underwriting questions review needed,1.875
1237,REQ65YZ5XEJGSFV,PRCSHAD7DEZ,2025-11,,,1.0,Payment pending confirm receipt,2.2916666666666665
1241,REQQ7G21OAZUJ6F,PRCZREIQ0CK,2025-06,6.0,5-7 days,2.0,Unknown,30.708333333333332
1241,REQQ7G21OAZUJ6F,PRCZREIQ0CK,2025-06,6.0,5-7 days,2.0,Unknown,88.79166666666667
1244,REQ38JY36LXC53U,PRCQB1S226I,2025-06,,,2.0,Payment pending confirm receipt,0.5416666666666666
1245,REQ6PFMT952KVUH,PRCIQTPP57K,2025-01,,,1.0,Missing documents customer to provide,3.0
1247,REQA4DDKMHS9SJF,PRCN2ESH463,2025-12,2.9583333333333335,1-4 days,3.0,Unknown,28.75
1247,REQA4DDKMHS9SJF,PRCN2ESH463,2025-12,2.9583333333333335,1-4 days,3.0,Unknown,30.041666666666668
1247,REQA4DDKMHS9SJF,PRCN2ESH463,2025-12,2.9583333333333335,1-4 days,3.0,Unknown,30.958333333333332
1249,REQA25OKB4HY5UD,PRCIL6L8S81,2025-05,9.208333333333334,7+ days,1.0,Customer request waiting response,2.5
1253,REQIELY1PRMOEX4,PRCQE07OJVT,2025-05,,,1.0,Customer request waiting response,2.3333333333333335
1254,REQRVXDBDFXWU0W,PRCO3THG8J0,2025-01,6.041666666666667,5-7 days,1.0,Unknown,1.5
1256,REQI1VLPPPI926O,PRCSE2E86A4,2025-08,6.083333333333333,5-7 days,1.0,Customer request waiting response,61.083333333333336
1257,REQVD8826OBJR13,PRCSX62ZKTZ,2025-11,,,1.0,Missing documents customer to provide,31.625
1260,REQRDRILMD6LIMM,PRCNCTWMFMS,2025-06,,,1.0,Payment pending confirm receipt,2.8333333333333335
1263,REQT1EDPBRDJUU5,PRC2HDXKECL,2025-08,,,1.0,Missing documents customer to provide,61.0
1264,REQMV5C0OUCH3PV,PRCY1Q5MLNK,2025-07,,,1.0,Unknown,61.041666666666664
1266,REQ1FL3MHBJQF77,PRCM66DAFMN,2025-01,,,1.0,Customer request waiting response,0.625
1267,REQVB8TP2M9TWR3,PRCUWMNM806,2025-09,,,2.0,Missing documents customer to provide,30.791666666666668
1267,REQVB8TP2M9TWR3,PRCUWMNM806,2025-09,,,2.0,Missing documents customer to provide,30.0
1271,REQYUOQJUOXF9TR,PRC2AL2K5UL,2025-07,,,1.0,System issue retry later,1.6666666666666667
1272,REQUI8SZJKHVKTP,PRCW00N6LWH,2025-09,3.5416666666666665,1-4 days,1.0,Payment pending confirm receipt,2.6666666666666665
1273,REQ2G3QE69PMOXV,PRCOWA5VR6A,2025-10,4.291666666666667,5-7 days,1.0,System issue retry later,60.708333333333336
1275,REQ1MJXU0CH8CBT,PRCK896970S,2025-06,,,2.0,Missing documents customer to provide,0.9583333333333334
1275,REQ1MJXU0CH8CBT,PRCK896970S,2025-06,,,2.0,Missing documents customer to provide,1.1666666666666667
1276,REQAXU98L1KFRGL,PRCCRO18A12,2025-01,,,3.0,Underwriting questions review needed,0.625
1276,REQAXU98L1KFRGL,PRCCRO18A12,2025-01,,,3.0,Underwriting questions review needed,0.5833333333333334
1276,REQAXU98L1KFRGL,PRCCRO18A12,2025-01,,,3.0,Underwriting questions review needed,2.7916666666666665
1278,REQ7S6RQIWQAV8P,PRC24BF1J14,2025-03,,,1.0,Unknown,60.958333333333336
1280,REQ7JICJQBMJSX2,PRC4YGCH8ZT,2025-02,,,1.0,System issue retry later,2.5833333333333335
1284,REQ3HAWZRFZOZJ3,PRCMF8DXD8D,2025-04,,,1.0,Underwriting questions review needed,91.0
1286,REQU0VXQHXVGUVX,PRC5DXPX2OO,2025-12,,,1.0,Customer request waiting response,0.8333333333333334
1287,REQGY6L3A5MTGR2,PRC4V4LWVHY,2025-09,,,1.0,Unknown,1.0833333333333333
1288,REQAQ3TQMYH2UCA,PRCPZ2TU7HA,2025-03,6.041666666666667,5-7 days,1.0,System issue retry later,59.0
1293,REQTT8I21LMJOJ1,PRCBOCV063C,2025-02,,,1.0,Underwriting questions review needed,2.625
1297,REQK9P9V2C0W90P,PRC32MKV2U3,2025-04,,,1.0,Missing documents customer to provide,2.125
1299,REQK7LW0QL1QWZ2,PRCRCDR1064,2025-11,,,2.0,Underwriting questions review needed,92.0
1299,REQK7LW0QL1QWZ2,PRCRCDR1064,2025-11,,,2.0,Underwriting questions review needed,31.583333333333332
1300,REQDN0N9IN1YPVZ,PRCLTTKG1L4,2025-05,,,1.0,Customer request waiting response,2.0833333333333335
1304,REQKBL97FB1A8FH,PRCJHM178KV,2025-11,,,2.0,Underwriting questions review needed,0.5833333333333334
1304,REQKBL97FB1A8FH,PRCJHM178KV,2025-11,,,2.0,Underwriting questions review needed,2.9166666666666665
1307,REQYXZC0076H6KG,PRCZACCTI2M,2025-04,,,1.0,Missing documents customer to provide,0.041666666666666664
1309,REQYJAGRES7T987,PRCNSUH4W8F,2025-11,8.541666666666666,7+ days,1.0,System issue retry later,1.6666666666666667
1310,REQFBXQ1MK85VSD,PRC1P3BZUK7,2025-02,,,3.0,Payment pending confirm receipt,1.3333333333333333
1310,REQFBXQ1MK85VSD,PRC1P3BZUK7,2025-02,,,3.0,Payment pending confirm receipt,1.7083333333333333
1310,REQFBXQ1MK85VSD,PRC1P3BZUK7,2025-02,,,3.0,Payment pending confirm receipt,0.625
1311,REQDNQ13EH435SU,PRCAXRL3R8K,2025-08,,,1.0,Customer request waiting response,60.458333333333336
1315,REQP1FVCDB01BQP,PRCPO4JQPD5,2025-04,,,1.0,Missing documents customer to provide,0.5
1317,REQYKDOQUM040X7,PRCJO32RUXJ,2025-04,,,1.0,Missing documents customer to provide,2.2916666666666665
1318,REQYAHKIJXY9K4S,PRCTTN4VFUI,2025-03,,,2.0,Missing documents customer to provide,0.6666666666666666
1318,REQYAHKIJXY9K4S,PRCTTN4VFUI,2025-03,,,2.0,Missing documents customer to provide,0.375
1320,REQ9FMTLHAJIUPJ,PRCFKY1JYLX,2025-07,10.833333333333334,7+ days,1.0,Payment pending confirm receipt,1.4583333333333333
1321,REQMMT6JS9UNAIC,PRCXP26GIV2,2025-08,,,3.0,Customer request waiting response,30.75
1321,REQMMT6JS9UNAIC,PRCXP26GIV2,2025-08,,,3.0,Customer request waiting response,0.5
1322,REQU3K7AS4SR71V,PRCWOWRJLHC,2025-01,,,1.0,Underwriting questions review needed,30.333333333333332
1323,REQ61EWS8GJC7RH,PRCE15R3F05,2025-08,,,1.0,System issue retry later,61.25
1324,REQ3A64BU7CPZF5,PRCHCVUIEP9,2025-04,,,1.0,Unknown,3.0
1325,REQN0K8ABLNHZA8,PRCI20K7YT6,2025-06,,,2.0,Customer request waiting response,91.75
1325,REQN0K8ABLNHZA8,PRCI20K7YT6,2025-06,,,2.0,Customer request waiting response,60.833333333333336
1332,REQGJWG5E2UCT54,PRC9SJYZS1X,2025-08,,,1.0,Customer request waiting response,91.29166666666667
1333,REQ788A8FMXXCNG,PRC0BCFMKLS,2025-05,4.458333333333333,5-7 days,2.0,System issue retry later,1.4166666666666667
1334,REQX8ABFINO8SKP,PRCD85XN5AP,2025-09,1.9583333333333333,1-4 days,1.0,Payment pending confirm receipt,91.25
1337,REQQKUM3G0L9HL5,PRC8WK6EKPO,2025-05,,,3.0,Underwriting questions review needed,61.083333333333336
1337,REQQKUM3G0L9HL5,PRC8WK6EKPO,2025-05,,,3.0,Underwriting questions review needed,0.4166666666666667
1337,REQQKUM3G0L9HL5,PRC8WK6EKPO,2025-05,,,3.0,Underwriting questions review needed,31.208333333333332
1341,REQ1YF74W49N6EC,PRCGSTCAK4P,2025-07,5.708333333333333,5-7 days,1.0,Payment pending confirm receipt,27.958333333333332
1342,REQSDUNFZDFEALW,PRCX50TH4X8,2025-09,,,1.0,Missing documents customer to provide,1.4583333333333333
1349,REQV2UUPVI2CEMA,PRC62GXRD2M,2025-02,8.0,7+ days,1.0,Unknown,59.583333333333336
1350,REQL4GFM2XIM9OQ,PRCZ35SLJFB,2025-04,,,1.0,Underwriting questions review needed,1.2083333333333333
1352,REQ1Y9J6WQRHAMZ,PRC3B9U8AWZ,2025-12,,,2.0,System issue retry later,0.3333333333333333
1352,REQ1Y9J6WQRHAMZ,PRC3B9U8AWZ,2025-12,,,2.0,System issue retry later,32.708333333333336
1361,REQB5NX98N3XMQN,PRCPAE397KQ,2025-06,5.416666666666667,5-7 days,1.0,Underwriting questions review needed,0.4583333333333333
1363,REQSHSF9RNGB6AD,PRCOWGM9V0G,2025-03,,,1.0,Payment pending confirm receipt,1.4166666666666667
1365,REQ4D3I7V5OHQ6Z,PRCP4JWXWEB,2025-10,,,1.0,Missing documents customer to provide,31.375
1366,REQ74C7362XLQA1,PRCMBT347Y1,2025-12,6.333333333333333,5-7 days,2.0,Unknown,1.9583333333333333
1366,REQ74C7362XLQA1,PRCMBT347Y1,2025-12,6.333333333333333,5-7 days,2.0,Unknown,1.625
1369,REQR2OAC1A73EDX,PRCPXWAAKLY,2025-03,7.583333333333333,7+ days,1.0,Customer request waiting response,2.125
1374,REQVKIKX2WI9VXE,PRCNRJL9IAW,2025-03,,,1.0,Unknown,2.1666666666666665
1375,REQ53FRPFYTTU4W,PRCYPHKNISW,2025-12,,,1.0,Payment pending confirm receipt,0.375
1378,REQ914J6D7NJD48,PRC8PKWXGYB,2025-08,,,1.0,Missing documents customer to provide,1.9583333333333333
1381,REQXXZ06VOOK9LW,PRCTJO295F6,2025-10,,,1.0,System issue retry later,2.4166666666666665
1384,REQSTUCI2QTTEZ1,PRC8VB8K5VU,2025-08,,,1.0,Unknown,0.5
1385,REQBK4Q4AXIA9LM,PRC46PJBO6D,2025-06,2.2916666666666665,1-4 days,1.0,Unknown,30.541666666666668
1386,REQ7PI54LMFDUTT,PRCWUSE855P,2025-06,3.3333333333333335,1-4 days,1.0,Missing documents customer to provide,0.2916666666666667
1387,REQ65UFYJ88F7JP,PRCEU94ZT69,2025-09,,,3.0,Customer request waiting response,0.7916666666666666
1387,REQ65UFYJ88F7JP,PRCEU94ZT69,2025-09,,,3.0,Customer request waiting response,1.875
1387,REQ65UFYJ88F7JP,PRCEU94ZT69,2025-09,,,3.0,Customer request waiting response,0.6666666666666666
1388,REQ0LX4RYCMQTRE,PRC36VGJKP9,2025-07,,,1.0,Payment pending confirm receipt,0.2916666666666667
1391,REQL8HBCKR5QZ6Q,PRC24LUJN26,2025-07,,,3.0,Customer request waiting response,3.0
1391,REQL8HBCKR5QZ6Q,PRC24LUJN26,2025-07,,,3.0,Customer request waiting response,0.25
1396,REQK96RXDG9H4MR,PRCXXHQL1LV,2025-05,,,1.0,Missing documents customer to provide,2.4166666666666665
1397,REQ57PHOXDM15H8,PRCKZ2P4VWR,2025-02,,,1.0,Payment pending confirm receipt,62.125
1398,REQVFPCLFNN4208,PRC1RY05VOW,2025-07,,,2.0,Underwriting questions review needed,30.208333333333332
1398,REQVFPCLFNN4208,PRC1RY05VOW,2025-07,,,2.0,Underwriting questions review needed,60.708333333333336
1400,REQW41ZVQ558JWQ,PRC2V1QS7JS,2025-04,,,2.0,Unknown,90.95833333333333
1400,REQW41ZVQ558JWQ,PRC2V1QS7JS,2025-04,,,2.0,Unknown,1.1666666666666667
1403,REQIVMCBBQGTJ06,PRCJ6VCJ5Y8,2025-02,,,1.0,Payment pending confirm receipt,0.25
1405,REQ4FEUUAV9LHYZ,PRCDRHQ8WTR,2025-10,,,2.0,Payment pending confirm receipt,1.0416666666666667
1405,REQ4FEUUAV9LHYZ,PRCDRHQ8WTR,2025-10,,,2.0,Payment pending confirm receipt,1.9166666666666667
1406,REQ9R0LFTGZV0I6,PRC4FXFR1AU,2025-12,,,1.0,Customer request waiting response,30.583333333333332
1408,REQV9FOIXESC1EK,PRCIAD1VNLP,2025-10,,,1.0,Missing documents customer to provide,31.166666666666668
1410,REQ1CNRMNK8D05E,PRCMVHTT5XQ,2025-05,,,1.0,Customer request waiting response,61.0
1411,REQR1UMYMG11663,PRCN2YUVOCR,2025-11,,,1.0,Customer request waiting response,0.5
1419,REQUGRG4MHF7CT5,PRCNRGYMF5C,2025-10,5.458333333333333,5-7 days,1.0,System issue retry later,27.375
1422,REQ7TY1BKQY7I22,PRCCP87LNH8,2025-01,,,2.0,Customer request waiting response,324.75
1422,REQ7TY1BKQY7I22,PRCCP87LNH8,2025-01,,,2.0,Customer request waiting response,1.2083333333333333
1427,REQBL8KKOBDDAV8,PRCAKPROF6M,2025-08,,,1.0,Unknown,60.625
1428,REQ67TGO5H58NBM,PRCJECCKX0K,2025-06,,,1.0,Missing documents customer to provide,1.7916666666666667
1431,REQBT4IN5ZHN84J,PRCT5YPZPYZ,2025-11,5.458333333333333,5-7 days,1.0,System issue retry later,2.8333333333333335
1432,REQY7WGH8YMABDO,PRC1PVZ7R7O,2025-03,,,1.0,Unknown,2.7083333333333335
1434,REQ2LZML6PAKGUW,PRCHACORFSH,2025-08,,,3.0,Payment pending confirm receipt,0.041666666666666664
1434,REQ2LZML6PAKGUW,PRCHACORFSH,2025-08,,,3.0,Payment pending confirm receipt,30.541666666666668
1434,REQ2LZML6PAKGUW,PRCHACORFSH,2025-08,,,3.0,Payment pending confirm receipt,31.666666666666668
1435,REQXLL8EZM2XG8Y,PRCF3S50C1R,2025-06,,,1.0,Unknown,1.0
1437,REQ3Q7ZZMQSI7VS,PRCCM8ZQ0EE,2025-04,,,1.0,System issue retry later,1.25
1440,REQ2SJ09EUUENND,PRCF1UUSM1V,2025-04,,,1.0,Payment pending confirm receipt,1.3333333333333333
1441,REQ11HRT8Y0Z4UO,PRC7D16TTXM,2025-02,,,1.0,Underwriting questions review needed,0.5
1442,REQD3K3GA28HL1T,PRCBOWWMH5B,2025-02,,,1.0,Unknown,0.9583333333333334
1444,REQ8F8FLI95EEY3,PRCG6GZ788Q,2025-09,1.5416666666666667,1-4 days,1.0,Underwriting questions review needed,0.4583333333333333
1447,REQ6ET9F48C0D89,PRC686KGRZ2,2025-02,,,2.0,Payment pending confirm receipt,1.2083333333333333
1448,REQPD1GSS5K5E6S,PRCUMBR57ZG,2025-06,,,1.0,Unknown,31.416666666666668
1452,REQLTE4OY4K3G72,PRCUZHJJKUQ,2025-11,,,2.0,Underwriting questions review needed,0.6666666666666666
1452,REQLTE4OY4K3G72,PRCUZHJJKUQ,2025-11,,,2.0,Underwriting questions review needed,1.5
1455,REQ0GYCCFZVAF4M,PRCL7MAED8L,2025-03,,,1.0,System issue retry later,1.9166666666666667
1459,REQGCJWEPZPRTMK,PRC4D1CXY4T,2025-01,,,1.0,Missing documents customer to provide,0.20833333333333334
1460,REQW3JH2LZROVD5,PRCEYI8K8RR,2025-08,,,1.0,Unknown,1.75
1461,REQBSCSX1TNYWPU,PRCVVJQ4130,2025-03,,,1.0,System issue retry later,2.125
1465,REQ98FXKOP8CXDL,PRC7NQQACIO,2025-08,,,1.0,System issue retry later,1.125
1467,REQ49W8718QC7U3,PRCY9V69WNC,2025-12,,,1.0,Customer request waiting response,61.083333333333336
1469,REQYNSYCKKQC2X3,PRCD47PHNGN,2025-11,,,2.0,Unknown,90.83333333333333
1469,REQYNSYCKKQC2X3,PRCD47PHNGN,2025-11,,,2.0,Unknown,2.7083333333333335
1470,REQNQ8OB4DAVT34,PRCTDK5WNGV,2025-01,,,1.0,Customer request waiting response,2.625
1472,REQQ16OVA533UQU,PRCQVMCEXZ1,2025-10,,,1.0,Missing documents customer to provide,0.75
1475,REQIJNAMW8HDUZF,PRC8TRKPCP1,2025-09,,,2.0,Payment pending confirm receipt,0.4583333333333333
1476,REQJGFAE6EDJUZN,PRCQ3SKSRZG,2025-05,,,1.0,Unknown,29.958333333333332
1480,REQP5REIFXQ2E1V,PRCAXWC477Z,2025-11,,,1.0,Underwriting questions review needed,1.2916666666666667
1484,REQM2R3ZRUFYKXY,PRCVUYB14GJ,2025-06,,,1.0,System issue retry later,1.4583333333333333
1487,REQQW3WMD2NQ37R,PRCWSQBS9TB,2025-10,,,1.0,Underwriting questions review needed,1.75
1489,REQM9G0R0A9EKPD,PRCHFZJXD5Y,2025-06,1.125,1-4 days,2.0,Missing documents customer to provide,91.5
1489,REQM9G0R0A9EKPD,PRCHFZJXD5Y,2025-06,1.125,1-4 days,2.0,Missing documents customer to provide,90.20833333333333
1491,REQ686YW2WUVVV4,PRCGWELJ07K,2025-02,1.3333333333333333,1-4 days,2.0,Underwriting questions review needed,61.25
1492,REQQ52B6M0WVHNH,PRCRC86QA3D,2025-05,,,1.0,Payment pending confirm receipt,2.6666666666666665
1496,REQ1557WPDOKCGW,PRC3Y1UAORV,2025-08,,,3.0,Underwriting questions review needed,0.375
1496,REQ1557WPDOKCGW,PRC3Y1UAORV,2025-08,,,3.0,Underwriting questions review needed,1.75
1496,REQ1557WPDOKCGW,PRC3Y1UAORV,2025-08,,,3.0,Underwriting questions review needed,0.5416666666666666
1507,REQFLZJUL0PE5ZJ,PRCBTKQULW4,2025-04,,,1.0,Payment pending confirm receipt,0.16666666666666666
1510,REQRZA2CNWDB4J7,PRCD1K6KI0M,2025-04,1.7916666666666667,1-4 days,1.0,Payment pending confirm receipt,1.0416666666666667
1511,REQU2WD0F3DHOKE,PRC7W82MF30,2025-12,7.166666666666667,7+ days,1.0,System issue retry later,1.0
1512,REQ44V6QN9O61XH,PRCIPRSBBNR,2025-08,,,1.0,Missing documents customer to provide,31.125
1514,REQA2S11UTLAVZA,PRCGFNEMGRX,2025-03,,,2.0,Unknown,1.9166666666666667
1514,REQA2S11UTLAVZA,PRCGFNEMGRX,2025-03,,,2.0,Unknown,0.5416666666666666
1517,REQ8OGHGT1QDV4J,PRC42Z2MZX9,2025-09,,,1.0,Unknown,3.0
1523,REQR3GQZ4TFJ36R,PRCVMGQKV3Z,2025-02,,,1.0,Customer request waiting response,90.625
1525,REQMKQ482MOS2WW,PRCSJE1I3L3,2025-05,,,1.0,Customer request waiting response,1.0416666666666667
1526,REQVIDP3FWJ8HT5,PRCKB80NUPZ,2025-01,,,1.0,Unknown,29.166666666666668
1528,REQPU5V0W4TQ41T,PRCMDDYNHF7,2025-06,,,1.0,Payment pending confirm receipt,2.3333333333333335
1530,REQQFNOLLB84G40,PRCL6C2TRZV,2025-10,4.166666666666667,5-7 days,1.0,Underwriting questions review needed,2.6666666666666665
1536,REQ3OMPA295WUH2,PRCP9XB2JG9,2025-04,,,1.0,Missing documents customer to provide,0.5416666666666666
1539,REQSK8KNTVSOUE8,PRCPE88DWTB,2025-01,4.916666666666667,5-7 days,1.0,System issue retry later,61.291666666666664
1540,REQSVK5MD377U01,PRCIG45UOS9,2025-05,1.625,1-4 days,2.0,Underwriting questions review needed,0.25
1540,REQSVK5MD377U01,PRCIG45UOS9,2025-05,1.625,1-4 days,2.0,Underwriting questions review needed,0.7083333333333334
1543,REQ43DO71EAD414,PRC8D2YMNKW,2025-08,8.0,7+ days,1.0,Underwriting questions review needed,0.5
1547,REQRUVRQ5VBANJH,PRCBHAD117L,2025-09,,,1.0,Missing documents customer to provide,1.0416666666666667
1550,REQJUBTTOLQ8JU7,PRCNTQUZJ6Q,2025-12,,,1.0,Customer request waiting response,61.125
1551,REQB6XYHY16O5X1,PRCF2ILHJG3,2025-10,,,1.0,System issue retry later,3.0
1552,REQTZT30SG3Y67J,PRCPF1FANR5,2025-01,,,1.0,Underwriting questions review needed,2.75
1553,REQYCVB7VNJAEXK,PRCUGN9KNQK,2025-08,5.375,5-7 days,1.0,Payment pending confirm receipt,1.7916666666666667
1556,REQ6VJ4JR013LO0,PRCX8SG1J68,2025-11,,,1.0,Payment pending confirm receipt,1.5416666666666667
1557,REQSE4IF0DKO5PS,PRCUPO01P1V,2025-01,,,1.0,Missing documents customer to provide,30.666666666666668
1559,REQL2H2NBTV1FRP,PRCNE7EWNN6,2025-11,,,1.0,System issue retry later,91.83333333333333
1560,REQJJOWTQB7T3W5,PRC8CA9LB0L,2025-10,,,1.0,System issue retry later,58.416666666666664
1561,REQ1GAEH04BSNH7,PRCSSEN4KG2,2025-01,6.5,5-7 days,1.0,System issue retry later,91.95833333333333
1568,REQ2BN0J4F8WIZY,PRC91D0AKAY,2025-11,,,1.0,System issue retry later,2.7083333333333335
1571,REQYJBO4YZTII43,PRCL3AX28XT,2025-05,6.583333333333333,5-7 days,1.0,Missing documents customer to provide,2.0833333333333335
1573,REQSHFIJK4UR0M7,PRC9RK2LCLL,2025-10,,,1.0,Customer request waiting response,2.7083333333333335
1577,REQFKOX574IPTJV,PRCZUM65OLF,2025-07,3.9583333333333335,1-4 days,3.0,Underwriting questions review needed,1.125
1577,REQFKOX574IPTJV,PRCZUM65OLF,2025-07,3.9583333333333335,1-4 days,3.0,Underwriting questions review needed,2.5
1577,REQFKOX574IPTJV,PRCZUM65OLF,2025-07,3.9583333333333335,1-4 days,3.0,Underwriting questions review needed,0.5416666666666666
1589,REQ0N80HOY9YKY4,PRCZ1769VJD,2025-01,,,2.0,Missing documents customer to provide,1.9583333333333333
1590,REQTPJ3BEA4DX3O,PRCYB4PNFQL,2025-12,,,1.0,Customer request waiting response,1.5833333333333333
1591,REQSCIGKRCHRK39,PRC0GW0KRPM,2025-02,,,1.0,Customer request waiting response,1.4166666666666667
1593,REQDVQHO55UWMP0,PRCN35N2EK2,2025-05,,,1.0,Payment pending confirm receipt,1.125
1600,REQTKUUC0JE25C6,PRCC1V1KW6M,2025-03,,,1.0,Customer request waiting response,31.5
1603,REQA22SLIFMU5EG,PRCJW3AMBJB,2025-08,6.875,5-7 days,1.0,Unknown,2.5833333333333335
1604,REQO5EYVD6LTPKZ,PRCUZMSGQVI,2025-09,,,1.0,Payment pending confirm receipt,1.375
1605,REQ2IN6WLMML2T8,PRCBT5D2VGS,2025-02,,,1.0,Missing documents customer to provide,0.5416666666666666
1607,REQYZA6JT981VWS,PRCRGFB4954,2025-10,,,1.0,Unknown,61.0
1609,REQIXWOZHNDP3JX,PRCTBDIRT1P,2025-08,8.166666666666666,7+ days,1.0,Payment pending confirm receipt,30.916666666666668
1610,REQNDLOKISNDO67,PRCVCJCAKWA,2025-01,,,2.0,Underwriting questions review needed,1.875
1610,REQNDLOKISNDO67,PRCVCJCAKWA,2025-01,,,2.0,Underwriting questions review needed,31.125
1611,REQU97SJX20BNWI,PRC8P93HGTA,2025-07,,,1.0,Missing documents customer to provide,1.1666666666666667
1612,REQECG5T2X7WWKU,PRCZGE9WU5Z,2025-04,,,1.0,Payment pending confirm receipt,0.7083333333333334
1613,REQGKGWUXLN36X9,PRCKEJ8NEIX,2025-12,,,1.0,Payment pending confirm receipt,2.5
1615,REQCDO05MX1DDHJ,PRCIJJLYQ8I,2025-02,,,1.0,Payment pending confirm receipt,91.25
1617,REQKC0YH6YOJMW1,PRCA9EKQ8UX,2025-04,,,1.0,System issue retry later,3.0
1620,REQHOSHD1Y4EQKX,PRCM5BKI6DX,2025-11,,,1.0,Unknown,0.041666666666666664
1623,REQHDZXZ7A4EM4L,PRCAS0RV6TZ,2025-02,,,1.0,Unknown,0.2916666666666667
1625,REQ2X0ULWMP8TX2,PRCG1E3TXDL,2025-07,3.4583333333333335,1-4 days,1.0,Customer request waiting response,2.5
1626,REQVE91U8APRTM4,PRCWGKKW99P,2025-03,,,1.0,Customer request waiting response,28.958333333333332
1634,REQ0N2ODJS2C33Q,PRCREW8XI7M,2025-05,,,1.0,Payment pending confirm receipt,0.625
1638,REQX4OL8H9ZB7MQ,PRCL4KL4PK4,2025-11,6.625,5-7 days,1.0,Unknown,0.041666666666666664
1642,REQOL9LUMT24PSY,PRC40AV2H0W,2025-10,1.8333333333333333,1-4 days,1.0,Missing documents customer to provide,1.1666666666666667
1643,REQT8G3L98TQBW4,PRC4FMP5UQU,2025-04,,,1.0,Payment pending confirm receipt,0.75
1644,REQ38HV41LK8SS2,PRC3HSWRGJD,2025-11,,,1.0,Missing documents customer to provide,2.3333333333333335
1645,REQKFONYG793TAP,PRCP2N3FDRC,2025-09,,,2.0,Underwriting questions review needed,1.8333333333333333
1645,REQKFONYG793TAP,PRCP2N3FDRC,2025-09,,,2.0,Underwriting questions review needed,1.4583333333333333
1647,REQHQM4XNGFYKJM,PRCK6SS24UE,2025-08,3.4166666666666665,1-4 days,1.0,Payment pending confirm receipt,31.291666666666668
1655,REQGLIIJ3856VUK,PRCDUJD4XOF,2025-07,,,1.0,Missing documents customer to provide,0.25
1656,REQ65PP4KJF8ZQW,PRCBV8ZTPI3,2025-09,6.583333333333333,5-7 days,3.0,Missing documents customer to provide,31.0
1656,REQ65PP4KJF8ZQW,PRCBV8ZTPI3,2025-09,6.583333333333333,5-7 days,3.0,Missing documents customer to provide,60.5
1657,REQH2MI6SB6RXW5,PRCW1WOPG35,2025-10,,,1.0,Missing documents customer to provide,1.9583333333333333
1660,REQPZW70UKKIB1S,PRCBY6JHOUL,2025-09,,,1.0,Customer request waiting response,91.75
1662,REQ5UR2TKRPFGTW,PRCH2CZRUPT,2025-08,,,1.0,Missing documents customer to provide,0.16666666666666666
1663,REQM5LF2WFMTMY4,PRCDQP7ACAK,2025-01,,,1.0,Customer request waiting response,61.375
1669,REQLO9LQQKFKZE9,PRCTPYGTWOD,2025-02,,,1.0,Customer request waiting response,90.83333333333333
1672,REQ6RW3RQMZL1DA,PRC2I36LMEQ,2025-08,,,3.0,Unknown,0.20833333333333334
1672,REQ6RW3RQMZL1DA,PRC2I36LMEQ,2025-08,,,3.0,Unknown,1.2083333333333333
1676,REQGWOLN8HHE0FC,PRCFNMOMG3E,2025-07,,,2.0,Payment pending confirm receipt,2.2083333333333335
1676,REQGWOLN8HHE0FC,PRCFNMOMG3E,2025-07,,,2.0,Payment pending confirm receipt,1.375
1677,REQU0DHGTTPAESM,PRCK0IS8NXE,2025-01,,,1.0,System issue retry later,0.9583333333333334
1681,REQJ4QX8H5O1NHN,PRCUKJ847WQ,2025-03,,,1.0,Payment pending confirm receipt,30.25
1687,REQA2OJ7KGJYORU,PRCD1BYTKNS,2025-04,3.375,1-4 days,2.0,Payment pending confirm receipt,1.5833333333333333
1687,REQA2OJ7KGJYORU,PRCD1BYTKNS,2025-04,3.375,1-4 days,2.0,Payment pending confirm receipt,0.6666666666666666
1688,REQNE1SSVV3TJSG,PRCG9HDZNTJ,2025-01,3.1666666666666665,1-4 days,1.0,Missing documents customer to provide,30.416666666666668
1689,REQUQ3RYCEQ0QRA,PRC9T81A9FW,2025-06,,,2.0,Missing documents customer to provide,2.7083333333333335
1689,REQUQ3RYCEQ0QRA,PRC9T81A9FW,2025-06,,,2.0,Missing documents customer to provide,0.6666666666666666
1691,REQ24PYNAH9EDMC,PRCXUWIT0OW,2025-04,,,1.0,Underwriting questions review needed,0.9166666666666666
1693,REQF201F6X0K0OD,PRCV7YP8U3D,2025-01,,,1.0,Missing documents customer to provide,2.4166666666666665
1699,REQZUVRVVJ30TQW,PRCISB03F3W,2025-08,,,1.0,Underwriting questions review needed,0.25
1701,REQ59LDPPTBAVHU,PRC7FB2MGA1,2025-12,,,1.0,Customer request waiting response,60.916666666666664
1705,REQXD5EBL5QBVFS,PRCLS2UXGCS,2025-07,,,2.0,Missing documents customer to provide,2.4583333333333335
1706,REQC4CYPFGST3UR,PRC5K5YK6UU,2025-02,,,1.0,Unknown,1.3333333333333333
1707,REQLDPXM6E0CZV1,PRCDRSJGUYS,2025-08,,,1.0,Payment pending confirm receipt,61.333333333333336
1711,REQAK4W6SV2LF0O,PRCH2Q44OJ9,2025-03,2.1666666666666665,1-4 days,1.0,Unknown,91.625
1714,REQ62C6W45WCNXK,PRCODCXP54T,2025-06,,,1.0,Customer request waiting response,2.875
1716,REQYUE5SD143KXJ,PRCZN52XRER,2025-08,1.7916666666666667,1-4 days,2.0,Underwriting questions review needed,62.333333333333336
1716,REQYUE5SD143KXJ,PRCZN52XRER,2025-08,1.7916666666666667,1-4 days,2.0,Underwriting questions review needed,31.541666666666668
1718,REQFJIY1E9223D8,PRC9WCI268X,2025-12,4.583333333333333,5-7 days,2.0,Customer request waiting response,0.5833333333333334
1718,REQFJIY1E9223D8,PRC9WCI268X,2025-12,4.583333333333333,5-7 days,2.0,Customer request waiting response,1.3333333333333333
1719,REQRXTIIWRS1NLA,PRCN3EX1S86,2025-08,,,1.0,Underwriting questions review needed,2.3333333333333335
1720,REQ74QWPRDE5TIQ,PRC654GHEXM,2025-02,,,1.0,Payment pending confirm receipt,0.9166666666666666
1721,REQV4KH7WW2FB6S,PRCM9Q2J49G,2025-03,,,2.0,Unknown,1.0
1721,REQV4KH7WW2FB6S,PRCM9Q2J49G,2025-03,,,2.0,Unknown,0.5416666666666666
1723,REQ1SKJU3MITFRZ,PRCDFXZJ84Q,2025-06,,,1.0,System issue retry later,2.6666666666666665
1724,REQWFACSIV70UOQ,PRCA8NW4A4M,2025-10,,,1.0,Payment pending confirm receipt,1.375
1725,REQQ3ADA5Z06690,PRCS0310PJH,2025-03,,,2.0,System issue retry later,60.25
1725,REQQ3ADA5Z06690,PRCS0310PJH,2025-03,,,2.0,System issue retry later,0.75
1726,REQUFJPNFH49ETJ,PRCGK37LSVR,2025-01,,,1.0,Payment pending confirm receipt,1.875
1728,REQHX58MERZ51RN,PRCLQ5JVYRZ,2025-01,,,2.0,Missing documents customer to provide,2.5416666666666665
1728,REQHX58MERZ51RN,PRCLQ5JVYRZ,2025-01,,,2.0,Missing documents customer to provide,0.625
1729,REQ9JUA0EDT8Q27,PRCPESBUM0L,2025-12,,,1.0,Missing documents customer to provide,2.9166666666666665
1733,REQOI54AA7MZ8RN,PRCZPORACMY,2025-05,4.375,5-7 days,1.0,Payment pending confirm receipt,0.7083333333333334
1734,REQ95G6UFLJ1KLA,PRCKRJL5KE1,2025-04,6.041666666666667,5-7 days,1.0,Missing documents customer to provide,91.75
1735,REQC5CRNUFZPNVW,PRC3BVRE5K4,2025-05,,,2.0,System issue retry later,0.20833333333333334
1735,REQC5CRNUFZPNVW,PRC3BVRE5K4,2025-05,,,2.0,System issue retry later,61.083333333333336
1737,REQ5VKN98K8TU7B,PRC3IM5C3TY,2025-09,,,1.0,Payment pending confirm receipt,2.375
1741,REQ0G2Z6ZHATT9B,PRCWQLB645W,2025-06,2.4166666666666665,1-4 days,1.0,System issue retry later,30.875
1742,REQ8I53AB6PK9PU,PRCGJBVQY31,2025-06,,,1.0,System issue retry later,1.5
1746,REQZ60BEXJC9LVE,PRC81EBKQVJ,2025-03,6.916666666666667,5-7 days,1.0,Underwriting questions review needed,0.125
1751,REQYPNNOYKOIXW5,PRCPDD7BO5O,2025-01,,,1.0,System issue retry later,2.7083333333333335
1752,REQJLU858UAE0FU,PRCCI1Z825V,2025-12,,,1.0,Customer request waiting response,1.5833333333333333
1757,REQNXFV0FUG7LQI,PRCRKH1RRWF,2025-12,,,2.0,Missing documents customer to provide,2.3333333333333335
1757,REQNXFV0FUG7LQI,PRCRKH1RRWF,2025-12,,,2.0,Missing documents customer to provide,2.0833333333333335
1758,REQX8AV5SRUZY1J,PRCGUSHOQQW,2025-06,3.7083333333333335,1-4 days,3.0,Underwriting questions review needed,2.75
1758,REQX8AV5SRUZY1J,PRCGUSHOQQW,2025-06,3.7083333333333335,1-4 days,3.0,Underwriting questions review needed,1.625
1758,REQX8AV5SRUZY1J,PRCGUSHOQQW,2025-06,3.7083333333333335,1-4 days,3.0,Underwriting questions review needed,1.5833333333333333
1761,REQBPTJ4F5EN3NY,PRC0VH1BOBU,2025-08,,,2.0,Payment pending confirm receipt,61.625
1761,REQBPTJ4F5EN3NY,PRC0VH1BOBU,2025-08,,,2.0,Payment pending confirm receipt,30.833333333333332
1762,REQSX4DFXLJHP9Q,PRCDN1X3DDF,2025-10,,,1.0,Underwriting questions review needed,1.875
1763,REQF52TQNC4HE2N,PRCI65PJRXM,2025-07,0.3333333333333333,1-4 days,2.0,Unknown,1.7083333333333333
1763,REQF52TQNC4HE2N,PRCI65PJRXM,2025-07,0.3333333333333333,1-4 days,2.0,Unknown,0.5833333333333334
1764,REQXOF49RG0BZ3R,PRCH5X3FEK4,2025-01,,,1.0,Underwriting questions review needed,2.4583333333333335
1767,REQY11SY5CS7GJZ,PRCSDX5KJA4,2025-05,9.5,7+ days,1.0,Unknown,1.0
1770,REQ5IW14V4M286H,PRC3QFO7RT7,2025-12,,,1.0,Unknown,27.833333333333332
1772,REQX9DU5DRWZ95S,PRC8C44NZ7H,2025-02,,,3.0,Missing documents customer to provide,60.125
1772,REQX9DU5DRWZ95S,PRC8C44NZ7H,2025-02,,,3.0,Missing documents customer to provide,29.958333333333332
1772,REQX9DU5DRWZ95S,PRC8C44NZ7H,2025-02,,,3.0,Missing documents customer to provide,91.79166666666667
1776,REQO6BB48ME8FX0,PRC9H4T87OE,2025-01,,,2.0,Unknown,0.2916666666666667
1776,REQO6BB48ME8FX0,PRC9H4T87OE,2025-01,,,2.0,Unknown,2.3333333333333335
1777,REQUJIKBKAXMHYC,PRC2UR68XTU,2025-07,,,1.0,System issue retry later,1.25
1782,REQ5UK7LVG6WYCW,PRCID5OMAMY,2025-09,3.0833333333333335,1-4 days,2.0,Underwriting questions review needed,0.2916666666666667
1782,REQ5UK7LVG6WYCW,PRCID5OMAMY,2025-09,3.0833333333333335,1-4 days,2.0,Underwriting questions review needed,1.7083333333333333
1786,REQ0N55O677EDY1,PRCNV11TK7E,2025-01,,,1.0,Customer request waiting response,0.7083333333333334
1787,REQALJ1NEE8M9X5,PRCVWKJW3J6,2025-04,,,1.0,Customer request waiting response,91.95833333333333
1788,REQRDAPM996CYAA,PRCOK7QV3RL,2025-04,,,1.0,Payment pending confirm receipt,0.3333333333333333
1793,REQ3VRQE22HWOPF,PRCJQCMUWJF,2025-03,,,1.0,System issue retry later,1.7916666666666667
1804,REQGWJK5IJ9VQVH,PRCKT7LGXYV,2025-09,,,1.0,System issue retry later,2.7083333333333335
1806,REQ3OB9RNY84MQH,PRC31TKETZ4,2025-03,3.5833333333333335,1-4 days,1.0,Payment pending confirm receipt,1.8333333333333333
1807,REQSD2WWS3W3J98,PRC55LEDQKM,2025-11,3.875,1-4 days,1.0,Underwriting questions review needed,2.3333333333333335
1810,REQDV928A0H00I3,PRC0A3NDCEX,2025-07,,,1.0,Missing documents customer to provide,0.08333333333333333
1812,REQL23RWWAGEI5P,PRCQQWWBBZR,2025-01,14.375,7+ days,1.0,Payment pending confirm receipt,60.416666666666664
1814,REQZPHCJIVNI23V,PRC2ZOWRFT9,2025-08,,,2.0,Underwriting questions review needed,91.5
1814,REQZPHCJIVNI23V,PRC2ZOWRFT9,2025-08,,,2.0,Underwriting questions review needed,60.666666666666664
1824,REQDQVBO0K2SW1N,PRCP1V1VT69,2025-04,,,2.0,Customer request waiting response,0.5416666666666666
1824,REQDQVBO0K2SW1N,PRCP1V1VT69,2025-04,,,2.0,Customer request waiting response,30.708333333333332
1825,REQA33DKG7AGU2R,PRCNTLXKCEK,2025-09,3.2083333333333335,1-4 days,3.0,Missing documents customer to provide,60.791666666666664
1825,REQA33DKG7AGU2R,PRCNTLXKCEK,2025-09,3.2083333333333335,1-4 days,3.0,Missing documents customer to provide,2.0416666666666665
1825,REQA33DKG7AGU2R,PRCNTLXKCEK,2025-09,3.2083333333333335,1-4 days,3.0,Missing documents customer to provide,0.2916666666666667
1826,REQYNLQ39SCUC1L,PRC39GKKZHO,2025-01,,,2.0,Customer request waiting response,0.5416666666666666
1826,REQYNLQ39SCUC1L,PRC39GKKZHO,2025-01,,,2.0,Customer request waiting response,0.9166666666666666
1828,REQ2BTS3HGYTM7W,PRCEZE0VPCW,2025-11,,,1.0,System issue retry later,1.375
1829,REQJ7DNH8X2AYMI,PRCSIXL5L5F,2025-08,,,1.0,Payment pending confirm receipt,1.125
1835,REQAPII8WHA729R,PRCYLY5I5DD,2025-07,5.5,5-7 days,1.0,Payment pending confirm receipt,2.6666666666666665
1842,REQ3MNYQUMEQN8R,PRC154MX404,2025-08,,,1.0,Underwriting questions review needed,0.125
1844,REQHJN69EBWU53I,PRCHV2ZQ5YF,2025-05,,,1.0,Underwriting questions review needed,30.125
1847,REQOT1NF3E5FOMU,PRCNEMZ5FCG,2025-10,,,1.0,Customer request waiting response,60.25
1848,REQT0TB81NLMHDA,PRCZ0SC9F93,2025-07,,,1.0,Unknown,0.125
1850,REQR7WTH008JSH0,PRC7N6FQN30,2025-10,,,1.0,Customer request waiting response,2.875
1859,REQ6573SYOH0I5Y,PRCJ25MF3ZR,2025-08,,,2.0,Payment pending confirm receipt,60.75
1859,REQ6573SYOH0I5Y,PRCJ25MF3ZR,2025-08,,,2.0,Payment pending confirm receipt,60.791666666666664
1861,REQ3YDSD9OHERG6,PRC6PGWVPEG,2025-02,4.291666666666667,5-7 days,1.0,Underwriting questions review needed,0.20833333333333334
1863,REQL2PIHTP8V6WU,PRCZ22W8U1X,2025-08,,,1.0,Missing documents customer to provide,2.8333333333333335
1865,REQ4TOFHF69GJFX,PRCNI4XTA77,2025-01,,,3.0,System issue retry later,60.75
1865,REQ4TOFHF69GJFX,PRCNI4XTA77,2025-01,,,3.0,System issue retry later,30.583333333333332
1865,REQ4TOFHF69GJFX,PRCNI4XTA77,2025-01,,,3.0,System issue retry later,0.08333333333333333
1866,REQ90TQ9V5K3DMR,PRC0ZA77U74,2025-11,,,2.0,Customer request waiting response,2.0416666666666665
1866,REQ90TQ9V5K3DMR,PRC0ZA77U74,2025-11,,,2.0,Customer request waiting response,1.0833333333333333
1868,REQETLY7NXF6VHN,PRC2V61E7CE,2025-09,,,1.0,Missing documents customer to provide,1.5416666666666667
1869,REQA7XVCXSGF093,PRCK42N7FFA,2025-03,6.875,5-7 days,1.0,Customer request waiting response,2.0
1875,REQ68PB60FLIKYT,PRCW494KODJ,2025-03,,,1.0,Unknown,2.6666666666666665
1876,REQ9J5BLJ55QMDN,PRCFU2HK01H,2025-08,,,1.0,Unknown,2.0833333333333335
1877,REQ5XKILPZ18O8S,PRCTHHEAI7V,2025-09,3.2083333333333335,1-4 days,2.0,Underwriting questions review needed,0.16666666666666666
1877,REQ5XKILPZ18O8S,PRCTHHEAI7V,2025-09,3.2083333333333335,1-4 days,2.0,Underwriting questions review needed,91.75
1881,REQVJDQRH67UWIF,PRCJ83FXVT7,2025-10,,,2.0,Customer request waiting response,31.833333333333332
1882,REQDU0W76AKEV1Q,PRCR5QE9XSO,2025-07,,,3.0,Payment pending confirm receipt,58.708333333333336
1882,REQDU0W76AKEV1Q,PRCR5QE9XSO,2025-07,,,3.0,Payment pending confirm receipt,60.583333333333336
1883,REQ2XS6F6UVG6UL,PRC4WVVEV1B,2025-07,,,2.0,Underwriting questions review needed,2.6666666666666665
1885,REQB4TPRVNSPNK1,PRCY5AXPU9A,2025-11,1.2083333333333333,1-4 days,2.0,Missing documents customer to provide,1.625
1885,REQB4TPRVNSPNK1,PRCY5AXPU9A,2025-11,1.2083333333333333,1-4 days,2.0,Missing documents customer to provide,1.1666666666666667
1887,REQG1757KI66FOF,PRCFVCJ2KY6,2025-05,,,1.0,Missing documents customer to provide,0.4583333333333333
1898,REQZ76Q4CLV1STW,PRCDNXWC2DM,2025-09,6.333333333333333,5-7 days,2.0,Underwriting questions review needed,61.625
1898,REQZ76Q4CLV1STW,PRCDNXWC2DM,2025-09,6.333333333333333,5-7 days,2.0,Underwriting questions review needed,29.791666666666668
1901,REQ8UABNERW6RDA,PRCM5LV4KEU,2025-02,2.875,1-4 days,1.0,System issue retry later,0.16666666666666666
1904,REQLN4NMG7SRZIX,PRCUJPRBH1I,2025-01,,,1.0,Missing documents customer to provide,29.708333333333332
1907,REQ3ECDBT9TM9NF,PRCAMRRXSXH,2025-06,4.125,5-7 days,1.0,System issue retry later,29.625
1909,REQATMM6BUEU3BZ,PRC17J04A11,2025-08,4.708333333333333,5-7 days,2.0,System issue retry later,0.041666666666666664
1909,REQATMM6BUEU3BZ,PRC17J04A11,2025-08,4.708333333333333,5-7 days,2.0,System issue retry later,0.08333333333333333
1914,REQ4Y7YJCKNDTLT,PRCHVSQ94AF,2025-01,,,1.0,Missing documents customer to provide,1.0
1915,REQZ59C3Z1U58QQ,PRC7KVF5RYO,2025-07,,,1.0,Payment pending confirm receipt,0.5416666666666666
1920,REQS10ONEMMCA2Z,PRCAR1A4Y04,2025-10,5.25,5-7 days,1.0,Missing documents customer to provide,1.5833333333333333
1922,REQRPRFC7CQLD1T,PRCFLXS1HZB,2025-11,,,1.0,Underwriting questions review needed,2.2916666666666665
1923,REQK39D2QH3LJWI,PRC9HRNYJPL,2025-01,,,1.0,Underwriting questions review needed,2.4583333333333335
1928,REQUKV65HBI7B4Y,PRCSYDSN4R8,2025-01,,,1.0,Unknown,0.25
1938,REQBB8780P7NRSH,PRC0OQST4SL,2025-04,,,1.0,Unknown,2.2916666666666665
1939,REQOPQMUCW0OTKT,PRCZNM1QRJ5,2025-05,,,2.0,Customer request waiting response,2.0416666666666665
1939,REQOPQMUCW0OTKT,PRCZNM1QRJ5,2025-05,,,2.0,Customer request waiting response,0.875
1940,REQ9C3ZJBOOSJGM,PRC3DZ75XJU,2025-12,8.875,7+ days,1.0,Unknown,2.875
1941,REQ3Y6WFV9TLG9J,PRCJYMTF0KR,2025-11,2.1666666666666665,1-4 days,1.0,Unknown,0.4166666666666667
1946,REQA4ELJ0R7021I,PRCMBKNVR3Z,2025-06,,,1.0,Payment pending confirm receipt,0.4583333333333333
1948,REQA5H35KO5XHG8,PRCTCJ3RNMV,2025-02,,,1.0,System issue retry later,31.083333333333332
1950,REQZLBWY5WNIR28,PRCMBCXQIPE,2025-10,,,1.0,Unknown,0.875
1956,REQ6LMMSE6ULIXB,PRCJMJ2TTEL,2025-03,3.2916666666666665,1-4 days,1.0,Payment pending confirm receipt,1.4583333333333333
1958,REQVF10PJ3T6WTE,PRC6708I4YH,2025-07,,,3.0,Customer request waiting response,29.541666666666668
1958,REQVF10PJ3T6WTE,PRC6708I4YH,2025-07,,,3.0,Customer request waiting response,91.33333333333333
1958,REQVF10PJ3T6WTE,PRC6708I4YH,2025-07,,,3.0,Customer request waiting response,30.208333333333332
1961,REQJMF7JSSJZ0LY,PRCQ1NAWHUP,2025-01,,,1.0,Missing documents customer to provide,0.625
1967,REQX2W44XFG3OQG,PRCALMEBM0W,2025-10,,,1.0,Customer request waiting response,1.1666666666666667
1968,REQJMEKZQ2K2LME,PRCIQCI1NBB,2025-09,,,1.0,Payment pending confirm receipt,2.9583333333333335
1969,REQ1S2E95L7LTZT,PRCFDY7Q4P0,2025-05,,,1.0,Payment pending confirm receipt,2.25
1970,REQLLAZBNJ89XYF,PRC0CLM43OY,2025-06,,,1.0,Unknown,1.7916666666666667
1972,REQMLGJCCB3KMAE,PRCOJMRE055,2025-05,3.4166666666666665,1-4 days,1.0,Customer request waiting response,2.7916666666666665
1973,REQ017ZU2PPZKBF,PRCF07WG0MH,2025-06,0.5416666666666666,1-4 days,2.0,Missing documents customer to provide,61.0
1973,REQ017ZU2PPZKBF,PRCF07WG0MH,2025-06,0.5416666666666666,1-4 days,2.0,Missing documents customer to provide,2.5
1975,REQ40ZIOLFMQVVG,PRC8NO0D1VT,2025-02,,,2.0,Underwriting questions review needed,59.0
1976,REQ52TUUKJNKXUC,PRCKJMF3Q7L,2025-07,,,2.0,Missing documents customer to provide,2.8333333333333335
1976,REQ52TUUKJNKXUC,PRCKJMF3Q7L,2025-07,,,2.0,Missing documents customer to provide,0.75
1978,REQILDMFG91FH51,PRCY2Z3FGHY,2025-11,2.5416666666666665,1-4 days,3.0,Customer request waiting response,60.458333333333336
1978,REQILDMFG91FH51,PRCY2Z3FGHY,2025-11,2.5416666666666665,1-4 days,3.0,Customer request waiting response,62.708333333333336
1978,REQILDMFG91FH51,PRCY2Z3FGHY,2025-11,2.5416666666666665,1-4 days,3.0,Customer request waiting response,30.625
1980,REQ76XZNCI6WZVU,PRC9WR26MUS,2025-06,,,2.0,Payment pending confirm receipt,59.041666666666664
1980,REQ76XZNCI6WZVU,PRC9WR26MUS,2025-06,,,2.0,Payment pending confirm receipt,0.4583333333333333
1982,REQJ8VHSUGBZ9JQ,PRCCZQ4W1DX,2025-06,,,2.0,Underwriting questions review needed,0.5833333333333334
1982,REQJ8VHSUGBZ9JQ,PRCCZQ4W1DX,2025-06,,,2.0,Underwriting questions review needed,0.20833333333333334
1988,REQ1HVB11P339R2,PRC6NDMTQSJ,2025-02,3.625,1-4 days,1.0,Unknown,0.08333333333333333
1989,REQFDOYMW7RR2V7,PRCM3ZGRGB0,2025-03,,,2.0,Underwriting questions review needed,91.95833333333333
1995,REQ6WAFC0E7WU36,PRCFH79J0DG,2025-03,,,1.0,Customer request waiting response,30.875
1999,REQ24CLQ85KP11Q,PRCXO30VVCB,2025-04,,,2.0,Customer request waiting response,1.75
1999,REQ24CLQ85KP11Q,PRCXO30VVCB,2025-04,,,2.0,Customer request waiting response,1.0
2001,REQK5CAIU5Y7EWI,PRC5CD94V77,2025-10,,,2.0,Missing documents customer to provide,1.25
2001,REQK5CAIU5Y7EWI,PRC5CD94V77,2025-10,,,2.0,Missing documents customer to provide,1.875
2003,REQUW04E7BG2PN0,PRC1XDQS9Q0,2025-12,,,1.0,Missing documents customer to provide,1.125
2007,REQMG1NVYJYK365,PRCCJMOTOF3,2025-03,,,2.0,Customer request waiting response,0.7916666666666666
2008,REQP2D8CH9KEXMF,PRCVHM1F6H8,2025-11,,,3.0,System issue retry later,0.5
2008,REQP2D8CH9KEXMF,PRCVHM1F6H8,2025-11,,,3.0,System issue retry later,1.7083333333333333
2008,REQP2D8CH9KEXMF,PRCVHM1F6H8,2025-11,,,3.0,System issue retry later,2.1666666666666665
2009,REQIIN2O2M10Z6O,PRCGHYW7D49,2025-04,,,3.0,Missing documents customer to provide,29.916666666666668
2009,REQIIN2O2M10Z6O,PRCGHYW7D49,2025-04,,,3.0,Missing documents customer to provide,30.875
2009,REQIIN2O2M10Z6O,PRCGHYW7D49,2025-04,,,3.0,Missing documents customer to provide,60.583333333333336
2013,REQ27ZD65R9RC2U,PRCS7RANPFG,2025-05,,,1.0,Unknown,0.5
2014,REQZI5TX9EYZCQ6,PRCVLOTB80N,2025-03,,,2.0,System issue retry later,28.458333333333332
2017,REQN8IQLQW46MCB,PRCY5Z49S0O,2025-01,2.25,1-4 days,2.0,Payment pending confirm receipt,1.375
2017,REQN8IQLQW46MCB,PRCY5Z49S0O,2025-01,2.25,1-4 days,2.0,Payment pending confirm receipt,1.25
2024,REQIXYFE0P8XLLK,PRCV8PZLONR,2025-02,4.666666666666667,5-7 days,1.0,Missing documents customer to provide,91.58333333333333
2026,REQGQS7MNLQJF2N,PRCN1ZKS7OD,2025-03,1.6666666666666667,1-4 days,1.0,Underwriting questions review needed,2.6666666666666665
2028,REQXQIIO88N4BJP,PRCCP1JFIIH,2025-01,,,1.0,Payment pending confirm receipt,1.9166666666666667
2030,REQBPBIXGTDJXZ3,PRCTF0EJAWW,2025-03,11.541666666666666,7+ days,1.0,Missing documents customer to provide,2.0833333333333335
2045,REQJLWQSYF1IKIV,PRCMSSLN56U,2025-03,,,1.0,Customer request waiting response,0.25
2047,REQSDYRFGRHUKXS,PRCT9KE0KL8,2025-04,,,2.0,Customer request waiting response,2.7916666666666665
2047,REQSDYRFGRHUKXS,PRCT9KE0KL8,2025-04,,,2.0,Customer request waiting response,2.875
2051,REQQ3YVFR2T97JQ,PRC2F87CIF0,2025-09,,,2.0,Underwriting questions review needed,2.0416666666666665
2051,REQQ3YVFR2T97JQ,PRC2F87CIF0,2025-09,,,2.0,Underwriting questions review needed,2.5833333333333335
2052,REQPX6MLOYMFJDV,PRCLJDE00MM,2025-12,,,1.0,Payment pending confirm receipt,0.625
2053,REQ9QFJV5LU6VWU,PRCJ4D63K9O,2025-01,,,1.0,Payment pending confirm receipt,2.6666666666666665
2056,REQTIXURKYZ44PJ,PRC5U4HEEMW,2025-08,4.375,5-7 days,3.0,System issue retry later,61.166666666666664
2056,REQTIXURKYZ44PJ,PRC5U4HEEMW,2025-08,4.375,5-7 days,3.0,System issue retry later,61.166666666666664
2056,REQTIXURKYZ44PJ,PRC5U4HEEMW,2025-08,4.375,5-7 days,3.0,System issue retry later,60.5
2062,REQVEIPJGR5YEVH,PRCI53PCCOI,2025-07,,,1.0,Missing documents customer to provide,59.708333333333336
2064,REQ5TXHI52NKBGW,PRCW1J4GPPR,2025-02,1.625,1-4 days,1.0,System issue retry later,0.3333333333333333
2065,REQW1V5XWYF136D,PRCU7XYJ9UW,2025-12,,,1.0,Customer request waiting response,2.7083333333333335
2066,REQKEPB7E7O2OYB,PRCQGSFD1AN,2025-08,,,1.0,Payment pending confirm receipt,1.7916666666666667
2074,REQOW3N8WKC9TN2,PRCU1WJK01A,2025-07,,,1.0,Missing documents customer to provide,1.125
2076,REQ1FYNXCQRHOI5,PRCZJ2RCX6E,2025-03,,,1.0,Payment pending confirm receipt,60.75
2080,REQF05YXFLAI4JX,PRCINA69BJE,2025-05,,,2.0,Customer request waiting response,60.958333333333336
2080,REQF05YXFLAI4JX,PRCINA69BJE,2025-05,,,2.0,Customer request waiting response,0.08333333333333333
2082,REQNAP0APRPDU1H,PRCUD92ZZS2,2025-12,,,1.0,System issue retry later,28.166666666666668
2084,REQMDKPVIKR4O4B,PRCH6XWZZVO,2025-09,,,1.0,Missing documents customer to provide,29.875
2085,REQUHZ6W22BDKGO,PRCK5FIOQ6W,2025-05,,,2.0,Payment pending confirm receipt,0.25
2085,REQUHZ6W22BDKGO,PRCK5FIOQ6W,2025-05,,,2.0,Payment pending confirm receipt,1.2916666666666667
2086,REQPFM7PKIP0DW9,PRC24GK31JS,2025-03,,,1.0,Unknown,1.1666666666666667
2087,REQ2UE3M9D0VBYG,PRCC7SU83NC,2025-09,,,1.0,Customer request waiting response,2.125
2089,REQ436LZ0QXKRAG,PRCF6X9S33H,2025-10,,,1.0,Unknown,30.25
2092,REQVHQ1FTWA62CK,PRC5LFP9FBW,2025-06,,,1.0,Underwriting questions review needed,2.1666666666666665
2094,REQAUKKU30VME5I,PRCT5M6XE6K,2025-05,,,2.0,Unknown,2.4583333333333335
2094,REQAUKKU30VME5I,PRCT5M6XE6K,2025-05,,,2.0,Unknown,0.125
2095,REQZG3V5U5J94X1,PRCPAQAPFYZ,2025-05,8.25,7+ days,1.0,Underwriting questions review needed,2.625
2097,REQNS8R7XP42K8U,PRCMM07V0PL,2025-03,,,1.0,System issue retry later,2.25
2098,REQTCR0Z1FROQIJ,PRCW689C987,2025-03,2.75,1-4 days,2.0,Missing documents customer to provide,29.958333333333332
2099,REQA18IIMRTD760,PRCCQPK6Y0V,2025-06,5.291666666666667,5-7 days,3.0,Payment pending confirm receipt,1.0
2099,REQA18IIMRTD760,PRCCQPK6Y0V,2025-06,5.291666666666667,5-7 days,3.0,Payment pending confirm receipt,2.0
2099,REQA18IIMRTD760,PRCCQPK6Y0V,2025-06,5.291666666666667,5-7 days,3.0,Payment pending confirm receipt,0.7083333333333334
2102,REQGJDTCW7U8LD6,PRC393NOLYR,2025-05,4.708333333333333,5-7 days,1.0,Missing documents customer to provide,59.041666666666664
2104,REQDHX7M61QBQOC,PRC7QQ7K4Z7,2025-05,,,1.0,System issue retry later,2.125
2105,REQ5HQPTHWG1T8U,PRC3XWPM487,2025-05,4.25,5-7 days,1.0,Unknown,1.125
2107,REQJEI67W8LGM9O,PRCQRV4V7LI,2025-01,,,1.0,Customer request waiting response,1.9583333333333333
2110,REQS86SXQ1KIVU9,PRCJ2ITWEFV,2025-09,2.9583333333333335,1-4 days,2.0,Unknown,1.125
2110,REQS86SXQ1KIVU9,PRCJ2ITWEFV,2025-09,2.9583333333333335,1-4 days,2.0,Unknown,0.3333333333333333
2111,REQB9MVA3S2CEEP,PRCKCPKABBC,2025-02,,,2.0,Missing documents customer to provide,2.5833333333333335
2111,REQB9MVA3S2CEEP,PRCKCPKABBC,2025-02,,,2.0,Missing documents customer to provide,1.625
2116,REQ4RF9YSZY14M7,PRCYBF6RRK0,2025-10,,,1.0,System issue retry later,0.625
2117,REQOQI1B281ARPM,PRCSE55WUW8,2025-11,,,1.0,System issue retry later,1.875
2118,REQU1OYD2VJYIQZ,PRCJ5TPYJSW,2025-02,,,1.0,Customer request waiting response,2.0
2121,REQY92FF4IB4BR5,PRC6HO1Q0S8,2025-03,,,1.0,Underwriting questions review needed,2.5416666666666665
2122,REQTARQVOMS1OSE,PRCH85S1RZO,2025-04,,,1.0,Missing documents customer to provide,2.625
2128,REQ8GIP9RP91SK8,PRCQTY4A9XE,2025-02,,,1.0,System issue retry later,2.6666666666666665
2132,REQFQDYK61UT66Z,PRCI9129J47,2025-09,4.041666666666667,5-7 days,1.0,Customer request waiting response,1.5416666666666667
2133,REQ0LZ8N1J84PVO,PRCSLAN1RXX,2025-07,,,3.0,Unknown,91.70833333333333
2133,REQ0LZ8N1J84PVO,PRCSLAN1RXX,2025-07,,,3.0,Unknown,0.7083333333333334
2133,REQ0LZ8N1J84PVO,PRCSLAN1RXX,2025-07,,,3.0,Unknown,29.541666666666668
2135,REQURSNJO9JW0JX,PRCA54YKL28,2025-09,4.125,5-7 days,1.0,Underwriting questions review needed,2.3333333333333335
2136,REQOCNFE5Q9S16K,PRCNNZ8UFLU,2025-10,,,1.0,Unknown,0.6666666666666666
2138,REQF28TVBODEAAU,PRCN35DB0VI,2025-06,3.0833333333333335,1-4 days,2.0,Unknown,2.7916666666666665
2138,REQF28TVBODEAAU,PRCN35DB0VI,2025-06,3.0833333333333335,1-4 days,2.0,Unknown,2.6666666666666665
2140,REQ40NK4JNP8JE0,PRC21BZTWXG,2025-03,,,2.0,Customer request waiting response,29.208333333333332
2140,REQ40NK4JNP8JE0,PRC21BZTWXG,2025-03,,,2.0,Customer request waiting response,30.916666666666668
2142,REQ8HW760MM49US,PRC054CUZY7,2025-07,,,1.0,Customer request waiting response,2.1666666666666665
2143,REQYKV4SH8VJTYT,PRCRGL7I0W5,2025-01,,,3.0,Customer request waiting response,0.5
2143,REQYKV4SH8VJTYT,PRCRGL7I0W5,2025-01,,,3.0,Customer request waiting response,2.0833333333333335
2143,REQYKV4SH8VJTYT,PRCRGL7I0W5,2025-01,,,3.0,Customer request waiting response,1.875
2145,REQBFUQUH6PE640,PRCIHX0095M,2025-07,,,1.0,Underwriting questions review needed,1.4583333333333333
2149,REQU5PC4JJI6NV7,PRCOK5G0IYC,2025-07,,,1.0,Unknown,30.291666666666668
2152,REQP1S7A31WK3F5,PRCOKMUMVJJ,2025-12,,,1.0,System issue retry later,31.0
2157,REQWUWU0DYJ6ZS5,PRCFY47MY2X,2025-04,5.0,5-7 days,1.0,Missing documents customer to provide,30.5
2166,REQ9CJLVR8MUTZK,PRCETQ9IEKE,2025-02,,,2.0,Underwriting questions review needed,58.916666666666664
2169,REQL0ZO1TVTR1ZZ,PRCTB55MYRZ,2025-09,4.208333333333333,5-7 days,2.0,Missing documents customer to provide,0.16666666666666666
2169,REQL0ZO1TVTR1ZZ,PRCTB55MYRZ,2025-09,4.208333333333333,5-7 days,2.0,Missing documents customer to provide,91.5
2172,REQIGIPRZP5DK6H,PRCKCQ0Y19R,2025-09,,,1.0,Payment pending confirm receipt,60.875
2176,REQ2KYZUXKE9UX6,PRCOTKQEPCW,2025-01,6.375,5-7 days,1.0,Payment pending confirm receipt,2.25
2177,REQ5STNX00QQTHH,PRCJBYISK51,2025-05,,,1.0,Unknown,28.583333333333332
2178,REQEN12NA5ZXNI9,PRCE04PDTVC,2025-05,,,1.0,Payment pending confirm receipt,2.375
2179,REQKQCJFA7QNQCA,PRC6J4KUEVY,2025-06,,,1.0,System issue retry later,1.0833333333333333
2182,REQW1CQ2DR57JY7,PRCSRSI9049,2025-04,,,2.0,System issue retry later,0.9166666666666666
2182,REQW1CQ2DR57JY7,PRCSRSI9049,2025-04,,,2.0,System issue retry later,0.625
2185,REQHJKIU2H5YFAK,PRCA0UXF3RH,2025-09,5.583333333333333,5-7 days,2.0,System issue retry later,1.0
2185,REQHJKIU2H5YFAK,PRCA0UXF3RH,2025-09,5.583333333333333,5-7 days,2.0,System issue retry later,0.4583333333333333
2186,REQUA3N3GH1Z8SJ,PRCUI0RRIQ3,2025-11,,,1.0,Payment pending confirm receipt,0.9166666666666666
2188,REQAPM34BRM0Y5O,PRCJOHJAVPX,2025-04,3.625,1-4 days,1.0,Unknown,2.0416666666666665
2191,REQOE3LNSUA13DC,PRCJ15B3VT9,2025-03,,,1.0,Payment pending confirm receipt,30.875
2193,REQH4T4QJ4ST7YJ,PRCGJ7RCM82,2025-12,,,3.0,Underwriting questions review needed,59.208333333333336
2193,REQH4T4QJ4ST7YJ,PRCGJ7RCM82,2025-12,,,3.0,Underwriting questions review needed,60.666666666666664
2193,REQH4T4QJ4ST7YJ,PRCGJ7RCM82,2025-12,,,3.0,Underwriting questions review needed,91.58333333333333
2194,REQKNO5FJ0HVV3E,PRC9R6S7XVL,2025-08,,,1.0,System issue retry later,0.08333333333333333
2195,REQW3UBMTEOIXD4,PRCYJPZXC31,2025-06,,,1.0,Customer request waiting response,92.0
2196,REQECENM5SSPGRY,PRCST2PYYUB,2025-09,,,1.0,Missing documents customer to provide,0.041666666666666664
2197,REQDBT35DSXLBK0,PRCJ4HRI4G3,2025-09,,,1.0,Unknown,1.125
2198,REQ1K7YGL0617L7,PRCWTSJMMN0,2025-03,,,3.0,Underwriting questions review needed,0.041666666666666664
2198,REQ1K7YGL0617L7,PRCWTSJMMN0,2025-03,,,3.0,Underwriting questions review needed,2.3333333333333335
2198,REQ1K7YGL0617L7,PRCWTSJMMN0,2025-03,,,3.0,Underwriting questions review needed,0.20833333333333334
2200,REQH3UKFPIHQ8BI,PRCIUP8MHUD,2025-04,,,1.0,Customer request waiting response,1.4166666666666667
2204,REQQN8PR8CBQ5DR,PRC3DU9WQIR,2025-11,,,1.0,Unknown,0.25
2206,REQ6FJBD94W1DPB,PRCOYSJTYJL,2025-09,,,1.0,Payment pending confirm receipt,0.20833333333333334
2208,REQW2J6NWWOMNJV,PRC5U0ER6FT,2025-03,3.1666666666666665,1-4 days,2.0,Missing documents customer to provide,91.75
2208,REQW2J6NWWOMNJV,PRC5U0ER6FT,2025-03,3.1666666666666665,1-4 days,2.0,Missing documents customer to provide,30.166666666666668
2212,REQ8XEGHTRZTIG1,PRCQX2WVZEI,2025-08,16.875,7+ days,1.0,Customer request waiting response,2.1666666666666665
2215,REQQC5VQ84IAT7Q,PRCT24TBZGG,2025-07,,,1.0,System issue retry later,0.3333333333333333
2218,REQ4NA4T2GE2C98,PRCE4JUEI37,2025-07,,,1.0,Customer request waiting response,1.6666666666666667
2230,REQZD2KV1J0VI0O,PRCK5I5J2MG,2025-04,,,3.0,Unknown,1.3333333333333333
2230,REQZD2KV1J0VI0O,PRCK5I5J2MG,2025-04,,,3.0,Unknown,2.5
2230,REQZD2KV1J0VI0O,PRCK5I5J2MG,2025-04,,,3.0,Unknown,0.375
2231,REQ0KILIH1URIUE,PRCU2AYRQ8H,2025-01,,,2.0,System issue retry later,1.3333333333333333
2231,REQ0KILIH1URIUE,PRCU2AYRQ8H,2025-01,,,2.0,System issue retry later,1.2916666666666667
2243,REQU858B3BRIT5Y,PRCHVVTF5YL,2025-01,,,1.0,Unknown,0.75
2245,REQ0415YL8LCANL,PRCHOCP38QS,2025-09,,,1.0,Unknown,2.9583333333333335
2247,REQU4UI4FAM071K,PRC5IVZTF5A,2025-09,,,1.0,Missing documents customer to provide,0.7916666666666666
2249,REQ69WE5CQGFJ4W,PRC8ETGNP0X,2025-06,,,1.0,System issue retry later,2.0
2250,REQMR05ZEF2WRI7,PRCG9KA2JWW,2025-04,8.25,7+ days,1.0,Payment pending confirm receipt,31.458333333333332
2251,REQ03LJJIKC3PFQ,PRCBZPCWJZ1,2025-05,4.708333333333333,5-7 days,1.0,Underwriting questions review needed,61.125
2253,REQJYJNPRHLIZAM,PRCGEVBPFUH,2025-07,,,1.0,Payment pending confirm receipt,30.875
2256,REQXXLMWJLH7D02,PRCATZF4NVO,2025-06,,,1.0,Unknown,61.0
2258,REQX88MG1HS32AI,PRC1B770FXN,2025-01,2.3333333333333335,1-4 days,3.0,Customer request waiting response,31.416666666666668
2258,REQX88MG1HS32AI,PRC1B770FXN,2025-01,2.3333333333333335,1-4 days,3.0,Customer request waiting response,2.1666666666666665
2262,REQDE2A95MCYG2U,PRC76WEF9O2,2025-06,1.625,1-4 days,3.0,Payment pending confirm receipt,89.0
2262,REQDE2A95MCYG2U,PRC76WEF9O2,2025-06,1.625,1-4 days,3.0,Payment pending confirm receipt,0.16666666666666666
2262,REQDE2A95MCYG2U,PRC76WEF9O2,2025-06,1.625,1-4 days,3.0,Payment pending confirm receipt,0.3333333333333333
2265,REQTJB7K9H83106,PRC0535BALT,2025-03,3.2916666666666665,1-4 days,1.0,Missing documents customer to provide,1.375
2273,REQ4OO4X3CNKQ6W,PRCNNV8JX9O,2025-12,,,2.0,Payment pending confirm receipt,1.6666666666666667
2273,REQ4OO4X3CNKQ6W,PRCNNV8JX9O,2025-12,,,2.0,Payment pending confirm receipt,1.1666666666666667
2277,REQGOE44EQVIQN5,PRCKHB0AQHK,2025-12,,,2.0,Underwriting questions review needed,1.7916666666666667
2277,REQGOE44EQVIQN5,PRCKHB0AQHK,2025-12,,,2.0,Underwriting questions review needed,2.2916666666666665
2280,REQ3ESD1FHJ0AJG,PRCU8H0KB02,2025-06,1.0416666666666667,1-4 days,1.0,Missing documents customer to provide,2.0
2281,REQ6AY8QGV0GTJZ,PRCT60MZYZU,2025-06,,,1.0,Unknown,30.5
2282,REQIQT9IP1PUEWA,PRC4K9ZA0TP,2025-11,,,1.0,Customer request waiting response,0.16666666666666666
2283,REQSC433WFBXE20,PRCERFLN1KQ,2025-01,,,1.0,Unknown,61.25
2288,REQQOM7PPF880R6,PRCIJZYFKVC,2025-10,0.7916666666666666,1-4 days,3.0,Unknown,2.5416666666666665
2288,REQQOM7PPF880R6,PRCIJZYFKVC,2025-10,0.7916666666666666,1-4 days,3.0,Unknown,0.9166666666666666
2288,REQQOM7PPF880R6,PRCIJZYFKVC,2025-10,0.7916666666666666,1-4 days,3.0,Unknown,0.9583333333333334
2290,REQCUTTL835YNY8,PRCQ2TTHNON,2025-07,9.708333333333334,7+ days,2.0,Customer request waiting response,31.458333333333332
2290,REQCUTTL835YNY8,PRCQ2TTHNON,2025-07,9.708333333333334,7+ days,2.0,Customer request waiting response,0.5416666666666666
2291,REQKM5ALNWS1YHO,PRCNT4OBYHJ,2025-09,0.08333333333333333,1-4 days,1.0,Payment pending confirm receipt,2.7083333333333335
2292,REQLGE20GT3EFQQ,PRC3ZB0NQ74,2025-07,,,1.0,System issue retry later,1.0416666666666667
2293,REQ59031DWEBP4B,PRCI8K97EB1,2025-03,,,1.0,Unknown,0.20833333333333334
2297,REQPFKALVLCLEA8,PRC9Z295574,2025-03,,,2.0,Customer request waiting response,2.4166666666666665
2298,REQBJV5TH1E3BBP,PRC6UPT0BFF,2025-08,7.958333333333333,7+ days,3.0,Payment pending confirm receipt,0.6666666666666666
2298,REQBJV5TH1E3BBP,PRC6UPT0BFF,2025-08,7.958333333333333,7+ days,3.0,Payment pending confirm receipt,1.2083333333333333
2298,REQBJV5TH1E3BBP,PRC6UPT0BFF,2025-08,7.958333333333333,7+ days,3.0,Payment pending confirm receipt,2.1666666666666665
2307,REQ3432XY1IL4MQ,PRCMKH44ND3,2025-03,,,1.0,Payment pending confirm receipt,30.75
2308,REQUUOIFNEZ5CD7,PRCY2VK1ORL,2025-06,,,3.0,System issue retry later,1.4583333333333333
2308,REQUUOIFNEZ5CD7,PRCY2VK1ORL,2025-06,,,3.0,System issue retry later,2.0833333333333335
2308,REQUUOIFNEZ5CD7,PRCY2VK1ORL,2025-06,,,3.0,System issue retry later,1.4583333333333333
2309,REQNTUOJ9ZI3QXF,PRCZT8H8AF9,2025-03,,,1.0,Customer request waiting response,0.3333333333333333
2310,REQH2P8HSFDULH0,PRCOKB4I332,2025-01,,,1.0,Customer request waiting response,1.8333333333333333
2315,REQBHHCMNQCPN1M,PRCZ6NW85UR,2025-06,,,1.0,Customer request waiting response,2.375
2319,REQ0YZ4FILXO8DC,PRC84WNOK8D,2025-07,,,1.0,Missing documents customer to provide,60.833333333333336
2323,REQ1ETSZE77VK8A,PRCCRMBLF8O,2025-10,,,1.0,Customer request waiting response,30.833333333333332
2325,REQ2CM4TRUCH1RN,PRCCF928G3S,2025-06,,,1.0,Unknown,30.416666666666668
2328,REQP306W149ZHUV,PRCWX97X6EX,2025-07,,,1.0,System issue retry later,88.625
2331,REQ967DA5VL9TO7,PRCKX1QLJJP,2025-03,,,1.0,Missing documents customer to provide,61.875
2339,REQJRDWHN7CKM5Y,PRCUZIS2ZED,2025-07,,,1.0,Customer request waiting response,2.5416666666666665
2341,REQS0FN53P7CF7Q,PRCUP8O8VCV,2025-12,4.75,5-7 days,1.0,Missing documents customer to provide,0.25
2342,REQFGM2O0783006,PRC5EUSIOYU,2025-02,2.9166666666666665,1-4 days,1.0,Missing documents customer to provide,0.3333333333333333
2343,REQUGRIW7XW0J58,PRCU9CJQA7R,2025-06,7.625,7+ days,1.0,System issue retry later,2.0416666666666665
2344,REQDSMWGFEHHB2H,PRCTQX62CTO,2025-01,,,2.0,Unknown,0.5
2347,REQ2RL6UG5GLT8Q,PRCLHUTEF98,2025-05,1.375,1-4 days,1.0,System issue retry later,0.08333333333333333
2349,REQJ3F02UD4HGKE,PRCWS87NPF0,2025-10,,,1.0,Unknown,62.791666666666664
2351,REQSHM3DW7X7RGC,PRC2S67MHZR,2025-11,,,2.0,Payment pending confirm receipt,1.9583333333333333
2351,REQSHM3DW7X7RGC,PRC2S67MHZR,2025-11,,,2.0,Payment pending confirm receipt,2.75
2354,REQR040ZXIROOA8,PRCNRYWPPS3,2025-05,,,1.0,Payment pending confirm receipt,2.0416666666666665
2356,REQ6BZ2PPHA3M43,PRC5NI6LGUG,2025-08,,,2.0,Underwriting questions review needed,1.7083333333333333
2356,REQ6BZ2PPHA3M43,PRC5NI6LGUG,2025-08,,,2.0,Underwriting questions review needed,2.0
2366,REQMC9Z824SZYE6,PRC4EKZ7KRG,2025-01,,,1.0,Payment pending confirm receipt,1.125
2367,REQ1Z6J9XP5VKVW,PRCOHT30BD2,2025-09,2.25,1-4 days,1.0,Payment pending confirm receipt,1.0416666666666667
2368,REQZ1PIG3VW82GJ,PRC55P2WAVA,2025-08,2.9583333333333335,1-4 days,1.0,Underwriting questions review needed,31.916666666666668
2371,REQLZP1QX674PXC,PRCMG9SLLQX,2025-07,,,1.0,Unknown,61.083333333333336
2372,REQKX6PSGWE5DD0,PRC9FLGBLHW,2025-04,,,1.0,Missing documents customer to provide,2.7916666666666665
2375,REQGBJU6JSLNY5P,PRCJ0DDX8N0,2025-03,,,2.0,System issue retry later,2.0416666666666665
2378,REQW62JZL51YQAK,PRC06WVGZTO,2025-01,7.0,5-7 days,1.0,Missing documents customer to provide,0.2916666666666667
2380,REQYAAZ7KG9UTT6,PRCIZ8Y44YM,2025-06,,,3.0,Missing documents customer to provide,61.583333333333336
2380,REQYAAZ7KG9UTT6,PRCIZ8Y44YM,2025-06,,,3.0,Missing documents customer to provide,1.2083333333333333
2381,REQG89GLIN3634M,PRCH729OO0M,2025-12,,,1.0,Payment pending confirm receipt,91.91666666666667
2383,REQZ460AT2Y3RVR,PRCX9QLCR3E,2025-11,6.708333333333333,5-7 days,1.0,Unknown,2.875
2384,REQ7Q5TOBPI729I,PRCCO98ARXC,2025-09,,,2.0,Underwriting questions review needed,0.375
2384,REQ7Q5TOBPI729I,PRCCO98ARXC,2025-09,,,2.0,Underwriting questions review needed,0.4166666666666667
2385,REQH8DMDKU8J344,PRCEX9YJOCD,2025-05,,,1.0,Payment pending confirm receipt,60.25
2394,REQIC5GCUXO3MPR,PRC5WK5YYMF,2025-03,,,1.0,Payment pending confirm receipt,1.375
2395,REQPS74HM4C1RZE,PRC76H2QT8M,2025-07,,,1.0,System issue retry later,0.20833333333333334
2397,REQ2SE5U8TPLEGK,PRCO2X5MOH7,2025-07,,,1.0,Underwriting questions review needed,2.625
2400,REQ3OMURIPJF39J,PRCDVCF7M18,2025-07,,,1.0,Missing documents customer to provide,2.4583333333333335
2405,REQKGB0BH5LJOLG,PRC2IGJCLNL,2025-09,1.7083333333333333,1-4 days,1.0,System issue retry later,2.2083333333333335
2407,REQ3GCONYD2OQMF,PRCUBLC7Q5G,2025-02,,,2.0,Unknown,1.1666666666666667
2407,REQ3GCONYD2OQMF,PRCUBLC7Q5G,2025-02,,,2.0,Unknown,1.625
2409,REQ0SH45AK9KS1I,PRCJ25X6QE0,2025-08,,,2.0,Payment pending confirm receipt,89.75
2409,REQ0SH45AK9KS1I,PRCJ25X6QE0,2025-08,,,2.0,Payment pending confirm receipt,90.58333333333333
2411,REQWZXX92YVYRCW,PRCXEKRLHC8,2025-04,2.25,1-4 days,3.0,Payment pending confirm receipt,1.2916666666666667
2411,REQWZXX92YVYRCW,PRCXEKRLHC8,2025-04,2.25,1-4 days,3.0,Payment pending confirm receipt,1.625
2411,REQWZXX92YVYRCW,PRCXEKRLHC8,2025-04,2.25,1-4 days,3.0,Payment pending confirm receipt,0.7916666666666666
2414,REQAA3Q51YSX637,PRC8WVOGSNQ,2025-11,,,1.0,Payment pending confirm receipt,1.4583333333333333
2416,REQCZ30GXYXRBPR,PRCE912NYSR,2025-06,,,3.0,Underwriting questions review needed,0.20833333333333334
2416,REQCZ30GXYXRBPR,PRCE912NYSR,2025-06,,,3.0,Underwriting questions review needed,1.5
2418,REQD6FOMBRRL4VD,PRCE0GVJNR7,2025-12,1.0,1-4 days,1.0,Payment pending confirm receipt,0.20833333333333334
2420,REQM2DLNIOXJ202,PRC7QT3CDOQ,2025-10,,,1.0,Underwriting questions review needed,0.75
2421,REQE59RH8X16C31,PRCVFJZLULR,2025-01,,,1.0,Missing documents customer to provide,29.583333333333332
2425,REQSZFF312BQDU6,PRCHAGFS05Z,2025-02,,,1.0,Missing documents customer to provide,2.5833333333333335
2428,REQ2UXNZ57BBN0A,PRCPBI4WU4D,2025-11,,,1.0,Payment pending confirm receipt,0.6666666666666666
2430,REQL4Z2K2MFT02E,PRCDST6L2IB,2025-06,,,1.0,Missing documents customer to provide,30.208333333333332
2431,REQJL875QCDVLJ1,PRCCFGAGBPY,2025-03,2.75,1-4 days,1.0,Payment pending confirm receipt,0.9166666666666666
2437,REQ0ZV7BHOCXIOG,PRC0K3DGGET,2025-05,,,1.0,System issue retry later,92.0
2442,REQVPW59Y3L7B2H,PRCPA52M0QH,2025-08,,,1.0,Customer request waiting response,0.2916666666666667
2445,REQPL78SNPKRIZF,PRCWPT6FU00,2025-06,,,1.0,System issue retry later,1.8333333333333333
2451,REQIN8MOK1S5PNV,PRC0BCJZYA5,2025-10,,,2.0,System issue retry later,1.5833333333333333
2451,REQIN8MOK1S5PNV,PRC0BCJZYA5,2025-10,,,2.0,System issue retry later,1.625
2460,REQGLOWHOPN5IHX,PRC7A1Y9GEP,2025-02,,,1.0,Unknown,91.83333333333333
2464,REQG06F0FOX4H1H,PRC7AA8NSDX,2025-01,,,1.0,Unknown,2.8333333333333335
2468,REQNJELPD4QGDRU,PRCLCRODYOO,2025-08,,,1.0,Underwriting questions review needed,2.4166666666666665
2469,REQ3G7F388EH3A8,PRCY02MWM0N,2025-07,1.0,1-4 days,1.0,Missing documents customer to provide,1.2916666666666667
2470,REQWVEXA7DS25HO,PRCIMBKTVPI,2025-12,1.1666666666666667,1-4 days,1.0,Underwriting questions review needed,0.75
2473,REQWODV7OUDQC21,PRCVBJQ2HUW,2025-06,3.9583333333333335,1-4 days,1.0,Payment pending confirm receipt,1.5
2474,REQ6CB9YHX24XTM,PRCA4GX13YZ,2025-12,,,1.0,Payment pending confirm receipt,0.2916666666666667
2477,REQNDA4SGRIGH6W,PRCU2RD6DQ6,2025-11,2.0416666666666665,1-4 days,1.0,Missing documents customer to provide,1.75
2479,REQXCNDQOJL4S8A,PRCCL1G4VTY,2025-11,,,1.0,Missing documents customer to provide,2.0
2482,REQ4WDUFTS1O0M3,PRCMGKX3AL0,2025-08,,,1.0,System issue retry later,2.875
2483,REQK1IHJNFQONKU,PRCO6RNB6XS,2025-03,,,1.0,Customer request waiting response,1.4166666666666667
2491,REQU2KDUQJ76QBG,PRCOF2YQJT6,2025-05,,,1.0,Unknown,0.20833333333333334
2492,REQ1N2IB0NSOIHC,PRCJGPT308N,2025-08,,,1.0,Unknown,1.7083333333333333
2493,REQ94A0XFLN9LKG,PRC4TBOI7YT,2025-05,,,1.0,System issue retry later,60.083333333333336
2494,REQ374JNUPVCTE2,PRCU59HMTSK,2025-11,,,1.0,System issue retry later,3.0
2495,REQZZ77MQEZVWMF,PRCWXECH12M,2025-09,,,2.0,Payment pending confirm receipt,60.875
2495,REQZZ77MQEZVWMF,PRCWXECH12M,2025-09,,,2.0,Payment pending confirm receipt,30.666666666666668
2497,REQBGC7FR93XTZ8,PRCKWFZ487M,2025-09,,,1.0,Payment pending confirm receipt,0.041666666666666664
2500,REQJTRY9GF1CFPG,PRC26W3USNS,2025-12,,,1.0,Payment pending confirm receipt,1.2916666666666667
2504,REQCV3MNSOUO08Q,PRC4CD67M4K,2025-01,,,2.0,System issue retry later,1.2083333333333333
2504,REQCV3MNSOUO08Q,PRC4CD67M4K,2025-01,,,2.0,System issue retry later,29.916666666666668
2506,REQLTHB9QIB0MC5,PRCXEGN30VP,2025-04,,,1.0,Missing documents customer to provide,1.0833333333333333
2508,REQE0QI312IA75S,PRC49H54RLR,2025-08,,,3.0,Customer request waiting response,2.3333333333333335
2508,REQE0QI312IA75S,PRC49H54RLR,2025-08,,,3.0,Customer request waiting response,1.6666666666666667
2508,REQE0QI312IA75S,PRC49H54RLR,2025-08,,,3.0,Customer request waiting response,0.20833333333333334
2509,REQIWZ8TMHG4KV4,PRC62VNUU9O,2025-06,,,1.0,Payment pending confirm receipt,0.3333333333333333
2510,REQMFQS5CWBO035,PRCDP1N1YWZ,2025-08,,,3.0,Customer request waiting response,0.3333333333333333
2510,REQMFQS5CWBO035,PRCDP1N1YWZ,2025-08,,,3.0,Customer request waiting response,1.0
2510,REQMFQS5CWBO035,PRCDP1N1YWZ,2025-08,,,3.0,Customer request waiting response,1.9583333333333333
2511,REQKH7PI1XM3JKO,PRCALNAIEEG,2025-11,,,1.0,Customer request waiting response,1.2916666666666667
2512,REQ6Z5VJYM8YNG3,PRCZVJRXXYV,2025-01,,,1.0,Unknown,0.25
2513,REQBCDCQ03L4P84,PRCPRC2GQAU,2025-01,,,2.0,System issue retry later,0.5
2513,REQBCDCQ03L4P84,PRCPRC2GQAU,2025-01,,,2.0,System issue retry later,2.0833333333333335
2516,REQODCWYDZ3D8AH,PRC4YW026W8,2025-02,,,1.0,Payment pending confirm receipt,0.16666666666666666
2517,REQ3KSPV693WDW2,PRC3C5VXO4M,2025-04,,,1.0,Underwriting questions review needed,1.7916666666666667
2518,REQ0WXLV8C6L4JL,PRC15FB2UTL,2025-07,,,2.0,Missing documents customer to provide,0.9166666666666666
2518,REQ0WXLV8C6L4JL,PRC15FB2UTL,2025-07,,,2.0,Missing documents customer to provide,2.5
2519,REQ721UVIME9KA1,PRCTMGTBDQY,2025-11,,,1.0,Underwriting questions review needed,2.375
2521,REQ3W38LKY8ZQDY,PRCXO2CPFUQ,2025-08,,,1.0,Unknown,1.3333333333333333
2522,REQRG1IUAO3ORYB,PRC2P0TMUT8,2025-06,7.875,7+ days,1.0,System issue retry later,31.666666666666668
2523,REQ82GQEX4G2030,PRCK8KWJ4CS,2025-06,0.9166666666666666,1-4 days,1.0,Unknown,60.958333333333336
2529,REQWI8AW6UF7L7M,PRCHE5GXD6I,2025-04,,,3.0,Underwriting questions review needed,61.458333333333336
2529,REQWI8AW6UF7L7M,PRCHE5GXD6I,2025-04,,,3.0,Underwriting questions review needed,60.708333333333336
2530,REQQ0KACDGXEATA,PRC4DPH11Y8,2025-11,5.666666666666667,5-7 days,1.0,Missing documents customer to provide,2.4583333333333335
2531,REQL9PQWG0QGSRZ,PRCOAJYVQIR,2025-03,1.9583333333333333,1-4 days,2.0,Customer request waiting response,3.0
2531,REQL9PQWG0QGSRZ,PRCOAJYVQIR,2025-03,1.9583333333333333,1-4 days,2.0,Customer request waiting response,2.9166666666666665
2532,REQU2S6SOVW0K4F,PRCHA3O9TJ3,2025-02,2.5,1-4 days,1.0,Missing documents customer to provide,0.4583333333333333
2536,REQO2MOJ23KN502,PRCI4P8HO3Z,2025-10,,,2.0,Customer request waiting response,0.4166666666666667
2536,REQO2MOJ23KN502,PRCI4P8HO3Z,2025-10,,,2.0,Customer request waiting response,0.875
2537,REQRFTPHSNCJL7A,PRCWL3YKI0X,2025-11,2.0416666666666665,1-4 days,1.0,Underwriting questions review needed,0.875
2538,REQ4EMT34H3WSCE,PRC2GWIBFZW,2025-01,1.0,1-4 days,3.0,Payment pending confirm receipt,60.791666666666664
2538,REQ4EMT34H3WSCE,PRC2GWIBFZW,2025-01,1.0,1-4 days,3.0,Payment pending confirm receipt,0.3333333333333333
2541,REQTSRKMFP8YEUG,PRCXV7S7OGQ,2025-05,8.458333333333334,7+ days,1.0,System issue retry later,0.375
2543,REQV5QIDXBC24IG,PRCBMD10UHW,2025-07,4.416666666666667,5-7 days,1.0,System issue retry later,2.6666666666666665
2548,REQ9O7BCFTUJHLU,PRCSCV4J3TD,2025-11,,,2.0,Missing documents customer to provide,2.375
2551,REQ4WJUN5R4ENKE,PRCF483RTSY,2025-04,,,1.0,Payment pending confirm receipt,1.75
2557,REQAZAS0DVJ09H9,PRCXVHXADOZ,2025-03,,,2.0,Payment pending confirm receipt,2.2916666666666665
2560,REQX5NPO3OTESZF,PRC57YUNEY7,2025-09,,,1.0,Missing documents customer to provide,1.5833333333333333
2562,REQJXN65RZ5SU2M,PRCHEV2UQ06,2025-08,,,1.0,Missing documents customer to provide,0.5416666666666666
2564,REQQ8FF3FD0QP8K,PRCJZD2OL7Q,2025-04,,,1.0,Missing documents customer to provide,28.791666666666668
2567,REQWLLUPX86UEX7,PRCZXJC7ZLS,2025-10,8.166666666666666,7+ days,1.0,Unknown,0.75
2568,REQF00FY7INHNMN,PRCAYB7EBBL,2025-05,,,1.0,Missing documents customer to provide,0.7916666666666666
2570,REQ2U4WZRZOLSSA,PRCKURTY979,2025-03,,,1.0,Unknown,2.7916666666666665
2571,REQLW9K09OQAFU5,PRC1RPWMM5R,2025-10,,,1.0,Customer request waiting response,0.7083333333333334
2575,REQFT7G1PZ7A9RO,PRCV01HHNER,2025-11,2.8333333333333335,1-4 days,1.0,Unknown,2.25
2576,REQMS4RE3ULL8Q8,PRCPYKTOB34,2025-01,,,1.0,Missing documents customer to provide,2.375
2581,REQ0QF9O84E46RN,PRCAB08MUIP,2025-03,,,1.0,Unknown,2.625
2582,REQBX6F80PRL2IS,PRC3EM2I3XR,2025-09,7.916666666666667,7+ days,2.0,System issue retry later,30.5
2582,REQBX6F80PRL2IS,PRC3EM2I3XR,2025-09,7.916666666666667,7+ days,2.0,System issue retry later,88.375
2583,REQNYIGZFC1BM5Q,PRCCJX6BTQX,2025-08,,,1.0,Customer request waiting response,0.4166666666666667
2585,REQEJJS0TXPRZCO,PRCO1ULWDKH,2025-09,,,1.0,System issue retry later,0.5833333333333334
2586,REQ48QWXZRQH6SS,PRCU7CI5DEH,2025-08,,,1.0,Unknown,1.7083333333333333
2588,REQ4GPL60DYA767,PRCFHR1FI3N,2025-06,,,1.0,Underwriting questions review needed,30.208333333333332
2590,REQP76OLH1MV39M,PRCAG8JOIVA,2025-06,5.875,5-7 days,2.0,Unknown,2.4583333333333335
2590,REQP76OLH1MV39M,PRCAG8JOIVA,2025-06,5.875,5-7 days,2.0,Unknown,1.8333333333333333
2591,REQH61KCEX90FHC,PRC0YUGHN3C,2025-07,,,1.0,Customer request waiting response,0.625
2594,REQL3HCSAOREPP6,PRCQOFX0MEK,2025-03,,,2.0,Missing documents customer to provide,0.2916666666666667
2594,REQL3HCSAOREPP6,PRCQOFX0MEK,2025-03,,,2.0,Missing documents customer to provide,1.75
2595,REQRBPZ302VKXOV,PRC463MQ6AV,2025-06,,,1.0,Unknown,59.666666666666664
2602,REQUNQ97INXNDAS,PRC5N67CJE9,2025-07,,,2.0,Unknown,2.5833333333333335
2602,REQUNQ97INXNDAS,PRC5N67CJE9,2025-07,,,2.0,Unknown,0.5833333333333334
2603,REQ1T29FM4SKTEX,PRCMZCP1TTJ,2025-02,3.9166666666666665,1-4 days,1.0,Missing documents customer to provide,2.0416666666666665
2605,REQDSRRBMP4M26W,PRCO1RIVI22,2025-05,5.208333333333333,5-7 days,1.0,Underwriting questions review needed,2.625
2606,REQ8IESXXB4QTBZ,PRC1KH5VB3K,2025-01,1.2083333333333333,1-4 days,1.0,Unknown,1.5833333333333333
2613,REQC2VBGTYJY1BK,PRCLE37Z27Q,2025-07,,,1.0,Underwriting questions review needed,90.0
2615,REQE3P70TZ5C9F1,PRC3WOSF6GT,2025-03,,,1.0,System issue retry later,2.1666666666666665
2617,REQ7QI2VACPKHAE,PRC40W6JRST,2025-11,,,1.0,Customer request waiting response,0.041666666666666664
2620,REQQZ4ZT9WSZ7YS,PRC7Q9P8AZ8,2025-10,,,3.0,Underwriting questions review needed,1.125
2620,REQQZ4ZT9WSZ7YS,PRC7Q9P8AZ8,2025-10,,,3.0,Underwriting questions review needed,1.2083333333333333
2620,REQQZ4ZT9WSZ7YS,PRC7Q9P8AZ8,2025-10,,,3.0,Underwriting questions review needed,1.8333333333333333
2623,REQNL1D8LSURC5P,PRCHU5HUYM9,2025-11,,,1.0,Underwriting questions review needed,0.4166666666666667
2626,REQ5T4NTLACZSM3,PRCIFUT1RU2,2025-02,,,1.0,Missing documents customer to provide,2.9583333333333335
2627,REQAMYG56SKUMXD,PRC8J3TKFI3,2025-05,,,2.0,Underwriting questions review needed,0.375
2627,REQAMYG56SKUMXD,PRC8J3TKFI3,2025-05,,,2.0,Underwriting questions review needed,2.625
2632,REQGEPPH61W5LKS,PRC59FOCSOX,2025-09,,,2.0,Customer request waiting response,1.0833333333333333
2632,REQGEPPH61W5LKS,PRC59FOCSOX,2025-09,,,2.0,Customer request waiting response,1.0833333333333333
2637,REQ1N20PUAW5SN8,PRC62GYUI0O,2025-12,7.958333333333333,7+ days,1.0,Customer request waiting response,1.6666666666666667
2639,REQ8VKYXFSM0Z9P,PRCWBJDM0E6,2025-09,,,1.0,System issue retry later,1.6666666666666667
2647,REQ0K4HQEVRP5QM,PRC10CLHVAU,2025-01,,,2.0,Customer request waiting response,1.875
2651,REQFZM55VIWTL3S,PRCB0P58KDY,2025-02,3.2916666666666665,1-4 days,3.0,Unknown,3.0
2651,REQFZM55VIWTL3S,PRCB0P58KDY,2025-02,3.2916666666666665,1-4 days,3.0,Unknown,2.25
2651,REQFZM55VIWTL3S,PRCB0P58KDY,2025-02,3.2916666666666665,1-4 days,3.0,Unknown,30.291666666666668
2653,REQT702O8HE2INU,PRC1ZQY5SQY,2025-12,,,1.0,System issue retry later,2.3333333333333335
2654,REQBJMPBBMMD3S0,PRC7BTLJYD6,2025-01,,,1.0,System issue retry later,0.5833333333333334
2656,REQ1QGQKQVLF4GR,PRC121BWUC3,2025-01,,,1.0,Payment pending confirm receipt,1.4166666666666667
2657,REQT2SMFDKZ5WWU,PRCR8VCIHKR,2025-08,4.25,5-7 days,1.0,Payment pending confirm receipt,91.54166666666667
2661,REQDI3GWYUVXTQ9,PRC6QU91WC7,2025-06,,,1.0,Customer request waiting response,0.7083333333333334
2664,REQUP04G3VJMDK8,PRCJDYQ03PZ,2025-09,,,1.0,Customer request waiting response,0.4583333333333333
2665,REQZH4K7G41FR17,PRCHXHQWJSD,2025-01,,,1.0,Underwriting questions review needed,1.7916666666666667
2666,REQRL4I9PD8UR55,PRC7A3OG23V,2025-05,,,1.0,Underwriting questions review needed,1.5416666666666667
2670,REQLQ6E6AUGVL83,PRC7EOUIICU,2025-05,,,1.0,Payment pending confirm receipt,60.791666666666664
2672,REQCC64HL24TJPQ,PRC705ULIIX,2025-11,,,1.0,Missing documents customer to provide,31.416666666666668
2673,REQJVGBKZRG809S,PRCRKQOGL4G,2025-09,,,1.0,System issue retry later,2.375
2675,REQMK7OMAD39H7X,PRCPZG7N7K1,2025-08,2.375,1-4 days,1.0,Customer request waiting response,0.08333333333333333
2677,REQR35FY8FVUK7Y,PRCEV0GDD6W,2025-11,,,1.0,Payment pending confirm receipt,0.041666666666666664
2680,REQY4MV6CWRDQTW,PRCHAI1DD2W,2025-08,,,2.0,Underwriting questions review needed,1.9166666666666667
2680,REQY4MV6CWRDQTW,PRCHAI1DD2W,2025-08,,,2.0,Underwriting questions review needed,1.5
2682,REQX3JD9VWVRXYJ,PRC7OOEWC8Y,2025-11,7.791666666666667,7+ days,1.0,Payment pending confirm receipt,91.58333333333333
2689,REQ9LNBYU9LYAM1,PRC7H28BS33,2025-03,6.625,5-7 days,2.0,Underwriting questions review needed,30.291666666666668
2692,REQ5GR914TB08G8,PRCTPAZA610,2025-03,,,3.0,Underwriting questions review needed,2.7916666666666665
2692,REQ5GR914TB08G8,PRCTPAZA610,2025-03,,,3.0,Underwriting questions review needed,0.08333333333333333
2692,REQ5GR914TB08G8,PRCTPAZA610,2025-03,,,3.0,Underwriting questions review needed,2.6666666666666665
2695,REQUSFITM6C7DIE,PRC3ZJ8GSXX,2025-10,1.25,1-4 days,1.0,Missing documents customer to provide,0.8333333333333334
2701,REQR5GOVN7R9KXG,PRC6RFW8BS7,2025-08,,,2.0,Unknown,60.208333333333336
2702,REQYAH34NJW5R2Y,PRC8N5OAGIY,2025-07,,,1.0,Underwriting questions review needed,0.2916666666666667
2708,REQOCMVB2DR5TYT,PRCETC5CGBX,2025-06,,,1.0,Customer request waiting response,90.95833333333333
2709,REQXULSMBHGJAZ0,PRCHPDGYQ93,2025-11,,,2.0,Missing documents customer to provide,30.833333333333332
2709,REQXULSMBHGJAZ0,PRCHPDGYQ93,2025-11,,,2.0,Missing documents customer to provide,30.458333333333332
2713,REQO769FGFXPYA4,PRCE9LNQO3K,2025-11,,,1.0,Customer request waiting response,0.875
2716,REQQYJDAY5HQPRB,PRCJBVU4YEZ,2025-05,3.4166666666666665,1-4 days,1.0,Payment pending confirm receipt,1.0416666666666667
2717,REQAXNMXXWJELF4,PRCAOOSFIIP,2025-02,,,1.0,System issue retry later,0.20833333333333334
2718,REQL3NMOUTS8QCB,PRC3R6N12O2,2025-05,5.291666666666667,5-7 days,1.0,Customer request waiting response,0.16666666666666666
2722,REQNMTFQXYJD7W3,PRCZA4GKSVE,2025-06,,,1.0,Unknown,29.416666666666668
2726,REQSLIRX58QYG6G,PRCI3505JCE,2025-08,,,3.0,System issue retry later,1.6666666666666667
2726,REQSLIRX58QYG6G,PRCI3505JCE,2025-08,,,3.0,System issue retry later,1.0416666666666667
2726,REQSLIRX58QYG6G,PRCI3505JCE,2025-08,,,3.0,System issue retry later,0.041666666666666664
2729,REQ3SIAYS4Y44O6,PRC1W2AFP7F,2025-09,3.7083333333333335,1-4 days,1.0,Customer request waiting response,61.5
2738,REQZ3YTHJZPXWNL,PRC71WML6RL,2025-03,,,1.0,Payment pending confirm receipt,30.958333333333332
2742,REQ6EH24TJV93O9,PRCDN6NBRPA,2025-01,0.2916666666666667,1-4 days,3.0,Missing documents customer to provide,91.95833333333333
2742,REQ6EH24TJV93O9,PRCDN6NBRPA,2025-01,0.2916666666666667,1-4 days,3.0,Missing documents customer to provide,2.7916666666666665
2744,REQZXSU7N7N3GN1,PRCH36J0ULA,2025-02,,,1.0,Missing documents customer to provide,0.3333333333333333
2745,REQTR5CXCV8T0EH,PRCE0Q6NFER,2025-10,,,1.0,Missing documents customer to provide,2.875
2746,REQ88G03CXPLFDJ,PRCJ9PYYD45,2025-02,,,1.0,Unknown,61.166666666666664
2747,REQFZ1M0ND5IBUC,PRCY2UT0166,2025-08,4.708333333333333,5-7 days,1.0,Payment pending confirm receipt,1.125
2748,REQG3U8OQO0J70E,PRCDCMEV0OA,2025-04,,,1.0,Unknown,0.3333333333333333
2752,REQT9OHSXVOJLF3,PRC8UWMZEP9,2025-02,3.5416666666666665,1-4 days,1.0,Unknown,2.0833333333333335
2754,REQSG0T859YQOHQ,PRCN7YTJZ0N,2025-06,,,2.0,Underwriting questions review needed,91.45833333333333
2754,REQSG0T859YQOHQ,PRCN7YTJZ0N,2025-06,,,2.0,Underwriting questions review needed,91.79166666666667
2758,REQ496A1R7XFQFM,PRCPK2RQVEH,2025-03,,,1.0,System issue retry later,59.75
2763,REQJE66CFGVRQSY,PRC1LBRFW4K,2025-04,,,1.0,Underwriting questions review needed,2.4583333333333335
2765,REQ9700D9ZLV1IM,PRC1IEPSG6S,2025-03,3.0833333333333335,1-4 days,1.0,System issue retry later,0.4166666666666667
2776,REQM1QQS9HQ0KZ1,PRCVOR5H7C6,2025-11,,,1.0,Unknown,60.416666666666664
2777,REQD3NZ0UVVSJDZ,PRCCYD2P0NZ,2025-05,2.1666666666666665,1-4 days,1.0,System issue retry later,1.375
2778,REQBBTKWWOJ1SNH,PRCKLX6K5FB,2025-04,,,1.0,System issue retry later,1.1666666666666667
2779,REQ2UE2XVDLXN7G,PRCXB6KRK4W,2025-12,,,1.0,System issue retry later,61.291666666666664
2780,REQY8Q1404R7LWR,PRCQPF64G0S,2025-02,,,1.0,Unknown,61.208333333333336
2783,REQKFX2C7IFBAKD,PRCMG8U2Y1Q,2025-11,,,1.0,Missing documents customer to provide,61.666666666666664
2785,REQFK4ZRLJS4O2K,PRC6Y6HMPEJ,2025-12,,,1.0,Underwriting questions review needed,0.625
2786,REQGTNQ6202X3H9,PRCBNEI4UKO,2025-06,,,1.0,Underwriting questions review needed,2.375
2788,REQN61OHH2YAK6S,PRC3OLJJNUM,2025-01,,,1.0,Payment pending confirm receipt,61.875
2790,REQ7N171B2PDJ92,PRCLW6B5NVI,2025-10,6.958333333333333,5-7 days,1.0,Payment pending confirm receipt,1.6666666666666667
2792,REQ7BYXIHL8IWU3,PRCJYLF6DBC,2025-10,8.458333333333334,7+ days,2.0,Unknown,2.8333333333333335
2792,REQ7BYXIHL8IWU3,PRCJYLF6DBC,2025-10,8.458333333333334,7+ days,2.0,Unknown,2.0
2794,REQ0ZOVSYRQ3LAT,PRCJUPM560I,2025-10,,,3.0,Missing documents customer to provide,60.833333333333336
2794,REQ0ZOVSYRQ3LAT,PRCJUPM560I,2025-10,,,3.0,Missing documents customer to provide,60.583333333333336
2802,REQMX2MDMVCC4JX,PRCPPO6P2RW,2025-01,,,1.0,Underwriting questions review needed,0.3333333333333333
2803,REQTCA7TXNKQEGT,PRCKRBW9M51,2025-10,8.708333333333334,7+ days,1.0,Underwriting questions review needed,1.0
2810,REQ5DX9MOAYK9V7,PRC5NWAB7NO,2025-01,,,2.0,Underwriting questions review needed,0.7083333333333334
2810,REQ5DX9MOAYK9V7,PRC5NWAB7NO,2025-01,,,2.0,Underwriting questions review needed,1.125
2811,REQS0PVDGMJE1UL,PRCQD51EHRP,2025-07,,,1.0,Unknown,0.5833333333333334
2812,REQVG5AF5LE8ZBX,PRC7D0YRNYW,2025-05,,,1.0,Payment pending confirm receipt,3.0
2820,REQYMPTOQE9FHP8,PRCQ8YOB0R4,2025-01,5.083333333333333,5-7 days,3.0,Unknown,90.29166666666667
2820,REQYMPTOQE9FHP8,PRCQ8YOB0R4,2025-01,5.083333333333333,5-7 days,3.0,Unknown,30.666666666666668
2820,REQYMPTOQE9FHP8,PRCQ8YOB0R4,2025-01,5.083333333333333,5-7 days,3.0,Unknown,61.041666666666664
2822,REQVO8JTUTY27RY,PRC7IHYVW11,2025-07,,,1.0,Underwriting questions review needed,1.2916666666666667
2823,REQKZVEDH8DWG8B,PRC3H8XQD4L,2025-08,,,1.0,Missing documents customer to provide,0.5
2825,REQMQJURUMKR43Z,PRC1V8X6QUP,2025-02,,,1.0,Missing documents customer to provide,2.5833333333333335
2829,REQIDKKIZVYO0C3,PRC1FWAP14K,2025-11,,,1.0,Unknown,1.7083333333333333
2835,REQDYN8DSGBZBUX,PRC6Q2BEDOL,2025-03,5.291666666666667,5-7 days,1.0,Unknown,0.375
2836,REQE8OMRO38C2PK,PRCBN3HD1T3,2025-05,,,2.0,System issue retry later,0.8333333333333334
2841,REQI23D7CM67YUV,PRCH0SENIYY,2025-01,,,1.0,Underwriting questions review needed,1.75
2843,REQIGG0DCQWIHOI,PRC8UM5N641,2025-10,,,1.0,Unknown,1.875
2844,REQMDABO0T3D82M,PRC6GK05JMU,2025-10,,,1.0,Customer request waiting response,0.75
2845,REQ0EH2DDUUFK5F,PRCAW1JS08G,2025-04,,,1.0,Payment pending confirm receipt,2.75
2853,REQ8VN8FV7R5TZ8,PRC5X3VNJRS,2025-12,,,1.0,System issue retry later,2.875
2854,REQF3DTIUQFK44R,PRCFWA4PFVT,2025-07,8.041666666666666,7+ days,1.0,Unknown,0.3333333333333333
2855,REQ6M2X932A5HRI,PRCOCVKB2QL,2025-12,,,1.0,Payment pending confirm receipt,2.4583333333333335
2862,REQ0YRZ5NSISFX4,PRCMEE6XPXC,2025-04,7.416666666666667,7+ days,1.0,Payment pending confirm receipt,61.5
2864,REQVYWZB1GKOAQR,PRC5NNHELC7,2025-03,,,1.0,Missing documents customer to provide,60.875
2866,REQS67Q30KQ1XRT,PRCK2TQRW9G,2025-11,,,1.0,Missing documents customer to provide,2.2916666666666665
2867,REQ8VIYLYZDNR3M,PRCEIHLS355,2025-05,,,1.0,Missing documents customer to provide,0.25
2871,REQZE2FQDIK41VI,PRCMG994A3B,2025-06,,,2.0,System issue retry later,60.708333333333336
2872,REQZ2JG9Z8VW8ZN,PRC14Z6UENO,2025-03,,,2.0,Customer request waiting response,0.125
2872,REQZ2JG9Z8VW8ZN,PRC14Z6UENO,2025-03,,,2.0,Customer request waiting response,1.6666666666666667
2874,REQZGGUZCL7HNZO,PRCQHHAMYLA,2025-05,,,2.0,Underwriting questions review needed,0.3333333333333333
2875,REQYB73059Y3EIG,PRC0V4MCZLZ,2025-08,,,1.0,Underwriting questions review needed,0.08333333333333333
2879,REQPDGJ9J9KOK79,PRCWMSE8UWV,2025-12,,,1.0,Customer request waiting response,1.8333333333333333
2880,REQSN1UKJHO8ILU,PRCUCYCH4RS,2025-06,,,1.0,Customer request waiting response,60.583333333333336
2881,REQETEJRJ0Y4OHI,PRCA2YUXJM6,2025-07,,,1.0,Missing documents customer to provide,1.75
2892,REQLA7UYI1PAPFE,PRCOL0U7QPR,2025-01,,,1.0,Missing documents customer to provide,0.08333333333333333
2893,REQH4TNGHCTXIGU,PRC78Q0MME9,2025-10,1.5,1-4 days,1.0,Unknown,30.833333333333332
2895,REQ5MZNYZJ2Z23X,PRCXRU6TEXD,2025-02,4.625,5-7 days,2.0,Underwriting questions review needed,0.375
2895,REQ5MZNYZJ2Z23X,PRCXRU6TEXD,2025-02,4.625,5-7 days,2.0,Underwriting questions review needed,0.25
2897,REQXRELRC0CRZTS,PRC2PFXRR43,2025-01,,,1.0,Payment pending confirm receipt,29.333333333333332
2901,REQBF2MOZ69GIL9,PRCLG8ECG5K,2025-09,,,1.0,Missing documents customer to provide,29.875
2902,REQGLSOS72ONV3Z,PRC056UFO10,2025-07,,,1.0,Underwriting questions review needed,0.5833333333333334
2904,REQV4MQPX66FEG7,PRCNSSXLSSQ,2025-06,,,1.0,Unknown,91.75
2905,REQ9PMWE3MB2N05,PRCBVBTXU2A,2025-01,,,1.0,Payment pending confirm receipt,61.458333333333336
2912,REQBOV5QWQ1HIV8,PRCAWCGPV7O,2025-12,,,1.0,Payment pending confirm receipt,2.5
2913,REQU77AX7SDEFBS,PRCVCZYG5BD,2025-05,,,1.0,Unknown,31.875
2914,REQ557JZDEIII9C,PRCEC725M6R,2025-09,,,1.0,Customer request waiting response,0.20833333333333334
2917,REQTMAIFKVJ7RXB,PRCW5OCVGHK,2025-11,,,1.0,Missing documents customer to provide,2.8333333333333335
2918,REQDDWR36Z9SIBE,PRCOPK5RGYI,2025-09,7.166666666666667,7+ days,1.0,Unknown,0.7083333333333334
2921,REQSJ5M89LTS98D,PRCABJLFMYX,2025-06,,,1.0,Customer request waiting response,1.5416666666666667
2925,REQ4BNZEYS3UBD3,PRCZNTAQLNO,2025-07,,,3.0,Missing documents customer to provide,2.3333333333333335
2925,REQ4BNZEYS3UBD3,PRCZNTAQLNO,2025-07,,,3.0,Missing documents customer to provide,0.875
2925,REQ4BNZEYS3UBD3,PRCZNTAQLNO,2025-07,,,3.0,Missing documents customer to provide,2.5416666666666665
2936,REQJKVEE7MFS5ON,PRCR7S11TM2,2025-05,,,1.0,Customer request waiting response,60.708333333333336
2937,REQODBIAWM4CVO7,PRCJGLILXRD,2025-07,3.0,1-4 days,1.0,Underwriting questions review needed,0.4583333333333333
2939,REQUMYNQIV9QTEJ,PRCC1JFB4SQ,2025-04,3.0833333333333335,1-4 days,2.0,Underwriting questions review needed,2.25
2939,REQUMYNQIV9QTEJ,PRCC1JFB4SQ,2025-04,3.0833333333333335,1-4 days,2.0,Underwriting questions review needed,0.7916666666666666
2940,REQCSRZRDWOQH9R,PRCMOW8VZA7,2025-07,,,2.0,Missing documents customer to provide,1.2083333333333333
2940,REQCSRZRDWOQH9R,PRCMOW8VZA7,2025-07,,,2.0,Missing documents customer to provide,2.5
2941,REQ6TS0VUFJQZ5H,PRCIFL2MIIT,2025-04,,,1.0,Customer request waiting response,30.333333333333332
2947,REQJX0C19CP6JIX,PRCT13AZQHP,2025-11,,,1.0,Unknown,2.0416666666666665
2949,REQQL31IFMTZ77Z,PRCX5PES84W,2025-02,,,1.0,Payment pending confirm receipt,1.5
2951,REQV77YUU35JVHM,PRCF1KMZ96B,2025-12,,,1.0,Payment pending confirm receipt,2.7083333333333335
2952,REQ0LMBQWXMU008,PRC750LJL20,2025-01,,,1.0,System issue retry later,1.9583333333333333
2956,REQV7VOJ4QRSN06,PRCVTLEH13Q,2025-07,1.7083333333333333,1-4 days,1.0,Customer request waiting response,1.0
2957,REQJLPTY92QDO2J,PRCTOWU3AXC,2025-01,3.5833333333333335,1-4 days,1.0,Missing documents customer to provide,31.125
2958,REQPH6ESVADEFH4,PRCPY1PHKCE,2025-01,,,1.0,System issue retry later,61.708333333333336
2960,REQNSVMH3MW5S2S,PRC8032EGL0,2025-12,,,1.0,Missing documents customer to provide,0.25
2967,REQE6GMPNBVSN24,PRCR2I369FW,2025-02,,,1.0,Missing documents customer to provide,1.6666666666666667
2969,REQVQF62NVR3Y6S,PRCGPLDLGWU,2025-10,,,1.0,Missing documents customer to provide,0.5416666666666666
2970,REQNR6UOWJEJAJC,PRC5VAVFEVI,2025-06,,,1.0,Underwriting questions review needed,1.0
2973,REQ5UU0Y7UEBYCI,PRCXFTPM9YD,2025-10,2.5,1-4 days,1.0,Missing documents customer to provide,60.25
2980,REQ7OLW5QSZALXD,PRC26G3YRL2,2025-08,,,1.0,Customer request waiting response,1.625
2982,REQN27QGEWHRA88,PRCOLJE7OJ6,2025-01,,,1.0,System issue retry later,0.08333333333333333
2983,REQ14MZTU1GUCQG,PRCBLLNJLYM,2025-04,,,2.0,Underwriting questions review needed,2.25
2984,REQYMWVYGWB4ZXM,PRCMXCC50GF,2025-04,,,1.0,Payment pending confirm receipt,2.9583333333333335
2990,REQ1LXT4N5PP1TU,PRCFBQDU7AQ,2025-12,,,1.0,System issue retry later,30.166666666666668
2993,REQ5GLYCTCZGTDC,PRCCSY1JJJ3,2025-12,,,1.0,Customer request waiting response,0.08333333333333333
2995,REQLCZTQONT4163,PRCKCM7CBST,2025-03,,,2.0,System issue retry later,31.708333333333332
2995,REQLCZTQONT4163,PRCKCM7CBST,2025-03,,,2.0,System issue retry later,61.375
2996,REQCYV844MW9T6V,PRCVYJ4X7CA,2025-03,,,2.0,Missing documents customer to provide,1.9583333333333333
2996,REQCYV844MW9T6V,PRCVYJ4X7CA,2025-03,,,2.0,Missing documents customer to provide,2.7916666666666665
3000,REQF2YWA89HIQK1,PRC5ADKQQB0,2025-03,,,3.0,Unknown,61.958333333333336
3000,REQF2YWA89HIQK1,PRC5ADKQQB0,2025-03,,,3.0,Unknown,30.583333333333332
3000,REQF2YWA89HIQK1,PRC5ADKQQB0,2025-03,,,3.0,Unknown,30.0
3002,REQPI0Y1QKBDH7V,PRCLGUJUVAJ,2025-02,3.2083333333333335,1-4 days,1.0,Payment pending confirm receipt,0.3333333333333333
3004,REQRXRFL25HZTAI,PRCPLL3BPA9,2025-03,,,1.0,System issue retry later,0.4166666666666667
3005,REQ0LHNGUAXOXIA,PRCBZHJ03S2,2025-06,,,2.0,Unknown,0.2916666666666667
3005,REQ0LHNGUAXOXIA,PRCBZHJ03S2,2025-06,,,2.0,Unknown,2.25
3007,REQM9A2XO88QVPC,PRCUTOQ3VMJ,2025-12,,,1.0,Underwriting questions review needed,2.1666666666666665
3010,REQZIZB02QL02YQ,PRCH5T88THW,2025-08,,,2.0,Underwriting questions review needed,1.5
3011,REQ1ZA4J93JE0J9,PRCG3KQLJ4Y,2025-09,0.9166666666666666,1-4 days,2.0,Customer request waiting response,2.3333333333333335
3011,REQ1ZA4J93JE0J9,PRCG3KQLJ4Y,2025-09,0.9166666666666666,1-4 days,2.0,Customer request waiting response,0.5
3016,REQMJ42KDREM5BX,PRCM4HUQ2HR,2025-07,,,1.0,Unknown,2.1666666666666665
3021,REQEHF5515L6615,PRC47DHZEDT,2025-08,,,1.0,Unknown,29.958333333333332
3022,REQRA7IVS6B8SFN,PRCJR33NUOH,2025-01,,,1.0,System issue retry later,0.2916666666666667
3023,REQX32G3LEB4MR8,PRCGSTEKRPU,2025-07,,,2.0,System issue retry later,1.875
3023,REQX32G3LEB4MR8,PRCGSTEKRPU,2025-07,,,2.0,System issue retry later,0.5833333333333334
3026,REQN58PTS764T5A,PRCTOK2LTBG,2025-11,,,1.0,Customer request waiting response,0.20833333333333334
3030,REQZT2EMACDHC4K,PRCRGSQ69F9,2025-09,11.458333333333334,7+ days,1.0,System issue retry later,0.7083333333333334
3034,REQA5P4JYKD62CT,PRCFGUMPHL8,2025-12,,,1.0,Payment pending confirm receipt,89.41666666666667
3038,REQM87ZYUMATX90,PRCI9I8PGD2,2025-07,,,1.0,Payment pending confirm receipt,30.958333333333332
3040,REQUMVYB26U1L7Y,PRCH2NSC1IX,2025-05,,,1.0,Unknown,1.3333333333333333
3041,REQ0MNDK891641Z,PRC1WVKV444,2025-06,,,1.0,Underwriting questions review needed,2.625
3045,REQ0H0O760MYL78,PRCUIU0J531,2025-10,0.7916666666666666,1-4 days,1.0,Customer request waiting response,31.125
3048,REQ1K8O66ZKZ5ON,PRCMDOAZQTM,2025-07,,,2.0,Unknown,0.3333333333333333
3052,REQRGFDJA20ZONO,PRC5JPM3GVX,2025-02,5.5,5-7 days,1.0,Missing documents customer to provide,89.83333333333333
3053,REQJFX74D1KVJDI,PRC2APICYJH,2025-03,,,1.0,Underwriting questions review needed,2.75
3054,REQZ99YTSIT7KOI,PRC68WV9VCY,2025-04,4.791666666666667,5-7 days,1.0,System issue retry later,89.83333333333333
3058,REQHGKSV486F2KU,PRC8CH51QZL,2025-10,1.3333333333333333,1-4 days,1.0,Underwriting questions review needed,2.0
3059,REQAG1TQ1L607FG,PRCFM1BGPR3,2025-08,3.8333333333333335,1-4 days,1.0,Unknown,58.958333333333336
3062,REQ6DV0QETLAB3N,PRCZFJVFFIS,2025-02,7.5,7+ days,1.0,Underwriting questions review needed,61.166666666666664
3070,REQ08K67TIE2JUG,PRCS7VZ3LQW,2025-04,,,1.0,System issue retry later,0.08333333333333333
3073,REQ6YX50036GLNU,PRCKAPKXRRJ,2025-10,,,1.0,Underwriting questions review needed,2.5416666666666665
3074,REQ1TVZIJY4SJBU,PRCV852QGSD,2025-02,,,1.0,Underwriting questions review needed,59.041666666666664
3077,REQKD0A0DUHCEYJ,PRCHKU8YLI5,2025-10,,,2.0,Unknown,1.1666666666666667
3077,REQKD0A0DUHCEYJ,PRCHKU8YLI5,2025-10,,,2.0,Unknown,1.0416666666666667
3078,REQYUL72CU2LLAI,PRCE5QBVMD8,2025-06,,,1.0,Underwriting questions review needed,60.583333333333336
3079,REQJV8VF487JS5R,PRCI188MU52,2025-03,6.083333333333333,5-7 days,1.0,System issue retry later,0.4166666666666667
3082,REQBBSH7PJWOBYF,PRCPU25HZ40,2025-03,1.4166666666666667,1-4 days,1.0,System issue retry later,0.2916666666666667
3083,REQ1BXNVPSSP8OW,PRCY25GQDOY,2025-07,,,1.0,Missing documents customer to provide,0.08333333333333333
3085,REQ52IMQSPKG918,PRC1CL0A1GD,2025-09,,,1.0,Customer request waiting response,60.875
3087,REQJRZI06UKR7FK,PRCGKEIH9PG,2025-02,,,1.0,System issue retry later,1.7916666666666667
3090,REQSC48K6ATFYQY,PRCZ87AAUA7,2025-06,,,2.0,Customer request waiting response,61.208333333333336
3090,REQSC48K6ATFYQY,PRCZ87AAUA7,2025-06,,,2.0,Customer request waiting response,60.416666666666664
3094,REQW79QCUTOH50U,PRCA48LEEPG,2025-07,,,1.0,Missing documents customer to provide,59.458333333333336
3095,REQP4BACZWAOHVG,PRCAASV08AV,2025-12,,,1.0,Underwriting questions review needed,2.8333333333333335
3097,REQH59PJ26L3KU9,PRCSUVEFUMC,2025-08,,,3.0,Payment pending confirm receipt,1.875
3097,REQH59PJ26L3KU9,PRCSUVEFUMC,2025-08,,,3.0,Payment pending confirm receipt,0.20833333333333334
3097,REQH59PJ26L3KU9,PRCSUVEFUMC,2025-08,,,3.0,Payment pending confirm receipt,1.4583333333333333
3099,REQUJ3D66R1TN98,PRCNOS4397I,2025-12,,,2.0,Missing documents customer to provide,0.2916666666666667
3099,REQUJ3D66R1TN98,PRCNOS4397I,2025-12,,,2.0,Missing documents customer to provide,2.0833333333333335
3104,REQOCLQXJSNF1WE,PRCS1HAR3QP,2025-04,,,1.0,Customer request waiting response,0.9583333333333334
3105,REQPI8NC2O6FD0X,PRCOJOHA58C,2025-05,10.583333333333334,7+ days,3.0,Payment pending confirm receipt,60.958333333333336
3105,REQPI8NC2O6FD0X,PRCOJOHA58C,2025-05,10.583333333333334,7+ days,3.0,Payment pending confirm receipt,30.25
3105,REQPI8NC2O6FD0X,PRCOJOHA58C,2025-05,10.583333333333334,7+ days,3.0,Payment pending confirm receipt,1.6666666666666667
3106,REQNOYI9QK1XPS1,PRC7YDEZUMB,2025-03,,,2.0,Underwriting questions review needed,29.916666666666668
3106,REQNOYI9QK1XPS1,PRC7YDEZUMB,2025-03,,,2.0,Underwriting questions review needed,62.208333333333336
3107,REQCP5KYZGRLC1L,PRC2OSCNAGO,2025-07,,,1.0,Customer request waiting response,61.708333333333336
3109,REQVF67EB2AZ2WJ,PRCPS8X5JCE,2025-09,2.2083333333333335,1-4 days,1.0,Payment pending confirm receipt,31.0
3110,REQQYWQ0JAXNQ3C,PRCVM88VWCC,2025-04,,,1.0,Underwriting questions review needed,1.0
3113,REQPOKXFCC881YD,PRCXBCEJ5MU,2025-05,11.5,7+ days,1.0,Customer request waiting response,31.208333333333332
3119,REQM5ICGHD9UR1B,PRC352ZDQZF,2025-10,,,1.0,System issue retry later,0.20833333333333334
3126,REQI2UJ2P7QF83A,PRC0ODFECSC,2025-10,2.75,1-4 days,2.0,System issue retry later,2.2916666666666665
3126,REQI2UJ2P7QF83A,PRC0ODFECSC,2025-10,2.75,1-4 days,2.0,System issue retry later,1.2916666666666667
3129,REQG4EE9DU6G8LX,PRC1IEURWCH,2025-08,,,1.0,Customer request waiting response,28.583333333333332
3131,REQS8WCFZRXMZX1,PRCF51JFRTX,2025-01,,,1.0,Customer request waiting response,0.8333333333333334
3132,REQQR4LLERZ114X,PRCPGTF5PJ0,2025-08,5.625,5-7 days,1.0,Customer request waiting response,0.2916666666666667
3138,REQUH8G7ARPN5RY,PRC2FK4QXEW,2025-05,,,2.0,Payment pending confirm receipt,3.0
3138,REQUH8G7ARPN5RY,PRC2FK4QXEW,2025-05,,,2.0,Payment pending confirm receipt,0.08333333333333333
3140,REQ7W9E1YERSS6K,PRCVQIA8Q9W,2025-05,,,1.0,Payment pending confirm receipt,1.75
3141,REQZ5I9QRAJ0KWJ,PRC8BNT33NB,2025-07,2.3333333333333335,1-4 days,1.0,Underwriting questions review needed,58.458333333333336
3144,REQVWVONKRFHM4M,PRCKEQGK1LQ,2025-04,,,1.0,Unknown,30.958333333333332
3145,REQPIU9H6W4EK2B,PRCONWU5VML,2025-06,,,2.0,Missing documents customer to provide,1.0416666666666667
3145,REQPIU9H6W4EK2B,PRCONWU5VML,2025-06,,,2.0,Missing documents customer to provide,0.9166666666666666
3146,REQ9AUP3QOMWKHS,PRCLK463JPZ,2025-08,,,1.0,Payment pending confirm receipt,60.708333333333336
3152,REQJE8O8XI82W3F,PRCM1DHO6UW,2025-01,,,1.0,Underwriting questions review needed,89.29166666666667
3156,REQXZ8HR0E7ENGH,PRCMQXX2SRL,2025-07,,,1.0,Missing documents customer to provide,2.125
3157,REQKC8J3HWOV47A,PRCD1VAZC4R,2025-04,,,1.0,Payment pending confirm receipt,1.0833333333333333
3158,REQKF5XGQ722F69,PRCDSPGUVBZ,2025-12,,,1.0,Customer request waiting response,31.083333333333332
3160,REQSM97ERQABD5U,PRC99Y37PFM,2025-11,,,1.0,Missing documents customer to provide,1.1666666666666667
3162,REQBR1XPMB0C5Q6,PRCYAQWM87C,2025-01,,,1.0,Payment pending confirm receipt,2.4166666666666665
3168,REQLJH2ZKVB2UEB,PRCILAABV37,2025-05,10.583333333333334,7+ days,1.0,Underwriting questions review needed,2.4583333333333335
3172,REQEHSRJ3JILNSA,PRCC2LLWAAB,2025-12,,,3.0,Unknown,2.2083333333333335
3172,REQEHSRJ3JILNSA,PRCC2LLWAAB,2025-12,,,3.0,Unknown,27.416666666666668
3172,REQEHSRJ3JILNSA,PRCC2LLWAAB,2025-12,,,3.0,Unknown,61.083333333333336
3174,REQNBOQ22TE2YGZ,PRC7R427KOO,2025-10,2.875,1-4 days,1.0,Underwriting questions review needed,0.9166666666666666
3179,REQQNWUZ0AHKW5F,PRCWXV62WKZ,2025-03,,,1.0,Missing documents customer to provide,30.875
3182,REQYW3SIPVO6N5E,PRC35L2E248,2025-10,,,1.0,System issue retry later,90.75
3183,REQ4TVPW7IKMO0E,PRCIYRCYAB1,2025-06,5.0,5-7 days,1.0,Customer request waiting response,1.875
3185,REQZM177RWC1BDB,PRCD1TYIXM0,2025-11,,,1.0,Customer request waiting response,0.16666666666666666
3188,REQVSDVZUFQAJ9A,PRCFD88LJ8Y,2025-11,3.5833333333333335,1-4 days,1.0,Underwriting questions review needed,2.125
3192,REQLJ140FO3HKVM,PRCFMK5HITN,2025-03,,,1.0,System issue retry later,60.125
3195,REQ3L4XINHQL556,PRCUHB7M2Q9,2025-01,,,1.0,Underwriting questions review needed,2.25
3197,REQBBGXK9M4STYX,PRC8447G3JL,2025-12,,,1.0,Missing documents customer to provide,0.3333333333333333
3198,REQBZ6ZZG1K0W7M,PRCWZVWICPK,2025-09,,,2.0,Customer request waiting response,2.9583333333333335
3198,REQBZ6ZZG1K0W7M,PRCWZVWICPK,2025-09,,,2.0,Customer request waiting response,2.25
3200,REQLY7PZOTL12WH,PRCRF2NDNRY,2025-09,2.2083333333333335,1-4 days,1.0,Missing documents customer to provide,2.6666666666666665
3203,REQQOGOJ469UGF0,PRCZ7MS4KDN,2025-02,5.375,5-7 days,1.0,Unknown,31.291666666666668
3205,REQOOEYBJN1TN4Q,PRC8XHNU6DQ,2025-03,,,2.0,Underwriting questions review needed,1.25
3205,REQOOEYBJN1TN4Q,PRC8XHNU6DQ,2025-03,,,2.0,Underwriting questions review needed,0.08333333333333333
3207,REQWD7N6DNEXFRX,PRCV1NTJUEY,2025-05,6.083333333333333,5-7 days,1.0,Payment pending confirm receipt,0.041666666666666664
3208,REQ6LXYXR028IRX,PRCIVPVZICG,2025-07,,,1.0,Missing documents customer to provide,61.458333333333336
3209,REQGS0IBMTWVU11,PRC4WIKI1DX,2025-01,,,1.0,Payment pending confirm receipt,30.5
3211,REQFR1G9U7SY8QZ,PRCCJ69BC31,2025-09,,,1.0,Payment pending confirm receipt,29.166666666666668
3213,REQCE7KJ2STPGSU,PRCXY7EDLRJ,2025-05,,,2.0,Missing documents customer to provide,59.333333333333336
3213,REQCE7KJ2STPGSU,PRCXY7EDLRJ,2025-05,,,2.0,Missing documents customer to provide,61.375
3214,REQE1Q7LCFE4U0A,PRC91QBKBXS,2025-09,1.6666666666666667,1-4 days,1.0,System issue retry later,31.333333333333332
3217,REQXOKF3NNZASBI,PRCBPDDJYYQ,2025-05,9.708333333333334,7+ days,1.0,Underwriting questions review needed,30.833333333333332
3218,REQOTDQ2F63QRDH,PRCEQW6SMVM,2025-09,,,1.0,Underwriting questions review needed,89.0
3219,REQLCN8AWV0XGBE,PRCD4CSWCSM,2025-04,,,2.0,Payment pending confirm receipt,0.16666666666666666
3219,REQLCN8AWV0XGBE,PRCD4CSWCSM,2025-04,,,2.0,Payment pending confirm receipt,1.5833333333333333
3222,REQ5CA2BCMBGTQU,PRC7S51SYQB,2025-02,,,1.0,System issue retry later,0.8333333333333334
3225,REQJBW4RUYD3CTL,PRC01ZBMYKT,2025-05,1.25,1-4 days,1.0,Missing documents customer to provide,0.9166666666666666
3230,REQ4GD7V0GGV39V,PRC1DWGB3OV,2025-11,3.7916666666666665,1-4 days,2.0,Customer request waiting response,2.375
3230,REQ4GD7V0GGV39V,PRC1DWGB3OV,2025-11,3.7916666666666665,1-4 days,2.0,Customer request waiting response,0.6666666666666666
3232,REQSH30AT8HIRN3,PRCSIK9XGPB,2025-09,,,1.0,System issue retry later,90.66666666666667
3235,REQY1C2WXST8U5C,PRC0IGRYFYR,2025-07,,,1.0,Underwriting questions review needed,2.6666666666666665
3236,REQ9PFBOHEVH4NL,PRCS780ZIHQ,2025-02,,,1.0,Payment pending confirm receipt,91.70833333333333
3241,REQ1CU77AL55KSP,PRC84FLSB9Y,2025-10,,,3.0,Unknown,1.5
3241,REQ1CU77AL55KSP,PRC84FLSB9Y,2025-10,,,3.0,Unknown,3.0
3241,REQ1CU77AL55KSP,PRC84FLSB9Y,2025-10,,,3.0,Unknown,1.9583333333333333
3242,REQUZXHO6AWA0RL,PRCCHGE09G8,2025-06,6.75,5-7 days,2.0,Missing documents customer to provide,2.4583333333333335
3242,REQUZXHO6AWA0RL,PRCCHGE09G8,2025-06,6.75,5-7 days,2.0,Missing documents customer to provide,0.875
3243,REQ5DYKYTG9CN4F,PRCE99XYGYS,2025-03,,,1.0,System issue retry later,2.1666666666666665
3246,REQX59NCKFN9KNT,PRCB26J67QF,2025-02,,,2.0,System issue retry later,0.041666666666666664
3246,REQX59NCKFN9KNT,PRCB26J67QF,2025-02,,,2.0,System issue retry later,0.25
3247,REQ323JLSM3SHM1,PRCI41HMJC8,2025-07,,,1.0,Payment pending confirm receipt,0.25
3249,REQJUXN9LBAOFDG,PRC3R51CDQ9,2025-09,,,2.0,Underwriting questions review needed,92.0
3249,REQJUXN9LBAOFDG,PRC3R51CDQ9,2025-09,,,2.0,Underwriting questions review needed,91.95833333333333
3251,REQN1OHWHSME1F3,PRCI09ZL857,2025-12,,,2.0,Payment pending confirm receipt,1.4583333333333333
3251,REQN1OHWHSME1F3,PRCI09ZL857,2025-12,,,2.0,Payment pending confirm receipt,0.16666666666666666
3252,REQZ5HZMY5T0VGU,PRC6OTHC791,2025-04,1.3333333333333333,1-4 days,2.0,Payment pending confirm receipt,58.583333333333336
3252,REQZ5HZMY5T0VGU,PRC6OTHC791,2025-04,1.3333333333333333,1-4 days,2.0,Payment pending confirm receipt,30.75
3256,REQ8AO9ONZAOVAS,PRCAVP1JC5Z,2025-12,,,1.0,Customer request waiting response,31.0
3257,REQOYY0XNPITFPI,PRCCHK6KOZQ,2025-05,,,1.0,Underwriting questions review needed,91.95833333333333
3261,REQQV5C7G8KHL8J,PRCOLMWXFGE,2025-04,,,1.0,System issue retry later,59.125
3263,REQKTFGYZ1VWXUK,PRC8CETBDMH,2025-04,,,3.0,Payment pending confirm receipt,88.70833333333333
3263,REQKTFGYZ1VWXUK,PRC8CETBDMH,2025-04,,,3.0,Payment pending confirm receipt,61.125
3263,REQKTFGYZ1VWXUK,PRC8CETBDMH,2025-04,,,3.0,Payment pending confirm receipt,30.333333333333332
3269,REQJOINDFQFAUMC,PRC793NUC61,2025-09,,,1.0,Missing documents customer to provide,2.1666666666666665
3271,REQDR1SY3LHGBUT,PRCQ4URF46R,2025-07,,,1.0,Missing documents customer to provide,0.4166666666666667
3273,REQJRMN72SDIXXM,PRCXBCI5YP1,2025-07,,,1.0,Missing documents customer to provide,30.333333333333332
3275,REQ2FV160FI4ALX,PRCE08LXK54,2025-12,,,1.0,Unknown,0.2916666666666667
3280,REQ6GDNF0WC38RU,PRC40458J9V,2025-08,,,3.0,Unknown,0.20833333333333334
3280,REQ6GDNF0WC38RU,PRC40458J9V,2025-08,,,3.0,Unknown,91.625
3280,REQ6GDNF0WC38RU,PRC40458J9V,2025-08,,,3.0,Unknown,61.958333333333336
3284,REQRXVA7G32WUQG,PRCSFNQVPBX,2025-08,6.625,5-7 days,1.0,Missing documents customer to provide,31.791666666666668
3286,REQSO4NW9VLU662,PRCYENRE9M4,2025-03,,,1.0,Payment pending confirm receipt,2.3333333333333335
3291,REQKH5EUJE5MICE,PRCY5ZSBXQM,2025-09,,,2.0,Customer request waiting response,30.166666666666668
3291,REQKH5EUJE5MICE,PRCY5ZSBXQM,2025-09,,,2.0,Customer request waiting response,91.08333333333333
3293,REQX9YRKKOOH3OQ,PRCRV8J1OV7,2025-12,6.708333333333333,5-7 days,1.0,Payment pending confirm receipt,1.375
3302,REQXV32TWTS34C2,PRCRXTVJVHM,2025-09,,,1.0,System issue retry later,0.875
3304,REQLEUUZ6KR80SD,PRC2LL67E04,2025-08,,,3.0,Customer request waiting response,3.0
3304,REQLEUUZ6KR80SD,PRC2LL67E04,2025-08,,,3.0,Customer request waiting response,1.5416666666666667
3304,REQLEUUZ6KR80SD,PRC2LL67E04,2025-08,,,3.0,Customer request waiting response,1.75
3305,REQFAY1CFRSJWR6,PRCEOXNIK6U,2025-07,4.833333333333333,5-7 days,1.0,System issue retry later,30.375
3306,REQ3XGUVOVOT25F,PRC78VD6RQJ,2025-12,,,2.0,Missing documents customer to provide,1.5
3306,REQ3XGUVOVOT25F,PRC78VD6RQJ,2025-12,,,2.0,Missing documents customer to provide,1.7083333333333333
3309,REQDMV93MBDDSCW,PRCGPYQMAII,2025-05,,,1.0,Payment pending confirm receipt,2.9583333333333335
3310,REQG3KDTOYM1CG9,PRC5FAY41KI,2025-06,,,3.0,System issue retry later,31.25
3310,REQG3KDTOYM1CG9,PRC5FAY41KI,2025-06,,,3.0,System issue retry later,60.708333333333336
3313,REQZFYVR4HIYIJR,PRCTJAM13PW,2025-01,,,3.0,System issue retry later,91.625
3313,REQZFYVR4HIYIJR,PRCTJAM13PW,2025-01,,,3.0,System issue retry later,1.2083333333333333
3321,REQ76XN0N4UXLMB,PRC25V2S343,2025-03,,,1.0,Payment pending confirm receipt,89.79166666666667
3323,REQRP2N46TUM6WH,PRCJR2XWRPH,2025-10,,,1.0,Underwriting questions review needed,27.958333333333332
3324,REQHE2JH2GXNFXG,PRCF53K19GE,2025-01,,,3.0,Underwriting questions review needed,1.125
3324,REQHE2JH2GXNFXG,PRCF53K19GE,2025-01,,,3.0,Underwriting questions review needed,2.75
3324,REQHE2JH2GXNFXG,PRCF53K19GE,2025-01,,,3.0,Underwriting questions review needed,1.4583333333333333
3326,REQ9XGQMNJ37581,PRC9UKDVJG6,2025-06,,,1.0,Payment pending confirm receipt,28.041666666666668
3328,REQ3OETVKF8ZOZ0,PRCUQHZS9FR,2025-02,,,1.0,Missing documents customer to provide,2.4583333333333335
3334,REQQE0MMPAEZJMQ,PRC0736XNXA,2025-02,,,1.0,Customer request waiting response,0.6666666666666666
3335,REQ4HY251QDURXT,PRC407PT08F,2025-10,,,1.0,Missing documents customer to provide,58.625
3340,REQ1CLM8NPIGOFC,PRCBS887N86,2025-11,,,1.0,Underwriting questions review needed,2.2083333333333335
3341,REQMLUDLY2WT38H,PRCVU2JDZW0,2025-12,,,1.0,Payment pending confirm receipt,59.958333333333336
3342,REQQL1G284W15TU,PRCASA9E707,2025-01,4.5,5-7 days,2.0,Missing documents customer to provide,1.4166666666666667
3342,REQQL1G284W15TU,PRCASA9E707,2025-01,4.5,5-7 days,2.0,Missing documents customer to provide,0.4166666666666667
3344,REQQI2SL765E47E,PRCXK49OKJA,2025-12,1.125,1-4 days,1.0,Unknown,2.5833333333333335
3355,REQ5MVVEAPQ4V2O,PRCADVL3DMN,2025-02,,,1.0,Customer request waiting response,1.5
3358,REQHHR6TS031LJW,PRCNJHAAB7A,2025-10,4.708333333333333,5-7 days,1.0,Customer request waiting response,30.875
3359,REQRFOWY4BPABV2,PRCDR1Z13T0,2025-04,4.708333333333333,5-7 days,1.0,System issue retry later,31.791666666666668
3364,REQSKGPRDFR68YQ,PRCK1VW916M,2025-10,0.9583333333333334,1-4 days,1.0,Payment pending confirm receipt,1.4583333333333333
3366,REQKYIQDUJPWYMP,PRCTJUKCEWW,2025-06,,,1.0,Underwriting questions review needed,91.83333333333333
3367,REQVOMAVAWKWDMF,PRCJVZ6ZL32,2025-11,8.083333333333334,7+ days,1.0,Unknown,30.125
3369,REQM12TC6E3FZNT,PRCX6QHMN66,2025-02,,,1.0,Underwriting questions review needed,2.4166666666666665
3370,REQJ1DJQAC7N88M,PRCPZB1MTD7,2025-10,,,1.0,Customer request waiting response,61.0
3373,REQO19WBH880ON8,PRCY95Y58S9,2025-08,,,1.0,Underwriting questions review needed,30.875
3377,REQ7Y95BMSXSJEH,PRC3IXSZ11H,2025-03,,,1.0,Payment pending confirm receipt,62.333333333333336
3379,REQ31WZ5WZAAFBR,PRCUCVI0LVH,2025-03,2.5,1-4 days,1.0,Missing documents customer to provide,60.75
3383,REQSGYLOZPM0C6F,PRCCKJE2NLC,2025-02,,,2.0,Underwriting questions review needed,1.5833333333333333
3387,REQ8796JG8HE79J,PRCJAHM1LOC,2025-04,,,1.0,System issue retry later,91.58333333333333
3391,REQL2RWP7BZTYBP,PRCD4H3LDBG,2025-02,,,3.0,Unknown,60.416666666666664
3391,REQL2RWP7BZTYBP,PRCD4H3LDBG,2025-02,,,3.0,Unknown,31.583333333333332
3391,REQL2RWP7BZTYBP,PRCD4H3LDBG,2025-02,,,3.0,Unknown,30.958333333333332
3395,REQVBTAU9S44H90,PRCWKGOG26I,2025-02,,,1.0,Underwriting questions review needed,1.875
3397,REQ0FXZLDPQC9NL,PRCR2PO1MT4,2025-08,8.666666666666666,7+ days,2.0,Payment pending confirm receipt,0.8333333333333334
3397,REQ0FXZLDPQC9NL,PRCR2PO1MT4,2025-08,8.666666666666666,7+ days,2.0,Payment pending confirm receipt,2.9166666666666665
3398,REQHPOLFKSF4N2M,PRCJWXAOYDL,2025-10,,,1.0,Missing documents customer to provide,2.0416666666666665
3399,REQEQ42BZ4BVNP9,PRCL0F999C4,2025-05,,,1.0,Missing documents customer to provide,2.0
3400,REQGVFEQ8DN7BDH,PRCXS21PNLQ,2025-10,2.8333333333333335,1-4 days,1.0,System issue retry later,0.5416666666666666
3401,REQUXEKU57EDZI4,PRCKCYKCTMX,2025-05,4.208333333333333,5-7 days,2.0,Customer request waiting response,1.4583333333333333
3401,REQUXEKU57EDZI4,PRCKCYKCTMX,2025-05,4.208333333333333,5-7 days,2.0,Customer request waiting response,0.08333333333333333
3404,REQ7AMA720UPAB6,PRC0NYA0HP2,2025-12,,,2.0,System issue retry later,28.083333333333332
3404,REQ7AMA720UPAB6,PRC0NYA0HP2,2025-12,,,2.0,System issue retry later,61.5
3406,REQJHD5LY3PGNNS,PRCRPCMOPFA,2025-10,,,1.0,Underwriting questions review needed,1.7083333333333333
3411,REQTSBGKFDC2ZZH,PRCTEC3TCCL,2025-11,,,2.0,Underwriting questions review needed,0.9166666666666666
3411,REQTSBGKFDC2ZZH,PRCTEC3TCCL,2025-11,,,2.0,Underwriting questions review needed,0.625
3413,REQTBGY0GOR2EH1,PRC22CG658W,2025-07,,,1.0,Payment pending confirm receipt,60.875
3415,REQYMD47PVTAFCJ,PRCW7LKE6J6,2025-05,3.375,1-4 days,2.0,System issue retry later,0.7916666666666666
3415,REQYMD47PVTAFCJ,PRCW7LKE6J6,2025-05,3.375,1-4 days,2.0,System issue retry later,0.75
3416,REQFE35MGY09WEE,PRC5TDF7WAP,2025-03,14.833333333333334,7+ days,1.0,Underwriting questions review needed,2.2916666666666665
3417,REQVPWR0SPUE7BU,PRCFKZJXTB4,2025-10,,,1.0,System issue retry later,61.791666666666664
3418,REQ8E0T96E9B0LI,PRCP85SPFC1,2025-04,,,1.0,Underwriting questions review needed,0.375
3419,REQMJ79WFYLZ1I4,PRCNHX4HL8L,2025-09,,,1.0,System issue retry later,0.3333333333333333
3423,REQ9SE8OJZU0O0G,PRCHMV4VB7G,2025-07,,,2.0,Underwriting questions review needed,30.791666666666668
3423,REQ9SE8OJZU0O0G,PRCHMV4VB7G,2025-07,,,2.0,Underwriting questions review needed,0.08333333333333333
3426,REQWGIIGBO2H79V,PRCAKI6FYYI,2025-03,,,1.0,Payment pending confirm receipt,1.5833333333333333
3428,REQXQOO16LTDLJF,PRC0RCH9TGQ,2025-11,2.7083333333333335,1-4 days,2.0,Missing documents customer to provide,1.5833333333333333
3428,REQXQOO16LTDLJF,PRC0RCH9TGQ,2025-11,2.7083333333333335,1-4 days,2.0,Missing documents customer to provide,0.9166666666666666
3431,REQ93SFT9ZKR5KG,PRCJTSEYOMT,2025-08,,,1.0,Payment pending confirm receipt,2.9583333333333335
3435,REQN2B1IA22NZCW,PRCFJ5SR0IL,2025-09,,,2.0,Customer request waiting response,2.2083333333333335
3435,REQN2B1IA22NZCW,PRCFJ5SR0IL,2025-09,,,2.0,Customer request waiting response,2.5
3439,REQBQ9S3XAV319H,PRC5350SLO7,2025-03,,,1.0,Missing documents customer to provide,2.9583333333333335
3440,REQJ34FRQPTZIGT,PRCVPLLUP1I,2025-09,,,2.0,Customer request waiting response,0.7083333333333334
3440,REQJ34FRQPTZIGT,PRCVPLLUP1I,2025-09,,,2.0,Customer request waiting response,1.1666666666666667
3449,REQQBF4L3KX55A1,PRC30UYY4U5,2025-08,,,1.0,Customer request waiting response,2.5416666666666665
3450,REQEY8RSH7NMOJD,PRCDSD7V2PW,2025-04,4.083333333333333,5-7 days,1.0,Unknown,1.75
3454,REQLKLMS7BE2EW4,PRCATFIR4T3,2025-09,,,2.0,Unknown,30.416666666666668
3454,REQLKLMS7BE2EW4,PRCATFIR4T3,2025-09,,,2.0,Unknown,60.916666666666664
3458,REQBXXWDPEXZGOC,PRC7F09O3K3,2025-05,,,1.0,Missing documents customer to provide,0.125
3460,REQ6NFPRSYMEVPR,PRCI066CHEC,2025-08,,,2.0,System issue retry later,0.7083333333333334
3460,REQ6NFPRSYMEVPR,PRCI066CHEC,2025-08,,,2.0,System issue retry later,1.875
3464,REQLIKG5F4ADYUU,PRCNUIIGN3K,2025-11,11.5,7+ days,1.0,Unknown,0.7083333333333334
3465,REQLYGDAHHEMX54,PRCSXUXKAT4,2025-06,,,2.0,Unknown,61.833333333333336
3466,REQSD5VKPLJRCW9,PRC1VITLBHW,2025-03,,,2.0,Unknown,2.0833333333333335
3466,REQSD5VKPLJRCW9,PRC1VITLBHW,2025-03,,,2.0,Unknown,1.3333333333333333
3471,REQDNEAKNBFEGSL,PRCS8IS7OOU,2025-01,6.25,5-7 days,1.0,Customer request waiting response,2.25
3473,REQ1K2JGPYUYPH4,PRCHWZ8ZPN7,2025-07,,,2.0,Underwriting questions review needed,2.9166666666666665
3473,REQ1K2JGPYUYPH4,PRCHWZ8ZPN7,2025-07,,,2.0,Underwriting questions review needed,1.6666666666666667
3475,REQ4J4FW7RYVMDQ,PRC3ZKW8TKI,2025-06,1.9166666666666667,1-4 days,2.0,Payment pending confirm receipt,89.45833333333333
3475,REQ4J4FW7RYVMDQ,PRC3ZKW8TKI,2025-06,1.9166666666666667,1-4 days,2.0,Payment pending confirm receipt,90.83333333333333
3476,REQ1NBC87Q9RLS6,PRCPOGGLA0V,2025-04,,,2.0,Underwriting questions review needed,0.5
3478,REQUKMWMRKP3RYR,PRCHTXU6HSZ,2025-02,,,2.0,System issue retry later,0.20833333333333334
3478,REQUKMWMRKP3RYR,PRCHTXU6HSZ,2025-02,,,2.0,System issue retry later,2.375
3482,REQPM6GNFXFK6NV,PRCYRHL9TDZ,2025-07,,,1.0,Missing documents customer to provide,60.916666666666664
3483,REQ36UVRDLR45ZR,PRCE1GYIXEO,2025-03,,,2.0,Underwriting questions review needed,30.375
3483,REQ36UVRDLR45ZR,PRCE1GYIXEO,2025-03,,,2.0,Underwriting questions review needed,31.833333333333332
3487,REQF1JVRTYALUZ7,PRCCKW2RO4G,2025-09,,,1.0,System issue retry later,61.625
3490,REQJT2LENVXOESK,PRCLX3PXXLZ,2025-10,2.9166666666666665,1-4 days,1.0,Unknown,1.75
3491,REQUJ2XTJY1Z8H2,PRCG1UU6V3N,2025-09,,,1.0,Underwriting questions review needed,1.375
3493,REQWM487AP58FG4,PRCU9HAPYDW,2025-10,2.375,1-4 days,3.0,Payment pending confirm receipt,28.458333333333332
3493,REQWM487AP58FG4,PRCU9HAPYDW,2025-10,2.375,1-4 days,3.0,Payment pending confirm receipt,90.875
3493,REQWM487AP58FG4,PRCU9HAPYDW,2025-10,2.375,1-4 days,3.0,Payment pending confirm receipt,30.833333333333332
3496,REQTGB5BGQUOELH,PRCT4OEX4IE,2025-05,,,1.0,Missing documents customer to provide,1.0833333333333333
3498,REQRRMGMEYXBL3S,PRCF5R97RW4,2025-08,,,1.0,System issue retry later,1.6666666666666667
3499,REQDX0A1WQX5519,PRC1C6CM9NW,2025-04,,,2.0,Payment pending confirm receipt,0.4583333333333333
3500,REQYEWHI1MPXP8P,PRCPB02XQWC,2025-05,,,1.0,Underwriting questions review needed,1.0
3505,REQESZMMANSUGE6,PRCRLAKBR5A,2025-12,,,2.0,Customer request waiting response,0.9583333333333334
3505,REQESZMMANSUGE6,PRCRLAKBR5A,2025-12,,,2.0,Customer request waiting response,2.9166666666666665
3508,REQQ2M71BACLXDQ,PRCODX9535S,2025-08,7.083333333333333,7+ days,1.0,Missing documents customer to provide,0.4166666666666667
3511,REQ7C4RT1S4QEVK,PRCJLRK0H2H,2025-06,2.75,1-4 days,2.0,Underwriting questions review needed,0.041666666666666664
3511,REQ7C4RT1S4QEVK,PRCJLRK0H2H,2025-06,2.75,1-4 days,2.0,Underwriting questions review needed,1.6666666666666667
3522,REQPVPANLK2T4X8,PRC339L5RDN,2025-12,,,1.0,Underwriting questions review needed,0.5833333333333334
3523,REQVCKURLYKDPGR,PRCZZ0GUGLF,2025-11,,,1.0,Missing documents customer to provide,0.9583333333333334
3524,REQAQ6ETVJ33NA1,PRCRF95879N,2025-01,7.0,5-7 days,2.0,Customer request waiting response,1.7916666666666667
3524,REQAQ6ETVJ33NA1,PRCRF95879N,2025-01,7.0,5-7 days,2.0,Customer request waiting response,0.5416666666666666
3525,REQ10TCETKUNCYA,PRCPDO0UVGL,2025-05,,,1.0,Payment pending confirm receipt,1.9166666666666667
3526,REQV0RM6L1KF4FU,PRCE456CGYV,2025-11,,,1.0,Underwriting questions review needed,0.7916666666666666
3529,REQX0A8BR4KNDZ0,PRCKTG3YZT3,2025-09,,,1.0,Payment pending confirm receipt,1.5833333333333333
3531,REQ5AICWF42BYI3,PRC34L5JB8J,2025-06,,,1.0,Unknown,0.16666666666666666
3533,REQQ21JSC47Y0PH,PRCJT3FK54F,2025-09,,,1.0,Missing documents customer to provide,62.125
3534,REQE78B6CIFKYJK,PRCHSDLWMLE,2025-08,,,2.0,Customer request waiting response,1.9583333333333333
3539,REQFSTV3S9NFLQ9,PRCJ6FF15M6,2025-12,,,1.0,Missing documents customer to provide,30.625
3545,REQ6BCOCSEXBZ1L,PRCGBLQZ3OL,2025-12,,,1.0,System issue retry later,0.3333333333333333
3546,REQ30G7FUY3G6TT,PRCR0BIV7CN,2025-03,8.5,7+ days,1.0,Underwriting questions review needed,1.5416666666666667
3547,REQMGNSMKGFRKJE,PRCJN7ZQVDL,2025-03,3.5416666666666665,1-4 days,1.0,System issue retry later,2.4583333333333335
3548,REQUT30OA173PYM,PRC2KI9B8BZ,2025-03,,,2.0,Unknown,0.7083333333333334
3548,REQUT30OA173PYM,PRC2KI9B8BZ,2025-03,,,2.0,Unknown,1.625
3551,REQ4VK16R7KUB9Z,PRCWWPEDTWC,2025-08,,,1.0,Missing documents customer to provide,58.916666666666664
3558,REQQMEP9YZMINBE,PRCF9VALMJZ,2025-12,,,1.0,Underwriting questions review needed,30.583333333333332
3561,REQ3HGRDUSIJFS0,PRC5LBD3LVI,2025-01,,,1.0,Underwriting questions review needed,2.9166666666666665
3563,REQ5IDCFXMCZRKO,PRCQ0OY1T49,2025-11,,,2.0,Payment pending confirm receipt,0.75
3563,REQ5IDCFXMCZRKO,PRCQ0OY1T49,2025-11,,,2.0,Payment pending confirm receipt,2.7083333333333335
3567,REQ4AUXN102G3BX,PRCK3B5OU2E,2025-01,,,1.0,Missing documents customer to provide,2.2916666666666665
3568,REQI5HYKOS08PIH,PRC6U2R0PXW,2025-09,,,1.0,System issue retry later,1.9166666666666667
3570,REQEZFWZHC6YJRJ,PRCCY4421PO,2025-12,,,2.0,Missing documents customer to provide,61.25
3570,REQEZFWZHC6YJRJ,PRCCY4421PO,2025-12,,,2.0,Missing documents customer to provide,31.333333333333332
3571,REQ1MNBE7TLVQ6N,PRCDTGO40B4,2025-03,,,1.0,Missing documents customer to provide,2.8333333333333335
3576,REQPLBJ4669FT9Y,PRCH8WLJ3G7,2025-12,,,1.0,Unknown,1.8333333333333333
3579,REQP3BA234S7KW0,PRC2WIB6TT3,2025-01,3.2916666666666665,1-4 days,1.0,Missing documents customer to provide,1.4166666666666667
3583,REQ7R6F8B2COQ5W,PRC1US00XP0,2025-07,6.666666666666667,5-7 days,2.0,Customer request waiting response,1.375
3583,REQ7R6F8B2COQ5W,PRC1US00XP0,2025-07,6.666666666666667,5-7 days,2.0,Customer request waiting response,1.875
3584,REQVSXYMFHVAH7K,PRC9TAIK7G5,2025-06,,,1.0,Unknown,91.625
3586,REQC24UZO8F6UVT,PRCXP6TF1BW,2025-11,,,1.0,Underwriting questions review needed,2.125
3589,REQKDMOKK73FH01,PRCZA1RPH6W,2025-04,,,2.0,Unknown,89.5
3589,REQKDMOKK73FH01,PRCZA1RPH6W,2025-04,,,2.0,Unknown,90.125
3591,REQBR5IAVNLZMZZ,PRC3PRK7EOT,2025-03,,,1.0,Payment pending confirm receipt,61.916666666666664
3608,REQZPHU6AYHKK0C,PRCO7DUPXJ4,2025-01,,,2.0,Unknown,1.7916666666666667
3608,REQZPHU6AYHKK0C,PRCO7DUPXJ4,2025-01,,,2.0,Unknown,2.5416666666666665
3616,REQGN5V6IIRIMWH,PRCOT8N5ECM,2025-05,,,1.0,Underwriting questions review needed,29.875
3617,REQYU34PO3S6TVF,PRCRIVOZVU0,2025-12,,,3.0,Payment pending confirm receipt,1.7916666666666667
3617,REQYU34PO3S6TVF,PRCRIVOZVU0,2025-12,,,3.0,Payment pending confirm receipt,2.25
3617,REQYU34PO3S6TVF,PRCRIVOZVU0,2025-12,,,3.0,Payment pending confirm receipt,32.125
3621,REQFVF7NBOGW4E3,PRCRW1VFU47,2025-05,3.2083333333333335,1-4 days,1.0,Underwriting questions review needed,0.16666666666666666
3622,REQTSP8EWWK6TXG,PRC8H0VP2GJ,2025-03,,,1.0,Unknown,2.4583333333333335
3626,REQ1YN8HOPKKI6Z,PRCQFIT6QME,2025-08,2.0833333333333335,1-4 days,2.0,Payment pending confirm receipt,2.8333333333333335
3626,REQ1YN8HOPKKI6Z,PRCQFIT6QME,2025-08,2.0833333333333335,1-4 days,2.0,Payment pending confirm receipt,2.9583333333333335
3628,REQE1C4TKLXA1DS,PRCE102VMEX,2025-10,,,1.0,Underwriting questions review needed,2.0
3636,REQL8SXRHIWCDBL,PRC1P1KRL3J,2025-09,,,1.0,Missing documents customer to provide,0.8333333333333334
3640,REQ6SU225JZKQBS,PRCQ1C8OSPT,2025-10,,,1.0,Customer request waiting response,59.708333333333336
3641,REQRONAWXXR6N6Y,PRC0PRE2FIM,2025-11,9.208333333333334,7+ days,3.0,Customer request waiting response,0.20833333333333334
3641,REQRONAWXXR6N6Y,PRC0PRE2FIM,2025-11,9.208333333333334,7+ days,3.0,Customer request waiting response,2.75
3641,REQRONAWXXR6N6Y,PRC0PRE2FIM,2025-11,9.208333333333334,7+ days,3.0,Customer request waiting response,2.0
3645,REQZG9R78T5HW22,PRCW3X4PIAI,2025-03,2.9583333333333335,1-4 days,1.0,Payment pending confirm receipt,0.75
3647,REQKV3CN2DKLQ38,PRCHSR4V71I,2025-12,,,1.0,System issue retry later,0.8333333333333334
3648,REQ0CUUI8216DPS,PRCE9ULN9AE,2025-04,3.8333333333333335,1-4 days,1.0,System issue retry later,30.708333333333332
3650,REQJR4VSA792XZZ,PRCT7U1RA7B,2025-10,,,1.0,Payment pending confirm receipt,30.666666666666668
3651,REQTHS3SZXF4LOQ,PRCBARWYM7G,2025-07,,,2.0,Unknown,27.875
3651,REQTHS3SZXF4LOQ,PRCBARWYM7G,2025-07,,,2.0,Unknown,61.166666666666664
3652,REQV6STDUMSB2Q9,PRCHFLL7F93,2025-06,4.125,5-7 days,1.0,Underwriting questions review needed,2.375
3655,REQJ2FFDTNW0TLN,PRCF3LMN5IB,2025-09,,,1.0,System issue retry later,60.833333333333336
3656,REQJYOV40OF0W6R,PRCC9P4PJVD,2025-08,,,1.0,Unknown,2.9583333333333335
3657,REQX3KDA7V5P1FI,PRCGKNKBAFH,2025-10,,,1.0,Unknown,0.08333333333333333
3660,REQ4UKS2Q3WNUVB,PRCT30RSNJH,2025-02,,,1.0,Missing documents customer to provide,2.75
3664,REQOW592EG5G8S5,PRCTLAY2JWT,2025-03,,,1.0,System issue retry later,1.375
3665,REQ87UUIX1XKVKX,PRC7HTGYPJD,2025-03,,,1.0,Missing documents customer to provide,2.6666666666666665
3666,REQPXCBSM0VO7XD,PRCTXJETYG5,2025-01,,,1.0,System issue retry later,2.3333333333333335
3669,REQ1LAMH5SLU9PY,PRCRNR4HAJ0,2025-10,,,1.0,System issue retry later,30.125
3670,REQIQX54BQ5WCFU,PRCVA7Y9XTK,2025-05,1.2916666666666667,1-4 days,2.0,Unknown,0.125
3670,REQIQX54BQ5WCFU,PRCVA7Y9XTK,2025-05,1.2916666666666667,1-4 days,2.0,Unknown,1.9166666666666667
3673,REQ0QTSXJT4MBK0,PRC5TZC60WG,2025-07,,,1.0,Underwriting questions review needed,29.833333333333332
3676,REQH3HR8FM7WH6Y,PRCLR7CEP72,2025-12,5.791666666666667,5-7 days,1.0,Missing documents customer to provide,1.75
3677,REQ7RW5OHD9IOUT,PRC0INQLEZU,2025-08,,,1.0,Customer request waiting response,1.4166666666666667
3678,REQKVG20TG5XNEG,PRCME1TVNFM,2025-01,,,1.0,System issue retry later,90.41666666666667
3679,REQJ0MXQ8MVSFMM,PRCM5MWN7GJ,2025-03,6.333333333333333,5-7 days,1.0,Customer request waiting response,2.9166666666666665
3680,REQGQ7YICPWQHTB,PRCV2TXIUZZ,2025-05,,,1.0,Payment pending confirm receipt,0.20833333333333334
3685,REQV7N6ULGV3E2I,PRCQHZPXS3S,2025-12,,,1.0,Customer request waiting response,31.166666666666668
3687,REQ3X2ABN06MFXH,PRC8KCEXHRH,2025-06,4.291666666666667,5-7 days,1.0,Underwriting questions review needed,2.7083333333333335
3691,REQVFWA2MKC4EBZ,PRC4BVBJZ85,2025-01,,,1.0,Payment pending confirm receipt,1.4166666666666667
3693,REQMJTVPXTTH8SS,PRCH7I8G197,2025-08,,,1.0,Missing documents customer to provide,2.25
3694,REQJDBCDV2E2ICC,PRCBYIY0RFW,2025-05,5.166666666666667,5-7 days,1.0,Missing documents customer to provide,0.7083333333333334
3695,REQTRA1Z0ICRYI3,PRCATVKDST6,2025-07,,,2.0,Missing documents customer to provide,0.6666666666666666
3695,REQTRA1Z0ICRYI3,PRCATVKDST6,2025-07,,,2.0,Missing documents customer to provide,1.1666666666666667
3696,REQ1ABQIW2QFG8N,PRCA111GQ9G,2025-04,,,1.0,Missing documents customer to provide,0.9166666666666666
3697,REQVUYDVQW7HA50,PRC81MTFNVF,2025-02,,,1.0,Missing documents customer to provide,2.75
3699,REQ8Z6ZBV90D98A,PRCW40VRXIL,2025-02,6.791666666666667,5-7 days,2.0,Missing documents customer to provide,61.041666666666664
3699,REQ8Z6ZBV90D98A,PRCW40VRXIL,2025-02,6.791666666666667,5-7 days,2.0,Missing documents customer to provide,62.25
3700,REQ6QJATEQU25PX,PRCZOPC3WWT,2025-10,,,1.0,Customer request waiting response,0.625
3702,REQGM3KH6LCNUFL,PRCE7BOARG8,2025-05,,,1.0,Payment pending confirm receipt,1.1666666666666667
3703,REQ38CAE2VEPCYP,PRC3R86PAIY,2025-04,2.7083333333333335,1-4 days,1.0,Payment pending confirm receipt,0.8333333333333334
3704,REQCMA5NBMU2IEF,PRCVSO5V54A,2025-06,0.875,1-4 days,1.0,Unknown,28.208333333333332
3705,REQTKN6E8S5BN1W,PRCLWZT1OOK,2025-09,,,1.0,Missing documents customer to provide,1.9583333333333333
3710,REQHSPJ0ZUCR4UL,PRCVEXUG6AJ,2025-08,,,2.0,Customer request waiting response,0.9166666666666666
3711,REQ3HIIXZUIY66T,PRC0HSA15S6,2025-01,,,1.0,Underwriting questions review needed,2.7916666666666665
3715,REQUYGK7H3AXNF0,PRC0DI28AW1,2025-02,,,1.0,Unknown,0.4583333333333333
3722,REQOKORADZSJPT4,PRCVXQGQ3BI,2025-02,,,1.0,Payment pending confirm receipt,0.5416666666666666
3726,REQ79YHWX3MIL2Q,PRCIWR46T8M,2025-01,,,1.0,Underwriting questions review needed,0.5833333333333334
3727,REQ9G4BR6V8PTFR,PRCFHV95GO6,2025-04,,,1.0,Customer request waiting response,0.875
3729,REQXOFYVVEHE3GQ,PRCU0HTF50U,2025-07,,,1.0,Customer request waiting response,60.833333333333336
3733,REQ8UX92A7PC744,PRCWZFA0III,2025-01,,,1.0,System issue retry later,2.3333333333333335
3738,REQTTIWHHOXEDXC,PRCHE66SY4J,2025-10,,,1.0,Underwriting questions review needed,59.5
3742,REQQI9ULGTBGH42,PRCLOC1TEXM,2025-04,,,3.0,Underwriting questions review needed,2.0416666666666665
3742,REQQI9ULGTBGH42,PRCLOC1TEXM,2025-04,,,3.0,Underwriting questions review needed,91.95833333333333
3745,REQBR3KTKQUGZHM,PRCH1W6IZEW,2025-05,,,1.0,Underwriting questions review needed,0.75
3748,REQVERQD9NXLQ1G,PRCXTGPIDPL,2025-11,,,1.0,Unknown,2.125
3749,REQHP9NEIIL3S6R,PRCK8KM8WHH,2025-10,7.583333333333333,7+ days,1.0,Unknown,28.458333333333332
3750,REQNR7M30KVMMVQ,PRCF06WI90A,2025-05,0.7083333333333334,1-4 days,1.0,System issue retry later,0.7083333333333334
3753,REQLKWSREKMAL0Y,PRC06XJ1PML,2025-08,,,1.0,Missing documents customer to provide,0.8333333333333334
3754,REQ61EZ8GX5OZQO,PRCLOIHQ5VT,2025-03,,,1.0,Underwriting questions review needed,2.5
3758,REQFKJJ0JA3FUEQ,PRCI27UIGTZ,2025-01,,,1.0,Unknown,2.625
3760,REQJ0LOCQE9GXX0,PRCA1GTEWTL,2025-01,2.9166666666666665,1-4 days,1.0,Underwriting questions review needed,1.5833333333333333
3763,REQWMFKY71CNFN5,PRCXSJ461J1,2025-12,,,1.0,Payment pending confirm receipt,32.833333333333336
3766,REQ8QF3TMAAA8ZF,PRCC426NDLM,2025-01,,,1.0,Missing documents customer to provide,0.3333333333333333
3767,REQITX83UWSGE5V,PRCQGOL3RUE,2025-05,,,1.0,Missing documents customer to provide,0.2916666666666667
3772,REQJE2NRL3I99ZP,PRC5R8MKKZM,2025-09,,,1.0,Missing documents customer to provide,2.625
3776,REQNL3ENUWMFMD3,PRCL21RLK0U,2025-03,2.8333333333333335,1-4 days,1.0,Payment pending confirm receipt,61.416666666666664
3779,REQ4VJ4OO5E72G1,PRCXB45XD5J,2025-02,,,1.0,Unknown,0.75
3786,REQP8KUKKE0HYWO,PRC7OH46Q5X,2025-03,,,1.0,Underwriting questions review needed,31.541666666666668
3787,REQV279V0VOYI5V,PRCBSHH35Z2,2025-09,,,3.0,System issue retry later,30.25
3787,REQV279V0VOYI5V,PRCBSHH35Z2,2025-09,,,3.0,System issue retry later,0.9166666666666666
3788,REQIX89QU1LCX6A,PRCBHA9N86T,2025-07,,,1.0,Customer request waiting response,0.6666666666666666
3789,REQ3YK3POLX3OBD,PRCFMNAWEIC,2025-01,,,1.0,Missing documents customer to provide,2.875
3790,REQPOBEUNNC8CGO,PRCHFKRZZ5J,2025-07,,,1.0,Missing documents customer to provide,0.4583333333333333
3793,REQI0OIU2DOHO2J,PRCI4L1I6C3,2025-12,3.625,1-4 days,1.0,Missing documents customer to provide,0.7083333333333334
3794,REQS9R9BE5U2EVV,PRC4OTBQXOA,2025-11,,,1.0,Missing documents customer to provide,2.9583333333333335
3812,REQ34XDSV5QXRIM,PRCY6872JAU,2025-08,,,1.0,System issue retry later,1.375
3817,REQVO29MGHUI2CL,PRCTC891RKO,2025-12,,,2.0,System issue retry later,61.166666666666664
3817,REQVO29MGHUI2CL,PRCTC891RKO,2025-12,,,2.0,System issue retry later,91.375
3818,REQ40IPBT0JZX6U,PRCGOWV6AIB,2025-08,,,1.0,Underwriting questions review needed,2.5416666666666665
3822,REQWOXU3NUEAHCP,PRCA143ROZ6,2025-06,,,2.0,Unknown,1.75
3822,REQWOXU3NUEAHCP,PRCA143ROZ6,2025-06,,,2.0,Unknown,1.8333333333333333
3823,REQY4HJNBGKYXBP,PRCVIP5ROOB,2025-06,,,2.0,Unknown,89.95833333333333
3823,REQY4HJNBGKYXBP,PRCVIP5ROOB,2025-06,,,2.0,Unknown,29.875
3825,REQKA19925EVCAF,PRC92YHNYEE,2025-07,,,1.0,Underwriting questions review needed,0.75
3829,REQURS14WDYL2S9,PRCFNYXM7RF,2025-12,,,1.0,Customer request waiting response,31.791666666666668
3834,REQNMZTI4SVXYSE,PRCQFCPRN0U,2025-08,,,3.0,Unknown,1.2916666666666667
3834,REQNMZTI4SVXYSE,PRCQFCPRN0U,2025-08,,,3.0,Unknown,2.0416666666666665
3835,REQW7H4AUZHU2MP,PRCWMGZX5LT,2025-05,,,1.0,Underwriting questions review needed,0.4166666666666667
3840,REQDNXL01MQKKN9,PRC3KAD13ZN,2025-04,,,3.0,Underwriting questions review needed,2.1666666666666665
3840,REQDNXL01MQKKN9,PRC3KAD13ZN,2025-04,,,3.0,Underwriting questions review needed,0.9166666666666666
3840,REQDNXL01MQKKN9,PRC3KAD13ZN,2025-04,,,3.0,Underwriting questions review needed,0.16666666666666666
3844,REQ83M1XQO55SQ5,PRC97V9IER7,2025-08,,,1.0,Unknown,2.4583333333333335
3845,REQBTWZGL15D8LR,PRCS2BTBEJ9,2025-04,,,2.0,Underwriting questions review needed,0.7916666666666666
3845,REQBTWZGL15D8LR,PRCS2BTBEJ9,2025-04,,,2.0,Underwriting questions review needed,91.95833333333333
3846,REQIECBRX73KSJF,PRCIUN3YTQI,2025-07,12.375,7+ days,1.0,Customer request waiting response,61.166666666666664
3847,REQ1GCZHUTMONFE,PRCBHPQGXCJ,2025-06,,,1.0,System issue retry later,90.54166666666667
3849,REQISJ7L0UMDMTW,PRCFHWLNRNJ,2025-11,3.875,1-4 days,1.0,System issue retry later,60.791666666666664
3850,REQ4D1KGO6DLWLT,PRC9KPHHJZE,2025-10,,,1.0,System issue retry later,2.4583333333333335
3855,REQPUL942MWPLC3,PRC7UXA85OE,2025-06,,,2.0,Customer request waiting response,29.666666666666668
3855,REQPUL942MWPLC3,PRC7UXA85OE,2025-06,,,2.0,Customer request waiting response,30.791666666666668
3870,REQO7CFR6F4A2T3,PRCWNR4GJKV,2025-02,,,1.0,Missing documents customer to provide,88.33333333333333
3871,REQ523IY1Q6DC70,PRCMO93PAN8,2025-02,,,1.0,Customer request waiting response,1.0416666666666667
3879,REQ6XQLKDG2AUAN,PRCHCQPW52O,2025-08,,,1.0,Customer request waiting response,1.5833333333333333
3880,REQUWLJLC9PTU6N,PRCXRJ0TRR7,2025-08,,,1.0,Underwriting questions review needed,2.25
3882,REQC8C352HS4CYS,PRCMHWJAZ7E,2025-03,,,1.0,System issue retry later,0.625
3886,REQKW2F4WLZCMM6,PRC5VMMFGX7,2025-02,,,1.0,Customer request waiting response,2.5833333333333335
3887,REQKNINBO4VOS0G,PRC0UZOK3XD,2025-11,7.083333333333333,7+ days,1.0,System issue retry later,0.75
3888,REQAA8PLQERA9H9,PRC6YGAJRDZ,2025-12,,,1.0,Unknown,1.6666666666666667
3890,REQJ7V2OR7VEULB,PRCD5V92A5G,2025-07,,,2.0,Missing documents customer to provide,60.541666666666664
3890,REQJ7V2OR7VEULB,PRCD5V92A5G,2025-07,,,2.0,Missing documents customer to provide,31.666666666666668
3892,REQW9IEBQAEF18M,PRCPSGC5ORG,2025-02,,,1.0,Payment pending confirm receipt,1.0833333333333333
3893,REQ9UULK4AD707J,PRCA2N3RPFJ,2025-02,3.75,1-4 days,1.0,Underwriting questions review needed,0.125
3894,REQ9OK3YBCF97NF,PRCZPT28RBY,2025-04,,,1.0,Underwriting questions review needed,0.9166666666666666
3896,REQ06G1YWSSRZPK,PRC28Z1O455,2025-09,,,1.0,System issue retry later,1.25
3899,REQWV6F9RAKPCGE,PRC92HZ1WMJ,2025-12,2.0833333333333335,1-4 days,1.0,Customer request waiting response,0.25
3900,REQLZ5S0DVH08FN,PRC43XX86JN,2025-10,,,1.0,System issue retry later,1.25
3902,REQBI0PJT4JQKDM,PRCG2GUDIWI,2025-12,1.9583333333333333,1-4 days,1.0,Payment pending confirm receipt,29.166666666666668
3906,REQ8WSKRX281Y0L,PRCVBSS60YG,2025-09,,,1.0,System issue retry later,0.7083333333333334
3907,REQ60VO8TDCFNMB,PRCRZPDRGZP,2025-03,,,1.0,Unknown,1.5416666666666667
3911,REQAYGRDMXC6CA1,PRC7SMIWWKZ,2025-02,,,1.0,System issue retry later,31.458333333333332
3912,REQRJANSFAFOQZ1,PRCMVBZ77FX,2025-12,,,1.0,System issue retry later,2.0416666666666665
3913,REQ9UTNG6CIQRT4,PRCEMNUICHZ,2025-06,,,1.0,Payment pending confirm receipt,0.8333333333333334
3919,REQ6SKVM9B6C3OG,PRCYOR4YORL,2025-10,11.458333333333334,7+ days,1.0,Payment pending confirm receipt,1.5
3920,REQA70OB11877JL,PRCWRPP5KRQ,2025-08,,,1.0,Payment pending confirm receipt,0.8333333333333334
3921,REQ8SQY6J1RG8FR,PRC0GJ1TEDR,2025-05,,,1.0,Unknown,0.08333333333333333
3926,REQS9GKF3BJ6CJJ,PRCUKHFF8NC,2025-05,,,1.0,Underwriting questions review needed,27.5
3927,REQ6FUQ8450ML9A,PRCV9S4F00B,2025-02,,,1.0,System issue retry later,1.0416666666666667
3937,REQQU3MF1V660RZ,PRCPZ3VI63N,2025-01,,,1.0,Unknown,3.0
3939,REQLUSQRR11AQEJ,PRCHSMM2QLE,2025-02,8.25,7+ days,1.0,System issue retry later,31.583333333333332
3943,REQMEO9JU63D9ZU,PRC5FAWNCDE,2025-05,1.1666666666666667,1-4 days,2.0,Missing documents customer to provide,1.7916666666666667
3943,REQMEO9JU63D9ZU,PRC5FAWNCDE,2025-05,1.1666666666666667,1-4 days,2.0,Missing documents customer to provide,1.875
3945,REQ00RI1YWF4KUK,PRCFMYK29LQ,2025-03,,,2.0,System issue retry later,91.54166666666667
3945,REQ00RI1YWF4KUK,PRCFMYK29LQ,2025-03,,,2.0,System issue retry later,31.083333333333332
3947,REQ2IDHA7UKRLUQ,PRC1YTIOG8F,2025-05,,,3.0,Customer request waiting response,2.375
3947,REQ2IDHA7UKRLUQ,PRC1YTIOG8F,2025-05,,,3.0,Customer request waiting response,2.75
3947,REQ2IDHA7UKRLUQ,PRC1YTIOG8F,2025-05,,,3.0,Customer request waiting response,2.9166666666666665
3948,REQI3K37F3SPMQI,PRCJEM9V501,2025-12,,,2.0,Underwriting questions review needed,0.75
3948,REQI3K37F3SPMQI,PRCJEM9V501,2025-12,,,2.0,Underwriting questions review needed,1.6666666666666667
3950,REQ4DZRN2W35TK1,PRCPKGJP0S7,2025-07,3.0416666666666665,1-4 days,2.0,Missing documents customer to provide,88.625
3952,REQHO30B7RW9G6Q,PRCODYNAC83,2025-10,,,1.0,Underwriting questions review needed,61.416666666666664
3954,REQ7SJAUJM8MJ1W,PRCOQA1TLUO,2025-07,,,1.0,Unknown,0.4583333333333333
3958,REQ43YQHLFCXNNJ,PRC4YVDI1R1,2025-08,,,1.0,Payment pending confirm receipt,1.1666666666666667
3959,REQHTS6BMUDTWQ1,PRC2VG38N21,2025-09,,,1.0,Missing documents customer to provide,61.708333333333336
3960,REQYCL9AAQ608TZ,PRCMPZZZ9OC,2025-10,,,1.0,Payment pending confirm receipt,60.375
3963,REQH0IITT5R3OWC,PRC0MGOFV4N,2025-01,,,1.0,System issue retry later,2.7083333333333335
3964,REQYP5ELK6KHTAG,PRCIFMICV5A,2025-07,,,1.0,Underwriting questions review needed,0.375
3965,REQ3W3O81VPHM2M,PRCPMQT6C14,2025-02,,,1.0,Unknown,1.0416666666666667
3967,REQU03ZTJM6UMIJ,PRC2180WV0C,2025-03,,,1.0,Unknown,0.375
3968,REQDZW4UTBWMD4W,PRCQDGNAF6T,2025-11,,,1.0,System issue retry later,0.08333333333333333
3970,REQDHV4A9PXF3Q1,PRCKX77SUV6,2025-07,,,1.0,Payment pending confirm receipt,30.125
3974,REQCX20NF36EEOD,PRCKU65FVBC,2025-11,7.25,7+ days,1.0,Unknown,0.16666666666666666
3975,REQIOJSALBMWUPU,PRC97YIVCAA,2025-01,,,1.0,Underwriting questions review needed,89.91666666666667
3976,REQERHUXCN6XGA8,PRCGWYF1NDH,2025-08,,,1.0,Payment pending confirm receipt,0.75
3980,REQUM3X87UFX17A,PRC0PNB4B7X,2025-06,,,2.0,Customer request waiting response,2.5833333333333335
3980,REQUM3X87UFX17A,PRC0PNB4B7X,2025-06,,,2.0,Customer request waiting response,1.75
3981,REQ9LFJXEWQUAFP,PRC6GV0VQ0F,2025-02,,,1.0,Customer request waiting response,0.7083333333333334
3985,REQQ70B8MNZ8R6M,PRCCCJYP7TL,2025-09,,,1.0,Payment pending confirm receipt,1.0833333333333333
3990,REQEBV0HZDPC6MZ,PRC0XG7H8X5,2025-07,,,1.0,Payment pending confirm receipt,1.8333333333333333
3993,REQG8G64CT7T8T5,PRCN22JD8H3,2025-11,,,1.0,Underwriting questions review needed,2.8333333333333335
3996,REQOROWCJ37D3V2,PRCJ0OIMCNH,2025-09,,,1.0,Missing documents customer to provide,0.20833333333333334
3997,REQHIECV83T9M8O,PRCQSI09MQN,2025-06,,,1.0,Underwriting questions review needed,31.166666666666668
4001,REQN127F792T62B,PRCX7JE2TWK,2025-06,,,2.0,Unknown,0.375
4002,REQ835AHE9A52VU,PRCIHVTUN7M,2025-12,1.5416666666666667,1-4 days,2.0,Payment pending confirm receipt,91.375
4002,REQ835AHE9A52VU,PRCIHVTUN7M,2025-12,1.5416666666666667,1-4 days,2.0,Payment pending confirm receipt,30.5
4006,REQK1GDPQK0PGAJ,PRCDZHVKOIC,2025-09,,,2.0,Underwriting questions review needed,2.4166666666666665
4007,REQZ0JN5AZRZ0CN,PRCVGPJWO3D,2025-06,,,1.0,Unknown,0.4583333333333333
4009,REQBP9XC3AWRY6Y,PRCNBGW28C5,2025-08,,,1.0,Underwriting questions review needed,0.3333333333333333
4011,REQDLP4YSMRR016,PRCNM0Z1MEA,2025-03,,,1.0,Unknown,2.0833333333333335
4012,REQP3PCSE1NB2OS,PRC8HDN1ZDV,2025-07,5.083333333333333,5-7 days,1.0,Customer request waiting response,30.416666666666668
4014,REQDBOLADNAF09R,PRCQIS4AFVN,2025-10,,,1.0,Missing documents customer to provide,31.166666666666668
4018,REQN3ZJZ98JYO86,PRCSGWCAW54,2025-06,,,1.0,Payment pending confirm receipt,0.7083333333333334
4021,REQRWQIPMRZCKIW,PRC2OYVTVU2,2025-04,2.7083333333333335,1-4 days,1.0,Underwriting questions review needed,1.625
4024,REQM2TWMQLK2KQ5,PRC3U6PDQUQ,2025-11,,,1.0,Missing documents customer to provide,1.1666666666666667
4026,REQ3T384DDUPAI5,PRCMFPAYK5S,2025-08,,,1.0,Payment pending confirm receipt,0.5833333333333334
4033,REQRZJPJRIREY6Y,PRCOIIVDBWG,2025-04,,,3.0,System issue retry later,0.125
4033,REQRZJPJRIREY6Y,PRCOIIVDBWG,2025-04,,,3.0,System issue retry later,1.1666666666666667
4034,REQZS9MGOTX12WA,PRCKS694HB3,2025-12,,,1.0,Underwriting questions review needed,31.541666666666668
4035,REQXB26CZ4TIY15,PRC8GCSXVYT,2025-05,,,2.0,System issue retry later,2.1666666666666665
4035,REQXB26CZ4TIY15,PRC8GCSXVYT,2025-05,,,2.0,System issue retry later,3.0
4038,REQWKKE78O006KD,PRCPCCJKGXF,2025-04,,,1.0,Payment pending confirm receipt,2.0416666666666665
4039,REQL1H6508Y3EHP,PRCA0QFCEV7,2025-03,,,1.0,Customer request waiting response,1.875
4041,REQ2ISQ2J0TZFKW,PRCC284YT5O,2025-04,,,1.0,Underwriting questions review needed,0.7916666666666666
4042,REQ9G7WPFBVCROX,PRC7YH0AVYQ,2025-07,,,1.0,System issue retry later,29.125
4046,REQT0GNM18DSA9T,PRC2E2XX8UY,2025-03,,,2.0,Payment pending confirm receipt,1.9166666666666667
4046,REQT0GNM18DSA9T,PRC2E2XX8UY,2025-03,,,2.0,Payment pending confirm receipt,0.8333333333333334
4049,REQ474YAUZ6YQV8,PRCR29GCDMH,2025-02,,,1.0,Customer request waiting response,0.041666666666666664
4050,REQP5VD1LM1VTXY,PRCP4JGH39Z,2025-03,,,1.0,Payment pending confirm receipt,0.6666666666666666
4051,REQK1B5X4D0MQLB,PRC79HDCSV6,2025-08,9.625,7+ days,1.0,Underwriting questions review needed,60.208333333333336
4053,REQW9T36HNH1EYI,PRC3U1NI0BR,2025-01,,,1.0,Customer request waiting response,1.7916666666666667
4056,REQDTH0J8SUBASB,PRCBVX9CKUP,2025-09,9.708333333333334,7+ days,1.0,Underwriting questions review needed,58.875
4057,REQ2GD08MWLMLFY,PRC8DRK3GHB,2025-10,6.541666666666667,5-7 days,1.0,Underwriting questions review needed,1.4583333333333333
4064,REQHFTJXLFZNUHI,PRCR67DMECL,2025-01,,,1.0,Underwriting questions review needed,2.4166666666666665
4069,REQBYHY1R3MS0B7,PRC8JU7QIYL,2025-07,,,1.0,Missing documents customer to provide,60.25
4071,REQORFAG5B4RJA3,PRCNDSN70CJ,2025-10,,,1.0,Customer request waiting response,0.3333333333333333
4079,REQNOHZ31312VXT,PRCAKGXBG2S,2025-03,5.666666666666667,5-7 days,2.0,Missing documents customer to provide,0.375
4079,REQNOHZ31312VXT,PRCAKGXBG2S,2025-03,5.666666666666667,5-7 days,2.0,Missing documents customer to provide,1.0833333333333333
4081,REQ7EHZD1PV6LWW,PRCW4FNZK83,2025-08,,,1.0,Unknown,61.5
4082,REQFTK58HIX93EH,PRCK6Q0Q13I,2025-06,,,1.0,Missing documents customer to provide,0.7083333333333334
4084,REQGJ6VW7JL8H1F,PRCBDTT3VQH,2025-11,,,1.0,Missing documents customer to provide,30.25
4087,REQRD8Q1F5SWKLY,PRCPBR9FF4O,2025-01,,,1.0,Missing documents customer to provide,60.708333333333336
4089,REQPCCIJLSVHCL6,PRCU82P00G3,2025-12,3.3333333333333335,1-4 days,1.0,Missing documents customer to provide,0.375
4091,REQ46MFF6TAVD8G,PRCTLR7CQ2C,2025-02,,,2.0,Underwriting questions review needed,91.875
4091,REQ46MFF6TAVD8G,PRCTLR7CQ2C,2025-02,,,2.0,Underwriting questions review needed,30.458333333333332
4093,REQNOVRT0ZS6FCN,PRCNR0HOGDS,2025-10,,,2.0,Unknown,2.0
4093,REQNOVRT0ZS6FCN,PRCNR0HOGDS,2025-10,,,2.0,Unknown,2.5416666666666665
4094,REQXYZSRKS4RT41,PRCRSXKMCLZ,2025-11,,,2.0,Customer request waiting response,2.0
4094,REQXYZSRKS4RT41,PRCRSXKMCLZ,2025-11,,,2.0,Customer request waiting response,0.5
4095,REQTI2PIEJ968GY,PRCQLL89E16,2025-07,,,1.0,Unknown,2.0833333333333335
4096,REQUN0IMWTW368K,PRCYZXLW33F,2025-12,,,1.0,Customer request waiting response,0.5833333333333334
4097,REQQ9P995OP982F,PRCS8J4EG7L,2025-11,,,1.0,Payment pending confirm receipt,0.041666666666666664
4101,REQFUZIES7IDA98,PRC5GDJ5FWS,2025-04,4.833333333333333,5-7 days,1.0,Unknown,2.2083333333333335
4109,REQTMXWYZM09KH6,PRCQ90ZQ0CB,2025-07,,,1.0,Payment pending confirm receipt,1.5833333333333333
4112,REQ5VGDIRKTQ5Z1,PRCUJKCD6CE,2025-08,,,1.0,Missing documents customer to provide,60.958333333333336
4116,REQE7JOE9FGEJPQ,PRCHFVRWJTQ,2025-12,,,1.0,Underwriting questions review needed,1.0416666666666667
4119,REQKOLSVE7EIEWX,PRC7F3BJP3I,2025-09,,,1.0,Underwriting questions review needed,2.375
4120,REQQYYAT7FXFR0N,PRCW45PCX1O,2025-05,,,1.0,Customer request waiting response,0.20833333333333334
4123,REQ404DY0SJJ488,PRC5XCKO86I,2025-10,,,1.0,System issue retry later,1.9166666666666667
4126,REQ2TCZY1WVIZVI,PRCWNBETH5P,2025-05,,,1.0,System issue retry later,90.66666666666667
4127,REQ86VERPAC33AF,PRCKPM224AA,2025-06,,,1.0,Payment pending confirm receipt,0.125
4128,REQIR1P2DQX9VNS,PRC7EX9J714,2025-11,,,1.0,Missing documents customer to provide,0.08333333333333333
4129,REQETIKD88K3E1N,PRC6IXVHL2D,2025-12,0.9583333333333334,1-4 days,3.0,Customer request waiting response,2.8333333333333335
4129,REQETIKD88K3E1N,PRC6IXVHL2D,2025-12,0.9583333333333334,1-4 days,3.0,Customer request waiting response,1.2083333333333333
4129,REQETIKD88K3E1N,PRC6IXVHL2D,2025-12,0.9583333333333334,1-4 days,3.0,Customer request waiting response,1.625
4130,REQ4FBB0L53OP4C,PRC4HLIPR5P,2025-09,,,1.0,Unknown,30.958333333333332
4135,REQ3885KJJX689D,PRCTAGUTSI6,2025-12,2.6666666666666665,1-4 days,1.0,Missing documents customer to provide,2.125
4136,REQJDRBI27XZ054,PRCKYX7WCY3,2025-04,,,1.0,Payment pending confirm receipt,1.7083333333333333
4138,REQ4LAQ7PRL6FLG,PRCTC69AJXT,2025-03,,,1.0,Customer request waiting response,0.041666666666666664
4139,REQK52SZQRRRZBJ,PRCRFW3TAD4,2025-01,,,1.0,Customer request waiting response,1.625
4140,REQSWIZFR3CT3P2,PRCFRXOSXPC,2025-11,,,2.0,System issue retry later,89.875
4140,REQSWIZFR3CT3P2,PRCFRXOSXPC,2025-11,,,2.0,System issue retry later,60.291666666666664
4142,REQDE9GQI38DQM3,PRCLGJ489FV,2025-05,6.5,5-7 days,1.0,System issue retry later,31.333333333333332
4143,REQJO6896W745BZ,PRCU0N4U86S,2025-12,,,3.0,Customer request waiting response,31.125
4143,REQJO6896W745BZ,PRCU0N4U86S,2025-12,,,3.0,Customer request waiting response,30.625
4143,REQJO6896W745BZ,PRCU0N4U86S,2025-12,,,3.0,Customer request waiting response,30.333333333333332
4144,REQECDR0ZB9OHCJ,PRCHR9R0OPD,2025-07,,,1.0,System issue retry later,2.5
4150,REQJ6Z9QXWO077C,PRCP42L7PE0,2025-07,,,2.0,System issue retry later,61.208333333333336
4150,REQJ6Z9QXWO077C,PRCP42L7PE0,2025-07,,,2.0,System issue retry later,0.4166666666666667
4156,REQB49U6B7Q3T9H,PRCH33IG4XT,2025-04,,,1.0,Missing documents customer to provide,2.5416666666666665
4160,REQ5D9G4XYSJS2E,PRCR7A3K5ON,2025-04,7.291666666666667,7+ days,1.0,Underwriting questions review needed,91.83333333333333
4164,REQZ3H0ULETTEYK,PRCNOSBF4UP,2025-06,,,1.0,System issue retry later,0.25
4165,REQT82DCNMYXY70,PRCYL0F3V85,2025-05,,,1.0,Payment pending confirm receipt,0.9166666666666666
4166,REQIUYMMGQV30Z7,PRC45DX2XL4,2025-04,,,1.0,System issue retry later,31.166666666666668
4168,REQZ2KD73T1EELM,PRCYTH6WXDR,2025-03,,,1.0,Customer request waiting response,1.5
4172,REQ0WVL7BJ5AUG6,PRC4K7K5EIV,2025-01,4.583333333333333,5-7 days,1.0,System issue retry later,88.95833333333333
4175,REQXQ93I1QN9XUU,PRC9772RNNC,2025-05,8.166666666666666,7+ days,1.0,Missing documents customer to provide,0.4583333333333333
4178,REQP29RL770UZCY,PRCABLHQHZZ,2025-04,,,2.0,Missing documents customer to provide,1.875
4180,REQ6ID6OB71SDZT,PRCO0K8RZY1,2025-01,,,1.0,Customer request waiting response,1.25
4183,REQZVUKTH39OT96,PRCYTK8596P,2025-03,,,1.0,System issue retry later,0.375
4187,REQTKMS8NDLJCGJ,PRC05C8QN8P,2025-06,,,2.0,Payment pending confirm receipt,1.0416666666666667
4187,REQTKMS8NDLJCGJ,PRC05C8QN8P,2025-06,,,2.0,Payment pending confirm receipt,2.0833333333333335
4189,REQE5GNINVCFK4W,PRCDWN52Z5O,2025-09,1.375,1-4 days,1.0,Payment pending confirm receipt,30.041666666666668
4190,REQ7MPB9V6DZ657,PRCWKNDC2YS,2025-06,,,1.0,Missing documents customer to provide,1.4583333333333333
4191,REQ0AVTKISACD6B,PRC4BLMQOMK,2025-06,,,1.0,Unknown,2.875
4194,REQCW9DFM33CK07,PRCSXVUDGBP,2025-04,,,1.0,Underwriting questions review needed,0.3333333333333333
4195,REQVNB2JXSG5RRR,PRC8POGG2WF,2025-08,,,1.0,Underwriting questions review needed,1.25
4197,REQUYSLFEKEQW2S,PRC5E3JOHD7,2025-01,,,1.0,Missing documents customer to provide,2.0
4198,REQNZACNTYCEUMG,PRCV33SMPRH,2025-05,,,3.0,System issue retry later,1.25
4198,REQNZACNTYCEUMG,PRCV33SMPRH,2025-05,,,3.0,System issue retry later,1.375
4198,REQNZACNTYCEUMG,PRCV33SMPRH,2025-05,,,3.0,System issue retry later,0.5
4199,REQ8TDIYYXBKUHD,PRC3LOCA33B,2025-08,,,1.0,Unknown,0.16666666666666666
4202,REQF4L1QGU3CYUM,PRC3MRO2ETH,2025-08,11.458333333333334,7+ days,1.0,Unknown,2.375
4209,REQ0K9NAOMC6QOC,PRCCJFPYIRW,2025-05,,,2.0,Unknown,1.7916666666666667
4209,REQ0K9NAOMC6QOC,PRCCJFPYIRW,2025-05,,,2.0,Unknown,1.0833333333333333
4213,REQ16OF4QZWFAHX,PRCYV9W1BQO,2025-09,,,1.0,Payment pending confirm receipt,1.7916666666666667
4216,REQV9RSXQF6GXSG,PRC5X13MSPJ,2025-03,,,1.0,Customer request waiting response,2.7083333333333335
4223,REQJR1FLZLS515Y,PRCO1T55J77,2025-12,2.6666666666666665,1-4 days,3.0,System issue retry later,0.16666666666666666
4223,REQJR1FLZLS515Y,PRCO1T55J77,2025-12,2.6666666666666665,1-4 days,3.0,System issue retry later,1.125
4223,REQJR1FLZLS515Y,PRCO1T55J77,2025-12,2.6666666666666665,1-4 days,3.0,System issue retry later,2.7916666666666665
4226,REQ1ONUKZF1US7D,PRCQAIKSWTY,2025-08,3.9583333333333335,1-4 days,1.0,Underwriting questions review needed,1.7916666666666667
4228,REQBK8WWAA8FC4U,PRCFOVY3YYC,2025-07,9.541666666666666,7+ days,3.0,System issue retry later,1.5
4228,REQBK8WWAA8FC4U,PRCFOVY3YYC,2025-07,9.541666666666666,7+ days,3.0,System issue retry later,1.4583333333333333
4232,REQIHXEUJOCSAK2,PRCQUOB2S6P,2025-01,2.5833333333333335,1-4 days,1.0,Customer request waiting response,59.333333333333336
4235,REQCG1H6XJPS5KF,PRCCJS5UK6Y,2025-09,2.375,1-4 days,1.0,Missing documents customer to provide,0.7083333333333334
4237,REQ4LRTSQU1TOW5,PRCYRC9B3WG,2025-12,,,1.0,Underwriting questions review needed,2.7916666666666665
4247,REQ6YVJ7J2G9RAA,PRCSALTV61S,2025-02,,,1.0,Unknown,2.0833333333333335
4251,REQZUNRYHFG9V20,PRCKYRKZ0SA,2025-09,,,1.0,Payment pending confirm receipt,0.25
4252,REQ78TLYBCYOOW4,PRCG0PPWH5W,2025-05,,,1.0,Unknown,0.375
4255,REQOOPGG9J5MWAE,PRCUUKTZY26,2025-07,,,1.0,Payment pending confirm receipt,59.208333333333336
4260,REQMR4UHDZR4EHR,PRCWA9SXCGT,2025-03,9.25,7+ days,1.0,Customer request waiting response,0.4583333333333333
4266,REQDSWLIHXSB829,PRCR3UASFWU,2025-08,,,3.0,System issue retry later,1.5
4266,REQDSWLIHXSB829,PRCR3UASFWU,2025-08,,,3.0,System issue retry later,2.7916666666666665
4266,REQDSWLIHXSB829,PRCR3UASFWU,2025-08,,,3.0,System issue retry later,2.625
4271,REQBA7GN6YNQBXT,PRCL8YP2PHC,2025-08,,,1.0,Missing documents customer to provide,1.0833333333333333
4272,REQ5SODDBYH94D6,PRCVUFXS30D,2025-06,,,1.0,Missing documents customer to provide,0.08333333333333333
4273,REQW7OSPXC55UUP,PRC5G2SNAK1,2025-04,,,1.0,System issue retry later,61.625
4274,REQPG0MQC4YBI2O,PRCSBH2XU30,2025-08,4.5,5-7 days,1.0,Missing documents customer to provide,1.5833333333333333
4275,REQA9FQ1MLUCCZE,PRC5N4JD286,2025-12,,,1.0,Payment pending confirm receipt,62.125
4276,REQ8GTB1LSU9U1D,PRCGEHBMUYC,2025-10,,,1.0,Missing documents customer to provide,2.9583333333333335
4278,REQSUH1DOK98KQI,PRC2AFST1PB,2025-10,,,1.0,Underwriting questions review needed,1.0416666666666667
4284,REQ1HQGLYOIDXAP,PRCG370GIOR,2025-04,2.7083333333333335,1-4 days,2.0,Unknown,1.7083333333333333
4284,REQ1HQGLYOIDXAP,PRCG370GIOR,2025-04,2.7083333333333335,1-4 days,2.0,Unknown,1.9583333333333333
4287,REQI5MDT82S7ZUQ,PRCHZO9X30F,2025-07,,,1.0,System issue retry later,0.4583333333333333
4291,REQLTG3I8LMFVE8,PRCN93QM03B,2025-02,2.875,1-4 days,1.0,System issue retry later,29.958333333333332
4295,REQUHFOBBFGDMFL,PRCD5HBP3WY,2025-12,,,2.0,Unknown,92.0
4295,REQUHFOBBFGDMFL,PRCD5HBP3WY,2025-12,,,2.0,Unknown,30.625
4296,REQ4CCFXFX3X5QO,PRCLNE3TFAN,2025-08,,,1.0,Payment pending confirm receipt,2.0416666666666665
4297,REQPHRG2HRUQMOE,PRCY4D7SBUR,2025-10,,,1.0,Customer request waiting response,1.8333333333333333
4304,REQP0E2XQ4FPV14,PRCTE7R7A4N,2025-07,,,1.0,Underwriting questions review needed,30.291666666666668
4307,REQKDBBBTUZCCDA,PRCGOPZ61PQ,2025-10,,,1.0,Missing documents customer to provide,61.541666666666664
4308,REQVE5BJ7G4ZMJL,PRCS7M2HUYA,2025-03,,,2.0,Missing documents customer to provide,89.83333333333333
4308,REQVE5BJ7G4ZMJL,PRCS7M2HUYA,2025-03,,,2.0,Missing documents customer to provide,61.166666666666664
4311,REQ37I4KENB7RTL,PRCIXC67NOZ,2025-08,,,1.0,Underwriting questions review needed,90.75
4312,REQL48W1XQRFVR1,PRCPBSMXI26,2025-03,,,2.0,System issue retry later,1.5416666666666667
4312,REQL48W1XQRFVR1,PRCPBSMXI26,2025-03,,,2.0,System issue retry later,0.25
4313,REQK7RDI5NDC5V2,PRCN8GILBVB,2025-07,5.416666666666667,5-7 days,1.0,Unknown,1.375
4317,REQ1SLN7JW5BD0L,PRCXZZ0W28V,2025-02,,,1.0,Unknown,0.9166666666666666
4323,REQ9TGRPSFBEJGJ,PRCIF1XL08V,2025-12,2.375,1-4 days,1.0,Missing documents customer to provide,91.16666666666667
4326,REQKMX6HE8CZO2A,PRCQ08WOOD0,2025-08,,,1.0,Customer request waiting response,90.91666666666667
4327,REQSMVGX7EKAGWR,PRCJQVB3G1N,2025-12,3.0,1-4 days,1.0,Unknown,2.7083333333333335
4329,REQY95UF3VCY922,PRCB586FQ6X,2025-08,2.7916666666666665,1-4 days,1.0,Missing documents customer to provide,0.08333333333333333
4331,REQ9GUQK2SLJT8R,PRCC10JF4HK,2025-12,0.7916666666666666,1-4 days,1.0,Underwriting questions review needed,0.375
4334,REQQLY7WFQH95DS,PRCXGD3H82N,2025-05,,,1.0,Missing documents customer to provide,1.125
4340,REQ2CP9ACFGI9U1,PRCTW3CGTF2,2025-12,4.666666666666667,5-7 days,2.0,System issue retry later,2.25
4340,REQ2CP9ACFGI9U1,PRCTW3CGTF2,2025-12,4.666666666666667,5-7 days,2.0,System issue retry later,2.3333333333333335
4341,REQL2YQKMDY3TKP,PRCGN541GI0,2025-12,1.75,1-4 days,1.0,Missing documents customer to provide,29.75
4343,REQPWIR5O8QP023,PRC9RA75KT2,2025-04,,,2.0,Missing documents customer to provide,1.7916666666666667
4344,REQV71BV89SSAGY,PRCKZKB4WUN,2025-09,,,1.0,Payment pending confirm receipt,91.45833333333333
4346,REQVMWJC74AKJYD,PRCMIVYD5XD,2025-02,,,1.0,Unknown,60.291666666666664
4347,REQY3M923163K4P,PRCU8DYOBM1,2025-10,1.3333333333333333,1-4 days,2.0,System issue retry later,1.8333333333333333
4347,REQY3M923163K4P,PRCU8DYOBM1,2025-10,1.3333333333333333,1-4 days,2.0,System issue retry later,1.7083333333333333
4348,REQ2S7PSXW1UBK1,PRCBVRA1E81,2025-04,3.625,1-4 days,1.0,Unknown,0.20833333333333334
4351,REQWYOTJ3MHLFJG,PRC3X0IKJX6,2025-08,,,1.0,Underwriting questions review needed,1.6666666666666667
4354,REQNKQQLAU8QG7M,PRCHQ69UJHV,2025-09,2.625,1-4 days,1.0,Customer request waiting response,0.9166666666666666
4355,REQVVLZ5DS70Z5D,PRC152J00O4,2025-11,,,1.0,Missing documents customer to provide,1.9583333333333333
4358,REQ3VQNF7C8YCJ9,PRCYETARNM1,2025-11,,,1.0,Payment pending confirm receipt,31.375
4360,REQZ8K82386UL9G,PRC8XQLGXHF,2025-05,,,1.0,System issue retry later,1.125
4361,REQJHCPX3XN7B5J,PRCS6CIJI2W,2025-07,,,1.0,Missing documents customer to provide,0.7916666666666666
4363,REQ2RJ5USQJ5MQV,PRCO48S1VX2,2025-05,2.0833333333333335,1-4 days,1.0,Unknown,0.5833333333333334
4366,REQ1IASABV9KNMT,PRCX00PM5IO,2025-04,,,3.0,Customer request waiting response,1.0833333333333333
4366,REQ1IASABV9KNMT,PRCX00PM5IO,2025-04,,,3.0,Customer request waiting response,0.125
4367,REQEA92K3H1N7A2,PRCOFQ16C80,2025-06,,,1.0,Underwriting questions review needed,30.458333333333332
4368,REQYHCEPTOL5YL7,PRCD54MGJ6W,2025-11,5.791666666666667,5-7 days,1.0,Customer request waiting response,1.4166666666666667
4371,REQLI7PY1NUSOV3,PRCCZ4Y1E39,2025-07,,,1.0,Unknown,1.5416666666666667
4376,REQI8PA40NQOK9U,PRCZENA74XF,2025-12,,,1.0,Unknown,31.125
4378,REQ6G4J130MTJAZ,PRCKNJA9TM7,2025-12,8.541666666666666,7+ days,1.0,Payment pending confirm receipt,2.0416666666666665
4379,REQFEJB5TFOUCPS,PRCIBE3ZX1F,2025-08,,,1.0,Underwriting questions review needed,1.9166666666666667
4386,REQI9MI5SJCO6O4,PRCLZ8HO9A1,2025-04,,,1.0,Payment pending confirm receipt,1.25
4387,REQ9RK95L39X6WN,PRCHSCTBBY7,2025-07,,,2.0,System issue retry later,0.5
4387,REQ9RK95L39X6WN,PRCHSCTBBY7,2025-07,,,2.0,System issue retry later,2.5833333333333335
4388,REQYEVCFOBHYO55,PRC8LQN46G0,2025-07,5.875,5-7 days,1.0,Underwriting questions review needed,60.75
4389,REQLESZUTNYUQEC,PRCX913UXH0,2025-07,,,1.0,Underwriting questions review needed,0.75
4394,REQ21BTDEQ0WPZT,PRC21P3XH45,2025-06,,,1.0,Payment pending confirm receipt,2.4166666666666665
4395,REQUPWIG9A7J4DG,PRCRHSADG65,2025-01,8.375,7+ days,2.0,Customer request waiting response,0.041666666666666664
4395,REQUPWIG9A7J4DG,PRCRHSADG65,2025-01,8.375,7+ days,2.0,Customer request waiting response,60.625
4396,REQZQZFRMZFCINQ,PRCYMR0QZ07,2025-04,,,1.0,Missing documents customer to provide,1.375
4399,REQJ9A1NDK577NL,PRC02I3SE3A,2025-08,,,1.0,System issue retry later,3.0
4403,REQNQ2D5EZZ2IEM,PRC81JLDO9S,2025-12,,,1.0,Missing documents customer to provide,0.7916666666666666
4406,REQPY6B0U719VEZ,PRC3Y7VEKDC,2025-04,7.5,7+ days,1.0,Payment pending confirm receipt,0.20833333333333334
4407,REQTWRE6SD4A1HF,PRC8CVWX37Z,2025-12,,,1.0,Customer request waiting response,31.083333333333332
4410,REQK868UXR7YXJK,PRCPYPN0I5W,2025-05,,,1.0,Unknown,30.958333333333332
4416,REQ41DAC55H1TNQ,PRCUQ90Y903,2025-07,,,1.0,Customer request waiting response,2.625
4420,REQDPTOL407J0EO,PRC9EOV5KL7,2025-04,,,1.0,Payment pending confirm receipt,27.458333333333332
4425,REQI9DN3D1KDS8U,PRCCKZ0I94X,2025-11,,,1.0,Underwriting questions review needed,60.541666666666664
4426,REQJ7AANGDZP4JR,PRCFXSIXR0M,2025-01,5.25,5-7 days,1.0,Unknown,61.958333333333336
4427,REQQLHIQUZU9AB4,PRCIGPL6SZ5,2025-09,9.041666666666666,7+ days,1.0,Underwriting questions review needed,60.875
4428,REQ7LJRYAI6L6FV,PRCB3JSAC6R,2025-10,,,3.0,Payment pending confirm receipt,0.20833333333333334
4428,REQ7LJRYAI6L6FV,PRCB3JSAC6R,2025-10,,,3.0,Payment pending confirm receipt,30.875
4429,REQ6CN73NG3M8QI,PRCZ22P6EVG,2025-01,,,3.0,Customer request waiting response,30.875
4429,REQ6CN73NG3M8QI,PRCZ22P6EVG,2025-01,,,3.0,Customer request waiting response,29.958333333333332
4429,REQ6CN73NG3M8QI,PRCZ22P6EVG,2025-01,,,3.0,Customer request waiting response,30.625
4433,REQAGJNMZJZH3WW,PRC77NN69CB,2025-06,13.958333333333334,7+ days,1.0,Missing documents customer to provide,1.625
4436,REQXD3CS53C9W26,PRCK8BHTMPJ,2025-08,,,1.0,Missing documents customer to provide,60.625
4438,REQZWT2L57VVIVZ,PRCA9YNHFOT,2025-01,,,3.0,Unknown,0.5
4438,REQZWT2L57VVIVZ,PRCA9YNHFOT,2025-01,,,3.0,Unknown,88.54166666666667
4444,REQG8RZCD07WUVO,PRC4B9G3G52,2025-07,,,2.0,Unknown,1.4583333333333333
4444,REQG8RZCD07WUVO,PRC4B9G3G52,2025-07,,,2.0,Unknown,1.2083333333333333
4447,REQTKLWGCDUX7AD,PRC3KHK509R,2025-03,4.125,5-7 days,1.0,Underwriting questions review needed,2.75
4451,REQCHRDPIEWQU80,PRCLKAFQV6E,2025-04,,,1.0,System issue retry later,0.75
4452,REQVXEXUVARF7JI,PRCJY0UQC1U,2025-06,,,1.0,Payment pending confirm receipt,0.125
4453,REQYNDTSFFOZZ3A,PRC2UNCXAIZ,2025-02,,,1.0,Customer request waiting response,90.08333333333333
4457,REQF3SWS35D5BJY,PRCKHYNMM8N,2025-01,3.1666666666666665,1-4 days,3.0,Underwriting questions review needed,30.416666666666668
4457,REQF3SWS35D5BJY,PRCKHYNMM8N,2025-01,3.1666666666666665,1-4 days,3.0,Underwriting questions review needed,0.4583333333333333
4457,REQF3SWS35D5BJY,PRCKHYNMM8N,2025-01,3.1666666666666665,1-4 days,3.0,Underwriting questions review needed,2.625
4459,REQK1QEFA5AUGPC,PRCC1N5W4WZ,2025-09,,,1.0,Underwriting questions review needed,3.0
4464,REQQKSVLGN4EV0J,PRCCMFBCR1Z,2025-01,3.0,1-4 days,1.0,Underwriting questions review needed,1.75
4474,REQ90AEW2MDA0XS,PRCMDC6M35O,2025-11,2.5,1-4 days,1.0,Customer request waiting response,1.4166666666666667
4481,REQ6KYRU04NP93X,PRCDC4QKTVO,2025-12,4.583333333333333,5-7 days,1.0,Underwriting questions review needed,31.958333333333332
4482,REQ19W07T6TRWCB,PRCATGJ43YE,2025-04,,,1.0,Unknown,60.916666666666664
4485,REQDSWJBZ9XFZK5,PRCCCK90GOO,2025-03,,,3.0,Missing documents customer to provide,1.7916666666666667
4485,REQDSWJBZ9XFZK5,PRCCCK90GOO,2025-03,,,3.0,Missing documents customer to provide,0.5833333333333334
4485,REQDSWJBZ9XFZK5,PRCCCK90GOO,2025-03,,,3.0,Missing documents customer to provide,0.2916666666666667
4486,REQC95AZK9DEIZW,PRCZ8767ERQ,2025-01,,,1.0,Underwriting questions review needed,0.2916666666666667
4488,REQ26K7HA7QOUAZ,PRCPH1AAAGG,2025-12,,,1.0,System issue retry later,58.333333333333336
4491,REQB11JB1JEGKNS,PRC2AZDJ9T4,2025-12,,,3.0,Payment pending confirm receipt,0.2916666666666667
4491,REQB11JB1JEGKNS,PRC2AZDJ9T4,2025-12,,,3.0,Payment pending confirm receipt,1.0
4491,REQB11JB1JEGKNS,PRC2AZDJ9T4,2025-12,,,3.0,Payment pending confirm receipt,58.583333333333336
4494,REQELBEK6COCHQP,PRCFZOZXB1W,2025-05,9.791666666666666,7+ days,3.0,Unknown,1.4583333333333333
4494,REQELBEK6COCHQP,PRCFZOZXB1W,2025-05,9.791666666666666,7+ days,3.0,Unknown,0.375
4499,REQHSV10L27E9O9,PRCX8E6KVIU,2025-02,,,1.0,Unknown,29.583333333333332
4501,REQ33H98X2QFQBF,PRCXW6LNZ5K,2025-05,,,2.0,System issue retry later,2.2083333333333335
4501,REQ33H98X2QFQBF,PRCXW6LNZ5K,2025-05,,,2.0,System issue retry later,1.2916666666666667
4502,REQ83AKFEATRX0C,PRCF09KO7XP,2025-01,3.25,1-4 days,1.0,Missing documents customer to provide,30.791666666666668
4507,REQWRRHJ8YZ3J3M,PRCBUDMI936,2025-03,,,1.0,Underwriting questions review needed,1.25
4508,REQZGK20E8MPN0P,PRCKK821YQ5,2025-12,,,1.0,Unknown,1.5
4509,REQVOY3791QG1EE,PRCH14E9ZFU,2025-06,,,1.0,Unknown,2.0833333333333335
4510,REQ4KCNW9EXCYJ4,PRCP739G10I,2025-06,,,2.0,Customer request waiting response,0.25
4510,REQ4KCNW9EXCYJ4,PRCP739G10I,2025-06,,,2.0,Customer request waiting response,2.2916666666666665
4513,REQUMF69AMBMHHG,PRCHV2MJ0A9,2025-02,7.125,7+ days,1.0,System issue retry later,1.0833333333333333
4514,REQ2O2YKJPB7XKB,PRCH8H4W26K,2025-05,,,1.0,System issue retry later,0.875
4517,REQ36SL3WEDANFD,PRC6WTB6773,2025-09,,,1.0,Customer request waiting response,1.7916666666666667
4519,REQMMF1Q1OQTFEM,PRCOH7XF5PE,2025-12,,,3.0,Missing documents customer to provide,60.291666666666664
4519,REQMMF1Q1OQTFEM,PRCOH7XF5PE,2025-12,,,3.0,Missing documents customer to provide,1.9166666666666667
4519,REQMMF1Q1OQTFEM,PRCOH7XF5PE,2025-12,,,3.0,Missing documents customer to provide,2.1666666666666665
4522,REQ1V2TNYBPZ5BY,PRCUKR29GYS,2025-06,,,3.0,Payment pending confirm receipt,30.875
4522,REQ1V2TNYBPZ5BY,PRCUKR29GYS,2025-06,,,3.0,Payment pending confirm receipt,92.0
4522,REQ1V2TNYBPZ5BY,PRCUKR29GYS,2025-06,,,3.0,Payment pending confirm receipt,61.5
4523,REQ7JNIJFH5RYGJ,PRCUK4LP4WW,2025-03,,,1.0,Unknown,0.041666666666666664
4527,REQGWZ09OG4UO45,PRC32QC8OQC,2025-10,,,2.0,System issue retry later,0.4583333333333333
4528,REQ7G0A0EZTV7MV,PRCGFKDLMCZ,2025-06,,,1.0,Customer request waiting response,1.75
4530,REQTH35IET7QPUW,PRCPHIRGMLG,2025-12,4.291666666666667,5-7 days,1.0,Underwriting questions review needed,2.25
4531,REQI6JYKVMY0ALU,PRC8VPC8BFV,2025-04,,,1.0,Missing documents customer to provide,2.4166666666666665
4534,REQQN0JT24OPDUI,PRCSZ970L6V,2025-08,4.666666666666667,5-7 days,2.0,Payment pending confirm receipt,0.4166666666666667
4534,REQQN0JT24OPDUI,PRCSZ970L6V,2025-08,4.666666666666667,5-7 days,2.0,Payment pending confirm receipt,2.9166666666666665
4535,REQYXJ4RTKS7NYP,PRC2FMVSS57,2025-11,,,1.0,Missing documents customer to provide,59.208333333333336
4539,REQDD4SCA9D46TU,PRCHPVZDZRK,2025-02,,,3.0,Missing documents customer to provide,0.08333333333333333
4539,REQDD4SCA9D46TU,PRCHPVZDZRK,2025-02,,,3.0,Missing documents customer to provide,1.125
4539,REQDD4SCA9D46TU,PRCHPVZDZRK,2025-02,,,3.0,Missing documents customer to provide,89.75
4548,REQMIZMG51O7KGT,PRCJVXJP36O,2025-09,,,1.0,Payment pending confirm receipt,31.333333333333332
4555,REQXU4Q6UUPI7EK,PRCWCVRZ0ZP,2025-11,6.541666666666667,5-7 days,2.0,Missing documents customer to provide,2.5833333333333335
4555,REQXU4Q6UUPI7EK,PRCWCVRZ0ZP,2025-11,6.541666666666667,5-7 days,2.0,Missing documents customer to provide,0.20833333333333334
4557,REQMI8JM850KGAW,PRCFU2E0TJS,2025-03,,,2.0,Unknown,1.9583333333333333
4557,REQMI8JM850KGAW,PRCFU2E0TJS,2025-03,,,2.0,Unknown,2.9166666666666665
4558,REQ24FET8HL9Y0F,PRC16FODRUK,2025-05,,,3.0,Customer request waiting response,1.4166666666666667
4558,REQ24FET8HL9Y0F,PRC16FODRUK,2025-05,,,3.0,Customer request waiting response,0.25
4559,REQPLMSCYLUDNGG,PRCMUNQTP6P,2025-12,3.9166666666666665,1-4 days,1.0,Customer request waiting response,0.375
4566,REQEL4B9H10TU0Q,PRC5WFQBWHH,2025-02,,,1.0,Unknown,0.041666666666666664
4567,REQVZMPZ5NWRUYG,PRCCVMNQNBR,2025-04,,,1.0,Payment pending confirm receipt,31.375
4569,REQ8XP1P26JU08U,PRC10D88CY6,2025-04,,,2.0,Customer request waiting response,2.8333333333333335
4569,REQ8XP1P26JU08U,PRC10D88CY6,2025-04,,,2.0,Customer request waiting response,0.5
4570,REQFTJRU3Z4CJQC,PRCO2HK395Y,2025-10,,,1.0,Unknown,0.9166666666666666
4572,REQG6LZUGR6P9K1,PRCCXSROAI9,2025-01,,,1.0,Missing documents customer to provide,58.958333333333336
4573,REQ70STWQY278TA,PRCDCHUFX1L,2025-05,,,1.0,System issue retry later,0.9583333333333334
4574,REQ18UK7MBLB4GW,PRCYPU7LONS,2025-08,,,1.0,Underwriting questions review needed,30.708333333333332
4576,REQHH8H1NMCNX1X,PRCAV4CP4OR,2025-04,,,2.0,System issue retry later,60.875
4576,REQHH8H1NMCNX1X,PRCAV4CP4OR,2025-04,,,2.0,System issue retry later,31.333333333333332
4581,REQL6F2YT24E2QK,PRCE7D744OO,2025-06,5.75,5-7 days,2.0,Payment pending confirm receipt,30.75
4581,REQL6F2YT24E2QK,PRCE7D744OO,2025-06,5.75,5-7 days,2.0,Payment pending confirm receipt,61.791666666666664
4583,REQBVV9SBB2J623,PRCP61GUK9U,2025-03,7.5,7+ days,1.0,Underwriting questions review needed,59.333333333333336
4584,REQJB5DV7O05VBO,PRCEZ3M7VYQ,2025-09,,,3.0,Underwriting questions review needed,31.833333333333332
4584,REQJB5DV7O05VBO,PRCEZ3M7VYQ,2025-09,,,3.0,Underwriting questions review needed,30.291666666666668
4584,REQJB5DV7O05VBO,PRCEZ3M7VYQ,2025-09,,,3.0,Underwriting questions review needed,60.916666666666664
4585,REQJ90AMQT69DFL,PRCZHNPFJ9T,2025-11,,,1.0,Missing documents customer to provide,2.125
4587,REQXKRC6J1EB9FZ,PRC3WW1R36Y,2025-12,,,1.0,Underwriting questions review needed,0.20833333333333334
4592,REQC2PX0BHI2KPD,PRCM3BSXN9G,2025-03,,,1.0,System issue retry later,0.9166666666666666
4598,REQQ2PUK9SMWZXU,PRC7QS1T7S8,2025-07,,,1.0,System issue retry later,1.3333333333333333
4601,REQM5K9UK4RM42H,PRCVPHT9D5S,2025-06,,,2.0,Payment pending confirm receipt,2.9166666666666665
4602,REQ6FTZMVIG5VL7,PRCKRYK18OB,2025-04,,,1.0,Customer request waiting response,2.4583333333333335
4603,REQFQZMYH3Z056X,PRCQ0YHJ82Z,2025-08,2.0416666666666665,1-4 days,1.0,Payment pending confirm receipt,0.3333333333333333
4606,REQNDSMNPGQWQX0,PRC617HS9BH,2025-07,,,3.0,Underwriting questions review needed,31.541666666666668
4606,REQNDSMNPGQWQX0,PRC617HS9BH,2025-07,,,3.0,Underwriting questions review needed,91.875
4611,REQ4Y0HLRZV76HI,PRCZ5K1IBLZ,2025-07,,,2.0,System issue retry later,59.083333333333336
4611,REQ4Y0HLRZV76HI,PRCZ5K1IBLZ,2025-07,,,2.0,System issue retry later,29.958333333333332
4615,REQUS2COS4IOX16,PRCD2MOXK80,2025-09,6.041666666666667,5-7 days,1.0,Missing documents customer to provide,1.125
4616,REQ6Y9MZS3R6HOW,PRCF6C6UA88,2025-01,,,1.0,Missing documents customer to provide,59.208333333333336
4617,REQXA2F531KTWD6,PRCW9Q9KFPZ,2025-08,,,2.0,System issue retry later,1.0833333333333333
4617,REQXA2F531KTWD6,PRCW9Q9KFPZ,2025-08,,,2.0,System issue retry later,2.75
4621,REQR8PQ45N5DXXK,PRCRO94GMGN,2025-06,,,1.0,Missing documents customer to provide,30.833333333333332
4622,REQEVD5C2337335,PRC5LVR5M79,2025-05,,,2.0,Customer request waiting response,2.0
4625,REQN9ONIKJDFKTR,PRC04DLIF9A,2025-01,,,1.0,Underwriting questions review needed,2.5833333333333335
4627,REQHE08AVRIU9MF,PRCNPCU2AM2,2025-03,,,3.0,Unknown,30.416666666666668
4627,REQHE08AVRIU9MF,PRCNPCU2AM2,2025-03,,,3.0,Unknown,91.66666666666667
4627,REQHE08AVRIU9MF,PRCNPCU2AM2,2025-03,,,3.0,Unknown,30.375
4630,REQ1ZNTC4AWY7PO,PRC0XU29UQL,2025-09,,,2.0,System issue retry later,0.20833333333333334
4630,REQ1ZNTC4AWY7PO,PRC0XU29UQL,2025-09,,,2.0,System issue retry later,1.1666666666666667
4632,REQ5GYOJF151KFS,PRCXN3JN48W,2025-10,,,1.0,Customer request waiting response,1.0416666666666667
4634,REQYHUTKA6LE9DZ,PRCICO36B81,2025-05,,,1.0,Missing documents customer to provide,58.458333333333336
4636,REQXTY4HC44YKDZ,PRCW3KTGDU1,2025-07,3.7916666666666665,1-4 days,1.0,System issue retry later,1.6666666666666667
4637,REQOEDQI5KF8SYE,PRC0MKBHRJZ,2025-03,,,1.0,Unknown,2.25
4638,REQWDJ72JQ3647D,PRCE2I42IPP,2025-08,,,1.0,System issue retry later,29.333333333333332
4642,REQOZ763GEQJDBZ,PRC4GQWLY7Q,2025-07,,,1.0,Unknown,2.875
4648,REQ8ATBZ257X42D,PRC2M97UCX6,2025-11,,,1.0,Customer request waiting response,0.8333333333333334
4653,REQCL2XBE971P84,PRCKSKQSVWJ,2025-09,,,1.0,System issue retry later,1.125
4654,REQTUV420E1JGD6,PRC7JOG4Z7U,2025-07,,,3.0,Underwriting questions review needed,60.916666666666664
4654,REQTUV420E1JGD6,PRC7JOG4Z7U,2025-07,,,3.0,Underwriting questions review needed,0.5416666666666666
4654,REQTUV420E1JGD6,PRC7JOG4Z7U,2025-07,,,3.0,Underwriting questions review needed,30.416666666666668
4656,REQFF1NBM0S64F9,PRCIPGM4QIV,2025-11,2.75,1-4 days,1.0,System issue retry later,2.9166666666666665
4660,REQUQQX2J12PJMM,PRCH1450MSZ,2025-12,,,2.0,Missing documents customer to provide,31.041666666666668
4660,REQUQQX2J12PJMM,PRCH1450MSZ,2025-12,,,2.0,Missing documents customer to provide,88.20833333333333
4663,REQ62MXRR2DEFWQ,PRC5FHI7TUH,2025-01,4.041666666666667,5-7 days,1.0,Customer request waiting response,0.4166666666666667
4667,REQ0J5H3MYDCYM4,PRCLLYRUYME,2025-03,,,1.0,Customer request waiting response,0.7916666666666666
4669,REQIK52K2DPIHUZ,PRCTK8Z75E2,2025-11,10.708333333333334,7+ days,2.0,Customer request waiting response,31.291666666666668
4669,REQIK52K2DPIHUZ,PRCTK8Z75E2,2025-11,10.708333333333334,7+ days,2.0,Customer request waiting response,62.583333333333336
4670,REQ26Q474EJE07S,PRC64HT7WRX,2025-10,,,2.0,Underwriting questions review needed,2.4583333333333335
4670,REQ26Q474EJE07S,PRC64HT7WRX,2025-10,,,2.0,Underwriting questions review needed,1.75
4671,REQVHOJ100CV006,PRCENJKCU2V,2025-03,,,1.0,Underwriting questions review needed,2.2083333333333335
4672,REQY95PEYBVFYB9,PRCC0HECS41,2025-09,,,1.0,Underwriting questions review needed,31.166666666666668
4677,REQVVRZDFUD282I,PRCRIRV83AW,2025-07,,,1.0,Payment pending confirm receipt,2.2916666666666665
4680,REQTTMEXREG3A8J,PRCIYH12BG9,2025-01,2.8333333333333335,1-4 days,1.0,Underwriting questions review needed,60.791666666666664
4683,REQI1ZDP428B559,PRC8NHYEAWB,2025-04,,,1.0,Customer request waiting response,1.4583333333333333
4684,REQP8ESBNH7SBA7,PRC61P5I9PC,2025-10,,,2.0,Payment pending confirm receipt,3.0
4684,REQP8ESBNH7SBA7,PRC61P5I9PC,2025-10,,,2.0,Payment pending confirm receipt,0.9166666666666666
4685,REQU7DW6ZWMNNTZ,PRCTLK5DKTD,2025-03,,,1.0,System issue retry later,31.083333333333332
4691,REQYLIEGJ1JESLB,PRCG0F0JV0U,2025-12,,,1.0,System issue retry later,59.291666666666664
4693,REQOOB63NG0QKEZ,PRCFYHIZWXM,2025-12,6.541666666666667,5-7 days,1.0,Underwriting questions review needed,32.875
4703,REQ1FK2023CU9PR,PRCQ7IZ3IRN,2025-09,,,1.0,Underwriting questions review needed,89.66666666666667
4704,REQ1J0PKFHRHQCZ,PRCQXMBAAR0,2025-12,,,1.0,Payment pending confirm receipt,91.0
4705,REQO138MEVK3CGO,PRCZ3Y5LGZJ,2025-09,,,1.0,System issue retry later,1.4166666666666667
4706,REQDDEOJPPG77VD,PRCXIL4CMLB,2025-02,,,2.0,Unknown,2.5833333333333335
4713,REQJ69HUW2XM89M,PRCV9R1ES7A,2025-02,,,1.0,Customer request waiting response,0.041666666666666664
4722,REQ0IBKYUK38IH8,PRCP2LFPFET,2025-12,,,1.0,Payment pending confirm receipt,27.625
4723,REQG0DHOV6144DU,PRC3GSADOYO,2025-12,,,1.0,Missing documents customer to provide,2.4166666666666665
4725,REQRIJUWY58AX9R,PRCKC0KMC37,2025-09,,,1.0,System issue retry later,0.4583333333333333
4728,REQ7NYK1SOEGOFB,PRCSIZAT7TT,2025-02,,,1.0,Payment pending confirm receipt,1.1666666666666667
4729,REQPRWJTGQNC9HO,PRCJQ1N6OQP,2025-07,,,2.0,Missing documents customer to provide,1.3333333333333333
4729,REQPRWJTGQNC9HO,PRCJQ1N6OQP,2025-07,,,2.0,Missing documents customer to provide,0.875
4734,REQ9C6BKYCGGG1U,PRC6WSME8DB,2025-05,11.416666666666666,7+ days,2.0,System issue retry later,1.3333333333333333
4734,REQ9C6BKYCGGG1U,PRC6WSME8DB,2025-05,11.416666666666666,7+ days,2.0,System issue retry later,1.5416666666666667
4740,REQ6AZ92MHWY8Q1,PRCG4Z2G0DT,2025-03,,,3.0,Missing documents customer to provide,1.1666666666666667
4740,REQ6AZ92MHWY8Q1,PRCG4Z2G0DT,2025-03,,,3.0,Missing documents customer to provide,2.5416666666666665
4740,REQ6AZ92MHWY8Q1,PRCG4Z2G0DT,2025-03,,,3.0,Missing documents customer to provide,1.9166666666666667
4742,REQ4DP3FIOLV8ZY,PRC05UARDT5,2025-12,,,1.0,Missing documents customer to provide,2.5
4744,REQLXOBLRRIE5NW,PRCT4K5WA2F,2025-12,,,1.0,Customer request waiting response,0.7916666666666666
4745,REQ3GN1T7TL0ABE,PRCSUUJ4FRW,2025-12,6.333333333333333,5-7 days,2.0,Payment pending confirm receipt,2.1666666666666665
4745,REQ3GN1T7TL0ABE,PRCSUUJ4FRW,2025-12,6.333333333333333,5-7 days,2.0,Payment pending confirm receipt,0.375
4747,REQ8IYKPX37LM0M,PRC9HF71KUT,2025-03,,,2.0,Customer request waiting response,2.5
4747,REQ8IYKPX37LM0M,PRC9HF71KUT,2025-03,,,2.0,Customer request waiting response,2.5416666666666665
4749,REQ4Q5O9P0C85YV,PRCD8JVIUNN,2025-02,2.375,1-4 days,2.0,Unknown,0.20833333333333334
4749,REQ4Q5O9P0C85YV,PRCD8JVIUNN,2025-02,2.375,1-4 days,2.0,Unknown,27.791666666666668
4751,REQL1ZHC7HIITS9,PRC6NDAYLNG,2025-02,,,1.0,Underwriting questions review needed,30.875
4753,REQ3Z3XSTAK9PMW,PRCWZOVRIJL,2025-10,,,2.0,Unknown,61.041666666666664
4753,REQ3Z3XSTAK9PMW,PRCWZOVRIJL,2025-10,,,2.0,Unknown,30.5
4756,REQ7KEHYQ2U0263,PRCAYXA08Y3,2025-02,,,1.0,System issue retry later,30.375
4757,REQ8HMMWBKVA906,PRCL1F3VWKS,2025-06,4.875,5-7 days,1.0,System issue retry later,0.7083333333333334
4763,REQ2PKGIGKRZ74T,PRCTCJAYR2R,2025-03,0.7916666666666666,1-4 days,1.0,Unknown,30.5
4764,REQD3J8WGOI2A2E,PRC2C8C6NIJ,2025-10,,,1.0,Missing documents customer to provide,31.0
4765,REQBT5RHI5LFEK8,PRCGY9FOHO8,2025-07,,,1.0,Unknown,0.6666666666666666
4771,REQQNAMHMGHL1FR,PRCCM9JW9CX,2025-02,,,2.0,Customer request waiting response,30.916666666666668
4773,REQJGBYRIB8IVYN,PRCF2O3LDFW,2025-11,,,1.0,Payment pending confirm receipt,2.9166666666666665
4790,REQIBAGLOJ2W1B1,PRC5MBIONUO,2025-09,,,1.0,Missing documents customer to provide,2.625
4792,REQ1NVVJUGS6E71,PRCI6BAB5FH,2025-11,,,1.0,Unknown,1.0833333333333333
4794,REQTHMG0NX1WF8J,PRCUJHU6XIF,2025-10,3.7916666666666665,1-4 days,1.0,Payment pending confirm receipt,0.375
4795,REQUBGVNW6X9WIF,PRCMS6YD8GC,2025-03,,,1.0,Customer request waiting response,1.4583333333333333
4800,REQCMIKV2Q97FDW,PRCF5S2UZL8,2025-12,,,3.0,Underwriting questions review needed,30.208333333333332
4800,REQCMIKV2Q97FDW,PRCF5S2UZL8,2025-12,,,3.0,Underwriting questions review needed,2.25
4800,REQCMIKV2Q97FDW,PRCF5S2UZL8,2025-12,,,3.0,Underwriting questions review needed,2.0416666666666665
4802,REQHN5XTUX20TDT,PRCF8V9S72A,2025-09,,,1.0,System issue retry later,0.5416666666666666
4803,REQ09W499XJVWRF,PRC3XJOYID0,2025-10,6.5,5-7 days,2.0,Underwriting questions review needed,0.375
4803,REQ09W499XJVWRF,PRC3XJOYID0,2025-10,6.5,5-7 days,2.0,Underwriting questions review needed,0.6666666666666666
4804,REQYN46IF0Y53EQ,PRCNDST45RZ,2025-12,3.0,1-4 days,1.0,Missing documents customer to provide,0.25
4810,REQBOREE08Q2GPA,PRCPKQ50LW2,2025-07,,,1.0,Underwriting questions review needed,2.7083333333333335
4811,REQTS3B1ESV7KN0,PRCHM0PKMAI,2025-11,,,1.0,System issue retry later,0.75
4818,REQJ5ZEPMZHHWKR,PRCHMJ0OUKU,2025-01,,,1.0,Unknown,58.541666666666664
4821,REQ3WCVHYP9G13T,PRCIUAP7HLN,2025-07,2.2916666666666665,1-4 days,1.0,Unknown,2.2916666666666665
4827,REQAJCTHAF2GO3N,PRCBHSDLHIO,2025-01,,,1.0,Underwriting questions review needed,1.875
4829,REQ7VZV4AM7XQSO,PRCLBOGRAT6,2025-01,,,1.0,Underwriting questions review needed,2.3333333333333335
4831,REQPZTM33L15AA9,PRCJD49SUP1,2025-08,,,1.0,Missing documents customer to provide,0.9166666666666666
4834,REQJTC3CVQYE1HI,PRC65TI1MZM,2025-01,,,3.0,System issue retry later,0.20833333333333334
4834,REQJTC3CVQYE1HI,PRC65TI1MZM,2025-01,,,3.0,System issue retry later,91.95833333333333
4834,REQJTC3CVQYE1HI,PRC65TI1MZM,2025-01,,,3.0,System issue retry later,90.95833333333333
4837,REQSLO5G4A7GBS5,PRC61ORC8IW,2025-09,,,1.0,Missing documents customer to provide,58.875
4841,REQEH4NNEBQCPAV,PRC545C66SC,2025-01,,,3.0,Unknown,0.08333333333333333
4841,REQEH4NNEBQCPAV,PRC545C66SC,2025-01,,,3.0,Unknown,2.5833333333333335
4841,REQEH4NNEBQCPAV,PRC545C66SC,2025-01,,,3.0,Unknown,2.9166666666666665
4842,REQ7PIH9FXZM56L,PRCRJAC6G4Y,2025-04,,,1.0,System issue retry later,90.91666666666667
4847,REQR3UBVAU3HG7X,PRCT4C8PI39,2025-11,,,2.0,Underwriting questions review needed,1.5416666666666667
4850,REQRUGY8OKH59C2,PRC2FAD5R1G,2025-07,,,1.0,Missing documents customer to provide,30.708333333333332
4852,REQOQ76HTT6L5RY,PRCGCNS4RGK,2025-10,,,2.0,Payment pending confirm receipt,2.7083333333333335
4852,REQOQ76HTT6L5RY,PRCGCNS4RGK,2025-10,,,2.0,Payment pending confirm receipt,2.0416666666666665
4857,REQNYDEOCJNFTGS,PRCQFAQLU1B,2025-10,11.583333333333334,7+ days,1.0,Missing documents customer to provide,2.5
4859,REQ76FE46NL8K03,PRCMKPDICUY,2025-08,,,1.0,Underwriting questions review needed,0.4166666666666667
4868,REQ0CTE3H85DZQB,PRC9PVWSDBU,2025-01,5.875,5-7 days,2.0,System issue retry later,0.5416666666666666
4868,REQ0CTE3H85DZQB,PRC9PVWSDBU,2025-01,5.875,5-7 days,2.0,System issue retry later,31.75
4869,REQ1AEDMW51LLSR,PRCJFOV06L2,2025-03,6.75,5-7 days,1.0,System issue retry later,1.25
4870,REQF09J4F4CNFUT,PRC7BYWF65A,2025-10,4.916666666666667,5-7 days,2.0,Customer request waiting response,2.5833333333333335
4870,REQF09J4F4CNFUT,PRC7BYWF65A,2025-10,4.916666666666667,5-7 days,2.0,Customer request waiting response,0.3333333333333333
4871,REQBTXTG84D9KHO,PRC9MP888A9,2025-08,,,1.0,Customer request waiting response,2.5416666666666665
4872,REQ8A8CTPCHC9R2,PRCHNZEVYPF,2025-08,,,2.0,Customer request waiting response,61.291666666666664
4872,REQ8A8CTPCHC9R2,PRCHNZEVYPF,2025-08,,,2.0,Customer request waiting response,61.791666666666664
4874,REQLLC9IME9YLA2,PRCVJJT9676,2025-02,,,1.0,System issue retry later,2.25
4887,REQZBMCBUXTWSTO,PRC65P430PY,2025-02,,,1.0,Customer request waiting response,0.9583333333333334
4889,REQ728QF7X1N02B,PRC21NSWZIT,2025-08,,,1.0,Missing documents customer to provide,1.0833333333333333
4890,REQ8INDN8TGHXX2,PRCKVYQLENS,2025-01,,,2.0,Customer request waiting response,0.4166666666666667
4890,REQ8INDN8TGHXX2,PRCKVYQLENS,2025-01,,,2.0,Customer request waiting response,1.4583333333333333
4893,REQKSV95RCXOXOT,PRC52LJJBDS,2025-07,6.041666666666667,5-7 days,1.0,Payment pending confirm receipt,1.8333333333333333
4895,REQZHRMMYY5K5AW,PRC2CHGZ7VJ,2025-11,,,1.0,Payment pending confirm receipt,1.625
4900,REQ57VE5YI9LLVJ,PRC5WTJQ3GD,2025-11,,,1.0,Payment pending confirm receipt,2.2083333333333335
4903,REQ1S1WPQSBLSIT,PRCJB2ZN3QM,2025-12,,,2.0,Customer request waiting response,30.041666666666668
4903,REQ1S1WPQSBLSIT,PRCJB2ZN3QM,2025-12,,,2.0,Customer request waiting response,61.541666666666664
4907,REQVYN3TIN3STCL,PRCFF8YYC1M,2025-09,,,1.0,Customer request waiting response,30.833333333333332
4915,REQM4QWH8UW6XAX,PRCTBEXARVU,2025-02,12.333333333333334,7+ days,1.0,Unknown,2.0
4916,REQUHF4SW1T8BJH,PRCK8ZUIIB1,2025-02,,,1.0,Missing documents customer to provide,1.1666666666666667
4918,REQ55JEP0B04Y3L,PRCME4IHWSY,2025-01,,,1.0,Unknown,27.166666666666668
4919,REQZX6A0CDT96PF,PRC7JW57AJV,2025-07,,,2.0,Payment pending confirm receipt,2.75
4919,REQZX6A0CDT96PF,PRC7JW57AJV,2025-07,,,2.0,Payment pending confirm receipt,1.25
4920,REQRKT00WF4TU5R,PRC6ZJN2DFI,2025-04,,,1.0,Underwriting questions review needed,58.583333333333336
4922,REQJGWZ56X3N4OA,PRCJIGPDJJR,2025-08,,,3.0,Payment pending confirm receipt,1.0833333333333333
4922,REQJGWZ56X3N4OA,PRCJIGPDJJR,2025-08,,,3.0,Payment pending confirm receipt,0.5833333333333334
4922,REQJGWZ56X3N4OA,PRCJIGPDJJR,2025-08,,,3.0,Payment pending confirm receipt,0.625
4927,REQSV1ZQVFVTAVG,PRC5WF6Q5TA,2025-09,,,3.0,Underwriting questions review needed,0.16666666666666666
4927,REQSV1ZQVFVTAVG,PRC5WF6Q5TA,2025-09,,,3.0,Underwriting questions review needed,31.041666666666668
4932,REQ56FJG6OZ704K,PRCAM20QLC1,2025-11,,,2.0,System issue retry later,31.208333333333332
4932,REQ56FJG6OZ704K,PRCAM20QLC1,2025-11,,,2.0,System issue retry later,0.3333333333333333
4936,REQ720PXCCYQMHO,PRCLCZR680P,2025-02,6.5,5-7 days,3.0,System issue retry later,58.375
4936,REQ720PXCCYQMHO,PRCLCZR680P,2025-02,6.5,5-7 days,3.0,System issue retry later,0.20833333333333334
4936,REQ720PXCCYQMHO,PRCLCZR680P,2025-02,6.5,5-7 days,3.0,System issue retry later,60.75
4937,REQ8LKCR86127C2,PRCQRUJOGEI,2025-08,,,1.0,Unknown,0.8333333333333334
4938,REQGMP7YBQVNWYH,PRCQ2DW8K2L,2025-11,,,1.0,Underwriting questions review needed,0.25
4942,REQ066020FLMVKG,PRCGHMLMNXZ,2025-12,,,1.0,Payment pending confirm receipt,0.375
4948,REQVJHJ8XI0KNV8,PRC9CVIPDXK,2025-08,7.0,5-7 days,1.0,Unknown,1.4583333333333333
4952,REQHU4DOHK4DG78,PRCF56G3LRJ,2025-07,,,1.0,Underwriting questions review needed,1.125
4957,REQDO9SUIMXSNFE,PRCBOB3QO32,2025-06,1.7916666666666667,1-4 days,1.0,Customer request waiting response,1.2083333333333333
4960,REQSO8BFZ3CBBF7,PRCS1GAQ8AQ,2025-06,,,1.0,Customer request waiting response,0.4166666666666667
4961,REQZYW1FYVVT6X0,PRC3LOL8D8J,2025-10,,,2.0,Unknown,0.375
4961,REQZYW1FYVVT6X0,PRC3LOL8D8J,2025-10,,,2.0,Unknown,58.958333333333336
4963,REQEYTVLVMSQL3D,PRCQOZ7CLRR,2025-05,,,1.0,Payment pending confirm receipt,1.8333333333333333
4964,REQLN9CQQ608OUT,PRC6Q99UM1E,2025-10,,,2.0,Underwriting questions review needed,31.375
4964,REQLN9CQQ608OUT,PRC6Q99UM1E,2025-10,,,2.0,Underwriting questions review needed,30.166666666666668
4966,REQDKT6GND19FUL,PRCSOPBPIA2,2025-06,,,1.0,System issue retry later,2.4583333333333335
4969,REQIBZXCGKIM8A9,PRC5UD5Z183,2025-11,,,1.0,Customer request waiting response,2.8333333333333335
4970,REQS7APZ3B88QP9,PRCQWNUTSZL,2025-10,,,3.0,Underwriting questions review needed,29.166666666666668
4970,REQS7APZ3B88QP9,PRCQWNUTSZL,2025-10,,,3.0,Underwriting questions review needed,31.416666666666668
4970,REQS7APZ3B88QP9,PRCQWNUTSZL,2025-10,,,3.0,Underwriting questions review needed,60.833333333333336
4972,REQSPC2LN4ZED3E,PRCLXLUV9UK,2025-04,4.791666666666667,5-7 days,1.0,System issue retry later,30.625
4973,REQLMDYTMYTPWRA,PRCM34B9SQT,2025-04,,,1.0,Underwriting questions review needed,30.75
4979,REQBZ70QAAQK6FU,PRC2J3J8TB7,2025-04,1.5416666666666667,1-4 days,1.0,System issue retry later,0.375
4983,REQ6WTH1O8N2R1I,PRCSYA1PQEJ,2025-12,,,1.0,Unknown,0.16666666666666666
4985,REQUYZ1HW4Y8R4P,PRC4HUTZOW7,2025-07,0.375,1-4 days,1.0,Missing documents customer to provide,1.9583333333333333
4986,REQ8Q8UBHP95ZTJ,PRCRSFZTFUB,2025-03,,,1.0,System issue retry later,1.375
4987,REQ4ZMZMAYV77LO,PRC8GB9ZSQ9,2025-05,,,2.0,Missing documents customer to provide,2.9583333333333335
4987,REQ4ZMZMAYV77LO,PRC8GB9ZSQ9,2025-05,,,2.0,Missing documents customer to provide,1.9583333333333333
4989,REQVJF6KQ2131L3,PRC3GS8QL15,2025-09,,,3.0,Missing documents customer to provide,2.75
4989,REQVJF6KQ2131L3,PRC3GS8QL15,2025-09,,,3.0,Missing documents customer to provide,3.0
4992,REQTSABHRMRNO67,PRCNBTOB8GD,2025-03,4.583333333333333,5-7 days,1.0,Missing documents customer to provide,59.708333333333336
4998,REQ6SK09MGJACQZ,PRC7N75BAS6,2025-05,,,2.0,Underwriting questions review needed,0.5416666666666666
4998,REQ6SK09MGJACQZ,PRC7N75BAS6,2025-05,,,2.0,Underwriting questions review needed,2.1666666666666665
5001,REQEFVCYAI1WILQ,PRCLS707DIH,2025-09,,,2.0,Customer request waiting response,0.8333333333333334
5001,REQEFVCYAI1WILQ,PRCLS707DIH,2025-09,,,2.0,Customer request waiting response,1.125
5003,REQIVBMQYJSGI3Q,PRCYV2XRSU1,2025-11,,,1.0,Underwriting questions review needed,0.625
5009,REQPGKSNV4P0IOV,PRCF0GB2JRM,2025-04,3.7916666666666665,1-4 days,1.0,Underwriting questions review needed,1.2916666666666667
5014,REQBN91EE93LCV4,PRCA11ELHQH,2025-07,,,1.0,Customer request waiting response,1.0
5015,REQQONNTXZIHQ4R,PRC15XHJP0F,2025-11,,,1.0,Unknown,0.7916666666666666
5018,REQZY58GQK4B89U,PRCOTOKM297,2025-06,,,1.0,Underwriting questions review needed,0.7916666666666666
5024,REQZZTFX3E1SWP8,PRCO17SDNMS,2025-01,11.708333333333334,7+ days,1.0,Missing documents customer to provide,30.166666666666668
5026,REQZ2ML9COU191O,PRCGFI1U821,2025-04,,,1.0,Unknown,28.041666666666668
5030,REQYLK8BMOWXO7Z,PRC1H4EV4AD,2025-02,3.2916666666666665,1-4 days,2.0,Customer request waiting response,0.5833333333333334
5030,REQYLK8BMOWXO7Z,PRC1H4EV4AD,2025-02,3.2916666666666665,1-4 days,2.0,Customer request waiting response,2.5833333333333335
5031,REQDK8E98JE9E8L,PRCHCG9ZHEW,2025-04,,,1.0,Unknown,29.791666666666668
5032,REQ9HPKRYHY44IH,PRCIPVG7KLM,2025-10,5.166666666666667,5-7 days,1.0,Underwriting questions review needed,31.75
5036,REQX7STPC0ERV6W,PRCZIURJT3T,2025-03,,,1.0,Unknown,0.7083333333333334
5038,REQA041HBSV3H5I,PRC3MK5O7L7,2025-08,,,1.0,System issue retry later,2.1666666666666665
5041,REQD3W76HJWB0IK,PRCT128URNT,2025-12,,,1.0,Underwriting questions review needed,60.541666666666664
5043,REQE2PV64CVDRS4,PRCXREW05TN,2025-07,4.541666666666667,5-7 days,3.0,Customer request waiting response,1.5833333333333333
5043,REQE2PV64CVDRS4,PRCXREW05TN,2025-07,4.541666666666667,5-7 days,3.0,Customer request waiting response,1.9166666666666667
5043,REQE2PV64CVDRS4,PRCXREW05TN,2025-07,4.541666666666667,5-7 days,3.0,Customer request waiting response,0.9583333333333334
5044,REQRM4U4E8D4W5R,PRCVMS6Z4SP,2025-01,13.666666666666666,7+ days,1.0,System issue retry later,0.25
5045,REQDO5011WAKACI,PRCE9TU93TD,2025-02,,,1.0,Underwriting questions review needed,30.791666666666668
5048,REQPXHIMQMOSI0R,PRCZ2KZDKOR,2025-05,4.666666666666667,5-7 days,3.0,Payment pending confirm receipt,62.208333333333336
5048,REQPXHIMQMOSI0R,PRCZ2KZDKOR,2025-05,4.666666666666667,5-7 days,3.0,Payment pending confirm receipt,2.6666666666666665
5052,REQZIYKHD4GXKS7,PRC9PNR6N3U,2025-07,,,1.0,Unknown,0.7083333333333334
5058,REQ317NHEW1ID19,PRCD9TM84RM,2025-08,,,1.0,Customer request waiting response,1.9583333333333333
5061,REQB71JGG6N4YZM,PRCT0ZUI80Y,2025-10,,,1.0,Payment pending confirm receipt,1.125
5062,REQSBXFAQU9Q8M0,PRCRUU76DZC,2025-08,,,1.0,Missing documents customer to provide,2.2916666666666665
5063,REQF06XKU2FZO52,PRCE43BZ3DA,2025-08,3.1666666666666665,1-4 days,2.0,Unknown,1.0833333333333333
5063,REQF06XKU2FZO52,PRCE43BZ3DA,2025-08,3.1666666666666665,1-4 days,2.0,Unknown,1.5416666666666667
5064,REQ64P7WDFB2W4P,PRC8MA0QKZU,2025-11,,,3.0,Missing documents customer to provide,1.8333333333333333
5064,REQ64P7WDFB2W4P,PRC8MA0QKZU,2025-11,,,3.0,Missing documents customer to provide,2.3333333333333335
5064,REQ64P7WDFB2W4P,PRC8MA0QKZU,2025-11,,,3.0,Missing documents customer to provide,0.25
5066,REQZFTU62JHN6YR,PRCU4ZGNOSO,2025-04,4.5,5-7 days,1.0,Payment pending confirm receipt,0.5416666666666666
5070,REQ77MYPXKFUYFS,PRC8BDYQOKE,2025-11,6.5,5-7 days,1.0,Customer request waiting response,0.75
5075,REQDELOOPBJWQKI,PRC0KL7EOGS,2025-11,,,1.0,Underwriting questions review needed,30.458333333333332
5076,REQNZBGVQZJK07K,PRC2POMMP1B,2025-06,5.875,5-7 days,1.0,Underwriting questions review needed,0.7916666666666666
5082,REQ06KS3TZFN10J,PRC4BHTVBZB,2025-01,,,2.0,Payment pending confirm receipt,0.7916666666666666
5082,REQ06KS3TZFN10J,PRC4BHTVBZB,2025-01,,,2.0,Payment pending confirm receipt,0.75
5083,REQ4E7C1Z1P0T7O,PRCWCBM7ZVM,2025-09,,,3.0,System issue retry later,1.5
5083,REQ4E7C1Z1P0T7O,PRCWCBM7ZVM,2025-09,,,3.0,System issue retry later,1.2083333333333333
5083,REQ4E7C1Z1P0T7O,PRCWCBM7ZVM,2025-09,,,3.0,System issue retry later,2.4583333333333335
5087,REQDYAG64F1OXLX,PRC3HQAK48W,2025-03,,,3.0,Unknown,1.1666666666666667
5087,REQDYAG64F1OXLX,PRC3HQAK48W,2025-03,,,3.0,Unknown,59.416666666666664
5087,REQDYAG64F1OXLX,PRC3HQAK48W,2025-03,,,3.0,Unknown,60.5
5088,REQ0H1GIQ2KL3G5,PRCYNE8ME2Y,2025-12,,,1.0,Payment pending confirm receipt,0.041666666666666664
5091,REQK9E344IVNDMM,PRCG0GIJ6B8,2025-05,3.5,1-4 days,1.0,Missing documents customer to provide,1.5
5093,REQPMO9FVXH3DMW,PRCF2BQH8TO,2025-06,3.9583333333333335,1-4 days,1.0,Underwriting questions review needed,30.583333333333332
5096,REQH9A6JQN55SLP,PRCC2Q81FJQ,2025-10,6.708333333333333,5-7 days,1.0,Customer request waiting response,31.041666666666668
5099,REQETWXWT1YJJQR,PRCABRXX7NR,2025-11,,,2.0,System issue retry later,0.041666666666666664
5099,REQETWXWT1YJJQR,PRCABRXX7NR,2025-11,,,2.0,System issue retry later,28.083333333333332
5101,REQ7JDO91HI449S,PRCUACS11N5,2025-12,,,3.0,Unknown,29.791666666666668
5101,REQ7JDO91HI449S,PRCUACS11N5,2025-12,,,3.0,Unknown,2.5833333333333335
5101,REQ7JDO91HI449S,PRCUACS11N5,2025-12,,,3.0,Unknown,0.75
5104,REQPRL6L11VU2E4,PRC4OV1B8E9,2025-12,,,1.0,Payment pending confirm receipt,89.66666666666667
5107,REQRFPN4B58L8H2,PRCNOB7RTP5,2025-05,11.916666666666666,7+ days,2.0,Payment pending confirm receipt,1.0833333333333333
5107,REQRFPN4B58L8H2,PRCNOB7RTP5,2025-05,11.916666666666666,7+ days,2.0,Payment pending confirm receipt,2.4166666666666665
5110,REQRU4IWR1K2JX3,PRCTLZM7PLQ,2025-05,7.75,7+ days,1.0,Customer request waiting response,0.375
5111,REQ004CNX0IHDDU,PRCQ0U9LKJD,2025-03,,,1.0,Unknown,1.1666666666666667
5113,REQ76MD1HNBVIWZ,PRCD1ODQWEO,2025-01,,,1.0,Payment pending confirm receipt,0.75
5114,REQUVCQVY3C11MC,PRCFFHNHU14,2025-12,,,3.0,Unknown,2.25
5114,REQUVCQVY3C11MC,PRCFFHNHU14,2025-12,,,3.0,Unknown,1.7916666666666667
5114,REQUVCQVY3C11MC,PRCFFHNHU14,2025-12,,,3.0,Unknown,30.333333333333332
5118,REQP8J7C31Q90XW,PRC8ZY210QR,2025-11,,,1.0,Underwriting questions review needed,0.5833333333333334
5120,REQEGU12ZP6MTI1,PRCAK5KCVQ5,2025-08,3.5416666666666665,1-4 days,1.0,Unknown,1.9583333333333333
5122,REQJY81TRPK5U08,PRCXV12DKAH,2025-06,,,1.0,Payment pending confirm receipt,0.9583333333333334
5123,REQGMP4FPJD7OCC,PRC7TOG87P6,2025-04,,,3.0,System issue retry later,1.5
5123,REQGMP4FPJD7OCC,PRC7TOG87P6,2025-04,,,3.0,System issue retry later,2.4583333333333335
5123,REQGMP4FPJD7OCC,PRC7TOG87P6,2025-04,,,3.0,System issue retry later,0.6666666666666666
5124,REQQONWD7PW1S2E,PRCHIIAI611,2025-05,,,1.0,Underwriting questions review needed,0.7916666666666666
5125,REQNWB5OV2N95J2,PRC30CHESUG,2025-05,,,3.0,Unknown,2.8333333333333335
5125,REQNWB5OV2N95J2,PRC30CHESUG,2025-05,,,3.0,Unknown,1.4583333333333333
5125,REQNWB5OV2N95J2,PRC30CHESUG,2025-05,,,3.0,Unknown,1.4166666666666667
5127,REQXI7XVQ8S2FD4,PRCJ2MGE5TU,2025-09,,,1.0,System issue retry later,1.2916666666666667
5128,REQ2GQ7CF6MS0JL,PRC3JHFQCDO,2025-09,,,1.0,Customer request waiting response,1.5
5130,REQK5NXV2XV6DWK,PRCDXG8KZJ4,2025-04,,,1.0,Payment pending confirm receipt,58.916666666666664
5136,REQCT5307W0FSVW,PRCN4KUYILG,2025-03,,,1.0,System issue retry later,0.5833333333333334
5137,REQXZFOXUNZY7AB,PRCHEYRKA9D,2025-03,,,1.0,Missing documents customer to provide,2.3333333333333335
5140,REQMO02ADEYFUII,PRCOUAJP8BR,2025-06,,,1.0,Customer request waiting response,0.16666666666666666
5142,REQK3IH45CES8TV,PRCR2TFBHIM,2025-03,,,1.0,Missing documents customer to provide,0.7083333333333334
5146,REQ5LCOLOBAURCW,PRCQ9FS4Y3R,2025-12,,,1.0,Underwriting questions review needed,1.7083333333333333
5148,REQNMHHNPRPNOIW,PRC9YMLYNU2,2025-02,,,3.0,Customer request waiting response,61.25
5148,REQNMHHNPRPNOIW,PRC9YMLYNU2,2025-02,,,3.0,Customer request waiting response,0.3333333333333333
5148,REQNMHHNPRPNOIW,PRC9YMLYNU2,2025-02,,,3.0,Customer request waiting response,29.958333333333332
5149,REQODC8L6UJJZYD,PRCSKN64PZQ,2025-03,,,2.0,System issue retry later,2.0833333333333335
5151,REQSOHG6ZAHI1J9,PRC1C96MNEM,2025-10,,,3.0,Unknown,0.25
5151,REQSOHG6ZAHI1J9,PRC1C96MNEM,2025-10,,,3.0,Unknown,0.8333333333333334
5151,REQSOHG6ZAHI1J9,PRC1C96MNEM,2025-10,,,3.0,Unknown,0.4583333333333333
5152,REQT3XBG7WPNPG4,PRC1YYJKGRJ,2025-06,,,1.0,Customer request waiting response,60.833333333333336
5155,REQ0P8JKXT57QHI,PRCQHK0RZRH,2025-04,5.875,5-7 days,2.0,Underwriting questions review needed,0.625
5155,REQ0P8JKXT57QHI,PRCQHK0RZRH,2025-04,5.875,5-7 days,2.0,Underwriting questions review needed,31.0
5157,REQ7QHN03J9W3F0,PRCZJPUJNEZ,2025-01,,,1.0,Unknown,2.0416666666666665
5162,REQI1M1B701NJTE,PRCUO6WP89V,2025-12,0.8333333333333334,1-4 days,2.0,Underwriting questions review needed,30.916666666666668
5162,REQI1M1B701NJTE,PRCUO6WP89V,2025-12,0.8333333333333334,1-4 days,2.0,Underwriting questions review needed,92.0
5164,REQ8H067X4G6VPJ,PRCR2TCMRT8,2025-04,,,1.0,Underwriting questions review needed,62.416666666666664
5166,REQJD4U7OBSB2WI,PRCC08GPALV,2025-08,,,1.0,System issue retry later,1.0
5168,REQU47ZY3874X4V,PRC9F2ED4Y5,2025-06,,,1.0,Unknown,2.3333333333333335
5169,REQR140UEJQEULE,PRC5YP9Z3J1,2025-09,,,1.0,Missing documents customer to provide,60.708333333333336
5170,REQ5BVCL0KVVFT2,PRCFGIZ0WGP,2025-02,1.625,1-4 days,3.0,Unknown,1.5
5170,REQ5BVCL0KVVFT2,PRCFGIZ0WGP,2025-02,1.625,1-4 days,3.0,Unknown,30.875
5172,REQN6RLD0UTZSHU,PRCDTGVJ6CZ,2025-05,3.0833333333333335,1-4 days,1.0,System issue retry later,1.4583333333333333
5175,REQ3WM5MRBSOI9L,PRC1PNG4MPY,2025-11,,,1.0,Payment pending confirm receipt,61.416666666666664
5176,REQ2I07SC5OIZMA,PRCLL8H2SS2,2025-09,,,1.0,Unknown,31.875
5177,REQ2IJ7RUY974LT,PRC1GZG7P62,2025-04,,,3.0,Missing documents customer to provide,2.25
5177,REQ2IJ7RUY974LT,PRC1GZG7P62,2025-04,,,3.0,Missing documents customer to provide,1.4166666666666667
5177,REQ2IJ7RUY974LT,PRC1GZG7P62,2025-04,,,3.0,Missing documents customer to provide,0.25
5178,REQCM2EZ8TBSTFY,PRCL9W5RDGV,2025-04,,,1.0,Unknown,30.416666666666668
5180,REQ6PIVC1DYVXAS,PRCZHRMTYE2,2025-08,3.5833333333333335,1-4 days,1.0,Missing documents customer to provide,2.0
5186,REQ25RY8IC8L6W2,PRC1DJH9ZLD,2025-02,,,1.0,Unknown,2.7083333333333335
5191,REQHR3AW9QLJJP9,PRCW0H12D93,2025-08,,,1.0,Underwriting questions review needed,62.666666666666664
5195,REQS1E1FNVHCIRP,PRC2U8VEU1Z,2025-10,4.291666666666667,5-7 days,1.0,Customer request waiting response,2.3333333333333335
5196,REQLIU6JIJQ5I0E,PRCD6QSH939,2025-03,,,1.0,Customer request waiting response,59.125
5197,REQD38AIT1G2B4F,PRCCEWWWJBH,2025-11,,,1.0,Unknown,29.75
5200,REQ1PX41LUK2CBF,PRCEZ7E0D3P,2025-08,2.0,1-4 days,2.0,Underwriting questions review needed,0.2916666666666667
5202,REQFN0M2OL1TAF7,PRCO9WR94BC,2025-05,,,1.0,Missing documents customer to provide,2.6666666666666665
5203,REQDIERF90DOD83,PRCXSLLSXEL,2025-07,,,1.0,Underwriting questions review needed,1.8333333333333333
5204,REQ2WTCYNVBB96P,PRCF6C025V4,2025-04,5.541666666666667,5-7 days,1.0,Unknown,0.4166666666666667
5207,REQNDSGIWL466HT,PRCP19ILUX5,2025-10,,,2.0,Unknown,1.6666666666666667
5207,REQNDSGIWL466HT,PRCP19ILUX5,2025-10,,,2.0,Unknown,1.5
5208,REQB46V6RV5OT9Y,PRCKHQTW60R,2025-02,1.0416666666666667,1-4 days,1.0,System issue retry later,1.4583333333333333
5212,REQZTSMSVHH2ME3,PRCX2QW3RAT,2025-10,,,1.0,Underwriting questions review needed,2.375
5213,REQGPSQ5QA19BGU,PRCEXWW7HL7,2025-10,,,2.0,Missing documents customer to provide,31.583333333333332
5213,REQGPSQ5QA19BGU,PRCEXWW7HL7,2025-10,,,2.0,Missing documents customer to provide,30.666666666666668
5216,REQVS66R4OR4MZL,PRCO46FH0FY,2025-12,6.791666666666667,5-7 days,1.0,Customer request waiting response,0.8333333333333334
5222,REQ9DMENKDMP5B5,PRCC75GR3OY,2025-07,2.0,1-4 days,1.0,Payment pending confirm receipt,91.875
5223,REQ8I75YPMNCH0S,PRCPK6CMA7Q,2025-04,,,1.0,Payment pending confirm receipt,61.291666666666664
5227,REQD9YFDO50YWL3,PRCUYC9CYK8,2025-04,,,1.0,Customer request waiting response,59.166666666666664
5229,REQOP5REMZ4R9EP,PRCOYTMPXPA,2025-12,,,1.0,Payment pending confirm receipt,2.2916666666666665
5230,REQHI7GKYZWN8KK,PRCVQGGSCY8,2025-11,,,2.0,Underwriting questions review needed,0.6666666666666666
5230,REQHI7GKYZWN8KK,PRCVQGGSCY8,2025-11,,,2.0,Underwriting questions review needed,1.4166666666666667
5231,REQLTXIL559C9Z2,PRC3CN24ISD,2025-02,,,1.0,System issue retry later,1.5416666666666667
5234,REQ9ZYFAOKBND4H,PRCZWZT1UWC,2025-06,,,1.0,Missing documents customer to provide,1.4166666666666667
5236,REQKMGGM9SWTYFT,PRCOMSHXJEM,2025-07,8.083333333333334,7+ days,1.0,Customer request waiting response,0.08333333333333333
5250,REQ03R3BH9NFPUL,PRCDCI8PRZM,2025-07,3.3333333333333335,1-4 days,1.0,System issue retry later,2.75
5253,REQPY0TKM568O75,PRCEPG72X9W,2025-03,,,1.0,Missing documents customer to provide,0.041666666666666664
5255,REQ1K85F9BINE6H,PRC1ID77643,2025-11,,,1.0,Payment pending confirm receipt,2.625
5258,REQLNGI8CG69601,PRC4UFEGIHF,2025-04,4.375,5-7 days,2.0,Customer request waiting response,59.25
5258,REQLNGI8CG69601,PRC4UFEGIHF,2025-04,4.375,5-7 days,2.0,Customer request waiting response,60.791666666666664
5260,REQ5BH1V5O0IP3N,PRCOD347QHE,2025-09,,,2.0,Underwriting questions review needed,1.25
5260,REQ5BH1V5O0IP3N,PRCOD347QHE,2025-09,,,2.0,Underwriting questions review needed,1.9166666666666667
5261,REQNYA5L1LYT5JG,PRCUTSOE1XI,2025-12,,,3.0,Missing documents customer to provide,90.45833333333333
5261,REQNYA5L1LYT5JG,PRCUTSOE1XI,2025-12,,,3.0,Missing documents customer to provide,31.291666666666668
5261,REQNYA5L1LYT5JG,PRCUTSOE1XI,2025-12,,,3.0,Missing documents customer to provide,30.791666666666668
5263,REQNJSKS7NLGBCE,PRCPFHVL4JI,2025-04,,,1.0,Missing documents customer to provide,30.375
5265,REQZG0461TYF485,PRC2EA6OTLV,2025-06,,,3.0,Missing documents customer to provide,2.25
5265,REQZG0461TYF485,PRC2EA6OTLV,2025-06,,,3.0,Missing documents customer to provide,1.0
5273,REQAMT5BDPHP2MF,PRCOPQ5HL37,2025-02,,,1.0,Underwriting questions review needed,2.2083333333333335
5276,REQSXH2YEIKAN4G,PRCB8D49A24,2025-12,,,2.0,Unknown,30.25
5276,REQSXH2YEIKAN4G,PRCB8D49A24,2025-12,,,2.0,Unknown,27.791666666666668
5278,REQ2CZC4SU4HAF8,PRCP6PNU50G,2025-09,,,3.0,Underwriting questions review needed,30.333333333333332
5278,REQ2CZC4SU4HAF8,PRCP6PNU50G,2025-09,,,3.0,Underwriting questions review needed,91.75
5278,REQ2CZC4SU4HAF8,PRCP6PNU50G,2025-09,,,3.0,Underwriting questions review needed,61.166666666666664
5279,REQGD2BLXAJUDQX,PRCDI2JCD8X,2025-07,1.9583333333333333,1-4 days,1.0,System issue retry later,91.66666666666667
5284,REQE2FR11DW37ZU,PRCGWT6FJIB,2025-10,,,1.0,Underwriting questions review needed,2.7916666666666665
5287,REQU6V8MYL7XRC4,PRC8U6PN4DS,2025-09,,,1.0,Underwriting questions review needed,61.416666666666664
5292,REQ999ZCMN6PCVG,PRC3QVC0H5K,2025-05,,,1.0,Unknown,2.0
5293,REQ6J4L1BVGJCD2,PRC2ANNUFN4,2025-03,,,1.0,Underwriting questions review needed,30.0
5298,REQ77F8Q4DPMF2Y,PRCRCDCXM8E,2025-11,,,1.0,Missing documents customer to provide,2.0
5300,REQK92AHFDWT0A3,PRC8DIUTUYF,2025-10,,,1.0,Underwriting questions review needed,60.5
5302,REQPMXPEVANITL4,PRC2UUGLTML,2025-05,,,1.0,Missing documents customer to provide,2.2916666666666665
5310,REQPVBIGDJEAF2I,PRCZVB51K02,2025-02,,,1.0,Missing documents customer to provide,1.625
5315,REQDB8ETRB8BXXH,PRCVQBD5T9S,2025-10,,,1.0,Unknown,2.0416666666666665
5319,REQPNWVVQD1OMK0,PRCJOHH17UK,2025-04,,,2.0,Payment pending confirm receipt,2.7916666666666665
5320,REQ9PWWOK1MW8WN,PRC4JTZHQRP,2025-12,6.041666666666667,5-7 days,2.0,Unknown,29.416666666666668
5320,REQ9PWWOK1MW8WN,PRC4JTZHQRP,2025-12,6.041666666666667,5-7 days,2.0,Unknown,61.25
5323,REQC4V2777BDYSP,PRC8GKSYDWK,2025-02,1.25,1-4 days,1.0,Customer request waiting response,0.4583333333333333
5324,REQQXC27KEJZMCQ,PRC2J1AFV1A,2025-11,,,2.0,Underwriting questions review needed,1.5416666666666667
5324,REQQXC27KEJZMCQ,PRC2J1AFV1A,2025-11,,,2.0,Underwriting questions review needed,0.08333333333333333
5325,REQCE1H3873A7RE,PRCTDPOO48K,2025-11,,,1.0,Payment pending confirm receipt,2.5416666666666665
5336,REQIOOFR7UTJQ04,PRCP5DDNNPG,2025-01,,,1.0,Underwriting questions review needed,0.041666666666666664
5337,REQ1OW94PJLAMGB,PRC5LY100UA,2025-02,,,1.0,Payment pending confirm receipt,58.5
5338,REQ6LANROW2OB9P,PRC5Z9H4B07,2025-12,,,1.0,Customer request waiting response,2.375
5339,REQCSABZVSX68CX,PRCTB80A666,2025-12,,,1.0,Payment pending confirm receipt,0.4583333333333333
5341,REQQ60Y8YJF6A47,PRCLQHK87A7,2025-08,3.0416666666666665,1-4 days,1.0,Missing documents customer to provide,61.25
5343,REQ67IAKV989GXY,PRC4VCGQ13X,2025-01,,,1.0,Customer request waiting response,2.0
5347,REQV82331EDO1M2,PRCGTE604Y9,2025-12,,,1.0,Customer request waiting response,1.125
5349,REQ7VVOUDL0VH0B,PRCIYTOD39M,2025-12,,,2.0,Customer request waiting response,0.5
5349,REQ7VVOUDL0VH0B,PRCIYTOD39M,2025-12,,,2.0,Customer request waiting response,0.08333333333333333
5358,REQ9ZRC3LSCM6IU,PRC9YOPRXDD,2025-06,4.041666666666667,5-7 days,2.0,System issue retry later,60.916666666666664
5358,REQ9ZRC3LSCM6IU,PRC9YOPRXDD,2025-06,4.041666666666667,5-7 days,2.0,System issue retry later,0.9583333333333334
5360,REQDK9ZAUR01VJ1,PRCW9OQD7UZ,2025-11,7.875,7+ days,1.0,Payment pending confirm receipt,0.2916666666666667
5361,REQT11YZ6PQGRUV,PRC1WKNJFDX,2025-04,,,1.0,Customer request waiting response,1.25
5362,REQV8HFBYAETXTN,PRCZVWAANN6,2025-11,2.9166666666666665,1-4 days,1.0,Unknown,60.291666666666664
5363,REQ211YIKD7EJKI,PRC1A53XQR1,2025-12,,,1.0,System issue retry later,1.2083333333333333
5364,REQIRWA6G93KFAC,PRCBBBJZ92E,2025-06,5.166666666666667,5-7 days,2.0,System issue retry later,0.6666666666666666
5364,REQIRWA6G93KFAC,PRCBBBJZ92E,2025-06,5.166666666666667,5-7 days,2.0,System issue retry later,1.2083333333333333
5366,REQHHHZ7JHCJ3SS,PRC6WLL75QJ,2025-04,,,1.0,Unknown,62.083333333333336
5367,REQ82SYXTNTK8GT,PRCKJRND4FC,2025-08,,,1.0,Missing documents customer to provide,3.0
5368,REQ71FOOSIPNZJT,PRC3YJ0M1YX,2025-09,4.208333333333333,5-7 days,1.0,Underwriting questions review needed,0.25
5370,REQ7QUOEKP1OA1M,PRCMB8JR146,2025-10,,,1.0,Customer request waiting response,30.416666666666668
5373,REQRQE1TZW3ZTTW,PRCF60HIEQK,2025-12,,,1.0,Underwriting questions review needed,3.0
5375,REQYIL2BKSE6J5C,PRCLXEW7YSK,2025-06,,,1.0,Payment pending confirm receipt,1.5
5377,REQCK6G6WYVQJOC,PRCK7R3NJQZ,2025-12,,,2.0,Payment pending confirm receipt,2.2083333333333335
5377,REQCK6G6WYVQJOC,PRCK7R3NJQZ,2025-12,,,2.0,Payment pending confirm receipt,1.5
5379,REQJAVZXLOQLDRB,PRC9TXU3AAQ,2025-11,,,1.0,Unknown,62.333333333333336
5380,REQEJIQK0KBAECJ,PRCGWOO108G,2025-10,8.25,7+ days,2.0,Customer request waiting response,1.125
5380,REQEJIQK0KBAECJ,PRCGWOO108G,2025-10,8.25,7+ days,2.0,Customer request waiting response,2.1666666666666665
5381,REQQ8BPCQHTRWEQ,PRCWWM0AB1D,2025-07,,,2.0,Payment pending confirm receipt,28.0
5381,REQQ8BPCQHTRWEQ,PRCWWM0AB1D,2025-07,,,2.0,Payment pending confirm receipt,61.208333333333336
5383,REQT827DYA5VCPV,PRCL2XF5A2E,2025-10,,,2.0,Payment pending confirm receipt,29.583333333333332
5384,REQTX8HWNEL4WXR,PRCKQZPME4W,2025-03,3.0833333333333335,1-4 days,1.0,Customer request waiting response,2.0416666666666665
5388,REQ9MIE9QCTZVO3,PRCMJUWAD3Q,2025-09,,,3.0,Underwriting questions review needed,0.625
5388,REQ9MIE9QCTZVO3,PRCMJUWAD3Q,2025-09,,,3.0,Underwriting questions review needed,58.833333333333336
5389,REQ51P4WVLF0RYC,PRC3D98P4LJ,2025-07,6.0,5-7 days,3.0,Unknown,0.041666666666666664
5389,REQ51P4WVLF0RYC,PRC3D98P4LJ,2025-07,6.0,5-7 days,3.0,Unknown,0.5
5391,REQZYB6DOETZAO0,PRCNXBC3ALF,2025-07,13.291666666666666,7+ days,1.0,Unknown,27.958333333333332
5392,REQHV8T0XGVDQML,PRCY7QHIL55,2025-02,,,1.0,Unknown,2.2916666666666665
5395,REQCWK7Y3LOMUSH,PRC18OA6IF7,2025-08,,,2.0,Customer request waiting response,1.5
5396,REQWERSXOSU0ETZ,PRCF8IEA57I,2025-10,4.208333333333333,5-7 days,1.0,Missing documents customer to provide,2.5
5399,REQCUWJGCA8EFTH,PRC4BEJJIM0,2025-03,3.2916666666666665,1-4 days,2.0,System issue retry later,0.5833333333333334
5401,REQMF5VAI5VSWC5,PRCOLEENWDF,2025-05,,,3.0,Missing documents customer to provide,30.583333333333332
5401,REQMF5VAI5VSWC5,PRCOLEENWDF,2025-05,,,3.0,Missing documents customer to provide,30.625
5401,REQMF5VAI5VSWC5,PRCOLEENWDF,2025-05,,,3.0,Missing documents customer to provide,60.708333333333336
5402,REQ149FT4OSKMAT,PRC3BGYI9KH,2025-08,,,1.0,Underwriting questions review needed,89.95833333333333
5403,REQYQTFAJS6W8LF,PRCGPH7AFWI,2025-06,,,1.0,System issue retry later,0.5
5409,REQ1A2X837V2BVZ,PRCH888JHJX,2025-09,,,1.0,Unknown,61.625
5410,REQ7I8ZFTSWUPGN,PRCQEPO99TC,2025-06,,,1.0,Unknown,2.3333333333333335
5412,REQPTC1EUXWVKQL,PRCGJNRTR6L,2025-10,,,1.0,Missing documents customer to provide,2.875
5413,REQ0KPCIZ8KP1YO,PRC53M95624,2025-10,,,1.0,Underwriting questions review needed,60.75
5417,REQDMXISWSVBOWK,PRCF1TNDZWS,2025-09,,,1.0,Underwriting questions review needed,90.875
5422,REQO7YO170TN6I7,PRCWWOSVT99,2025-12,,,1.0,Underwriting questions review needed,29.875
5424,REQHXVZYKSQPUH7,PRC2Q74Q7XR,2025-08,1.2916666666666667,1-4 days,3.0,System issue retry later,2.7916666666666665
5424,REQHXVZYKSQPUH7,PRC2Q74Q7XR,2025-08,1.2916666666666667,1-4 days,3.0,System issue retry later,0.6666666666666666
5424,REQHXVZYKSQPUH7,PRC2Q74Q7XR,2025-08,1.2916666666666667,1-4 days,3.0,System issue retry later,2.4166666666666665
5425,REQQAJALU4Z85SC,PRCZUZB9LJF,2025-01,,,1.0,System issue retry later,1.0416666666666667
5428,REQWODU3VKE00A6,PRCVFFHSA3G,2025-06,3.5416666666666665,1-4 days,2.0,Customer request waiting response,30.0
5428,REQWODU3VKE00A6,PRCVFFHSA3G,2025-06,3.5416666666666665,1-4 days,2.0,Customer request waiting response,2.7083333333333335
5433,REQ0XP77BGZVIH5,PRC651FM17H,2025-03,,,1.0,Underwriting questions review needed,1.5833333333333333
5436,REQDUB1KQITPZPY,PRCIZ6AH63S,2025-09,2.375,1-4 days,1.0,Payment pending confirm receipt,29.75
5437,REQQQQ5CQ9T2NWC,PRC934A2EWW,2025-10,,,1.0,Unknown,2.625
5443,REQCU1IFFDOJQI9,PRC38VCVC9T,2025-01,,,1.0,Missing documents customer to provide,2.5416666666666665
5445,REQLXPR6JIMAHJ3,PRCD96QEZR4,2025-08,,,1.0,Payment pending confirm receipt,29.833333333333332
5448,REQ0RG64UTXNDZY,PRCXWIIQPXZ,2025-09,1.7916666666666667,1-4 days,1.0,Payment pending confirm receipt,0.625
5453,REQCPGUSSYVG5AW,PRCU8A470PX,2025-10,,,1.0,Unknown,2.9583333333333335
5455,REQYJSPS4DVSS58,PRCST70RT01,2025-08,4.708333333333333,5-7 days,1.0,Customer request waiting response,0.6666666666666666
5457,REQX7I31FGDQ8RI,PRCGZ3211QS,2025-11,,,3.0,Unknown,0.25
5457,REQX7I31FGDQ8RI,PRCGZ3211QS,2025-11,,,3.0,Unknown,30.5
5457,REQX7I31FGDQ8RI,PRCGZ3211QS,2025-11,,,3.0,Unknown,29.125
5458,REQ77MJTEYMGY2C,PRCAWGVF5GS,2025-02,,,1.0,Missing documents customer to provide,0.5833333333333334
5459,REQ0TTOG4QEKRYW,PRCXWSKC402,2025-07,1.4166666666666667,1-4 days,1.0,Unknown,30.916666666666668
5463,REQSD7V45459D6Q,PRCUZIE33E8,2025-06,,,1.0,Payment pending confirm receipt,31.208333333333332
5471,REQOS43LVJ0REE9,PRC69TE2DGL,2025-06,1.5833333333333333,1-4 days,2.0,Unknown,1.0416666666666667
5471,REQOS43LVJ0REE9,PRC69TE2DGL,2025-06,1.5833333333333333,1-4 days,2.0,Unknown,0.75
5477,REQPVI76DNEDJ7L,PRCC9R3VYRA,2025-07,7.458333333333333,7+ days,3.0,Underwriting questions review needed,30.875
5477,REQPVI76DNEDJ7L,PRCC9R3VYRA,2025-07,7.458333333333333,7+ days,3.0,Underwriting questions review needed,2.9166666666666665
5477,REQPVI76DNEDJ7L,PRCC9R3VYRA,2025-07,7.458333333333333,7+ days,3.0,Underwriting questions review needed,0.5833333333333334
5478,REQY432P02DIF1S,PRC1JD6VZNF,2025-05,,,1.0,System issue retry later,1.8333333333333333
5479,REQZ1B4E6KYBIEO,PRCGX322EUA,2025-07,,,1.0,Unknown,0.4583333333333333
5485,REQSYNPDL7E20FC,PRCS3DM7RN7,2025-12,,,2.0,Missing documents customer to provide,1.7083333333333333
5485,REQSYNPDL7E20FC,PRCS3DM7RN7,2025-12,,,2.0,Missing documents customer to provide,1.5416666666666667
5492,REQGACPK5KC89DH,PRCGTKKB3LH,2025-04,,,1.0,Payment pending confirm receipt,1.4583333333333333
5493,REQOR0I312FGSIP,PRC5TRYCD7K,2025-11,,,1.0,Payment pending confirm receipt,1.8333333333333333
5495,REQNI1R1ME4UCAY,PRCQ6G23UBF,2025-09,,,1.0,Unknown,0.375
5499,REQJWC23O1TQF90,PRCIZKU8SAO,2025-12,,,1.0,Missing documents customer to provide,0.9583333333333334
5500,REQ6RXX9J7ZFBA3,PRCRNDYGN8R,2025-05,,,2.0,System issue retry later,2.5416666666666665
5500,REQ6RXX9J7ZFBA3,PRCRNDYGN8R,2025-05,,,2.0,System issue retry later,0.875
5506,REQR0E5S00GX423,PRCHSV1G99K,2025-04,,,1.0,Customer request waiting response,0.25
5509,REQGXI4336W7YAK,PRCV5ZTH53F,2025-09,2.4583333333333335,1-4 days,1.0,Underwriting questions review needed,0.5416666666666666
5512,REQ7MK5XEUOQRKE,PRC90L327I0,2025-01,3.375,1-4 days,1.0,Underwriting questions review needed,1.75
5514,REQ56472WPBZPQ7,PRC135IVMRF,2025-11,,,2.0,Missing documents customer to provide,1.1666666666666667
5514,REQ56472WPBZPQ7,PRC135IVMRF,2025-11,,,2.0,Missing documents customer to provide,1.875
5515,REQZFLYXJHJ4N7Q,PRCTQUEF8O1,2025-06,,,2.0,Underwriting questions review needed,0.08333333333333333
5515,REQZFLYXJHJ4N7Q,PRCTQUEF8O1,2025-06,,,2.0,Underwriting questions review needed,2.25
5516,REQQTAJ75AG2E93,PRC7Q2QXNLQ,2025-08,,,1.0,Payment pending confirm receipt,0.25
5517,REQJDA0CKIPY1MS,PRCOE9I5HCF,2025-06,,,2.0,Customer request waiting response,1.125
5517,REQJDA0CKIPY1MS,PRCOE9I5HCF,2025-06,,,2.0,Customer request waiting response,1.5833333333333333
5534,REQPBUVKLN38VTZ,PRCU2P7T4U5,2025-05,,,1.0,System issue retry later,1.0
5535,REQH5CJLLG3OGEK,PRCJK450544,2025-07,3.0833333333333335,1-4 days,1.0,Customer request waiting response,2.2916666666666665
5539,REQ6G5YOITOIENH,PRCPHU8DU36,2025-03,,,1.0,Unknown,0.125
5541,REQZLPENZ3MM132,PRC1D9G1NSE,2025-02,,,1.0,Unknown,1.8333333333333333
5543,REQW072Q3N9W920,PRCMM6RB3NC,2025-12,,,1.0,Unknown,91.91666666666667
5544,REQI7CD2JFJO5XC,PRCY77ODEKC,2025-09,4.875,5-7 days,2.0,Missing documents customer to provide,1.0
5549,REQ64HAP0EK1LOI,PRCJ8QKP5TH,2025-01,,,2.0,System issue retry later,0.5
5549,REQ64HAP0EK1LOI,PRCJ8QKP5TH,2025-01,,,2.0,System issue retry later,0.3333333333333333
5555,REQ3OYPS3FI9RPF,PRC9KM2C366,2025-11,,,1.0,Unknown,2.9166666666666665
5556,REQTVRAKVZHAFQF,PRCGHCHJ4EW,2025-01,3.875,1-4 days,1.0,Customer request waiting response,0.8333333333333334
5558,REQNDO2UVPWFH6Z,PRCYH85T9YA,2025-06,,,1.0,Unknown,1.5416666666666667
5566,REQ059RIT82KGJY,PRC6TYALMPF,2025-10,3.6666666666666665,1-4 days,1.0,Missing documents customer to provide,0.3333333333333333
5572,REQE28OA1M28FQF,PRC8YLQPW16,2025-09,,,1.0,Unknown,31.083333333333332
5576,REQXB2AUCCDU6JJ,PRC6E6FOI9W,2025-03,10.833333333333334,7+ days,1.0,Underwriting questions review needed,0.5
5577,REQZN11NFSZFVEK,PRCEANU4S8Q,2025-05,,,1.0,Customer request waiting response,1.3333333333333333
5578,REQ6OGSDZJCBXUQ,PRCY4WWTVDI,2025-06,,,2.0,Missing documents customer to provide,0.25
5578,REQ6OGSDZJCBXUQ,PRCY4WWTVDI,2025-06,,,2.0,Missing documents customer to provide,91.875
5581,REQN54EGDJFRB9Q,PRCYZALWDAR,2025-10,,,1.0,Missing documents customer to provide,2.0416666666666665
5585,REQMR0B8Q7N1SPE,PRCVVMTAXED,2025-12,,,1.0,Underwriting questions review needed,2.9583333333333335
5587,REQQPW36CX69WRJ,PRCOWM26WWZ,2025-06,,,1.0,System issue retry later,0.25
5590,REQLFE5RNQ5JJJP,PRCEDWWGIJT,2025-05,,,1.0,Missing documents customer to provide,2.25
5591,REQH5L8S5IPO7LD,PRCWKPPHATE,2025-08,,,1.0,Customer request waiting response,0.25
5592,REQ8GEJQ87DSEJC,PRCLFP094MA,2025-01,,,1.0,Missing documents customer to provide,27.916666666666668
5593,REQAW4WFZC3QGLF,PRC1UOLPZET,2025-08,,,3.0,Payment pending confirm receipt,1.2083333333333333
5593,REQAW4WFZC3QGLF,PRC1UOLPZET,2025-08,,,3.0,Payment pending confirm receipt,2.4583333333333335
5593,REQAW4WFZC3QGLF,PRC1UOLPZET,2025-08,,,3.0,Payment pending confirm receipt,2.0833333333333335
5595,REQGX7O6619RSUE,PRC14L21S4W,2025-12,,,1.0,Customer request waiting response,0.5416666666666666
5597,REQEQN6TYJ4351A,PRCVJ1474DN,2025-11,,,1.0,Customer request waiting response,29.791666666666668
5598,REQ7H4O1YTK7673,PRCB7ZBXIR6,2025-08,,,2.0,Customer request waiting response,0.4166666666666667
5599,REQJKDYYFGQ8F87,PRC8CZ6LGK9,2025-11,,,1.0,Customer request waiting response,0.2916666666666667
5603,REQWDABLMPIMLR7,PRCAHYAUOCX,2025-11,,,1.0,System issue retry later,2.2916666666666665
5606,REQDJVLZUMQF1J9,PRCNS8N8TXK,2025-09,,,1.0,System issue retry later,0.375
5609,REQLT8E9NUNK1HX,PRCRE63KHB7,2025-04,2.375,1-4 days,2.0,Customer request waiting response,2.8333333333333335
5609,REQLT8E9NUNK1HX,PRCRE63KHB7,2025-04,2.375,1-4 days,2.0,Customer request waiting response,1.7083333333333333
5611,REQKFFG8KTS6RQS,PRC5EDYUOWQ,2025-08,,,1.0,Unknown,0.5416666666666666
5612,REQQGD0QZ8RVYRA,PRCVNSFBMOI,2025-08,,,2.0,Unknown,61.166666666666664
5612,REQQGD0QZ8RVYRA,PRCVNSFBMOI,2025-08,,,2.0,Unknown,0.3333333333333333
5613,REQ5CS52WLEOE79,PRCFOHX85HM,2025-07,,,1.0,Missing documents customer to provide,1.4166666666666667
5614,REQUR64DF1BFFFF,PRCBE6ARM4R,2025-08,1.8333333333333333,1-4 days,1.0,Customer request waiting response,0.5416666666666666
5615,REQESPFK2NKZ3SI,PRC792V5WO3,2025-12,,,3.0,Unknown,2.0
5615,REQESPFK2NKZ3SI,PRC792V5WO3,2025-12,,,3.0,Unknown,2.125
5615,REQESPFK2NKZ3SI,PRC792V5WO3,2025-12,,,3.0,Unknown,1.3333333333333333
5616,REQOY8FVJ2JGRR3,PRC29QEL826,2025-06,,,2.0,Customer request waiting response,1.0
5617,REQKYFWTP715YLW,PRC1MTE7K8R,2025-10,,,2.0,Payment pending confirm receipt,2.75
5617,REQKYFWTP715YLW,PRC1MTE7K8R,2025-10,,,2.0,Payment pending confirm receipt,0.08333333333333333
5620,REQIRDWPFFL2078,PRC9SDVS8RZ,2025-10,,,1.0,System issue retry later,31.583333333333332
5629,REQJQ3PFHD1FPGS,PRC0J35A9FR,2025-10,,,1.0,Underwriting questions review needed,0.9166666666666666
5630,REQ1I440BVZJ7CS,PRCQLOZ9Y82,2025-07,1.75,1-4 days,1.0,System issue retry later,1.375
5632,REQJS4HI5D8UI55,PRC4LEEXVE2,2025-03,,,1.0,Unknown,62.25
5633,REQP91DFH0S1EA3,PRCYW8GS3HE,2025-10,4.416666666666667,5-7 days,1.0,Missing documents customer to provide,1.25
5635,REQILULMLZ7ZLC9,PRC7O7IGYA4,2025-11,,,2.0,Unknown,1.2083333333333333
5635,REQILULMLZ7ZLC9,PRC7O7IGYA4,2025-11,,,2.0,Unknown,0.75
5639,REQCE0JWK7MNQ5Q,PRCI1QOA2AK,2025-06,,,2.0,Unknown,60.75
5639,REQCE0JWK7MNQ5Q,PRCI1QOA2AK,2025-06,,,2.0,Unknown,91.91666666666667
5643,REQPID6LOKHIX7E,PRCI5QGKBMN,2025-03,,,2.0,Missing documents customer to provide,89.33333333333333
5643,REQPID6LOKHIX7E,PRCI5QGKBMN,2025-03,,,2.0,Missing documents customer to provide,30.083333333333332
5645,REQ7UWVNBOGA08N,PRCL5VBM574,2025-11,,,1.0,Customer request waiting response,1.8333333333333333
5646,REQLOSB4K80VVCZ,PRC7HSEFJJO,2025-05,,,1.0,Underwriting questions review needed,1.9583333333333333
5648,REQGU50A102UNW4,PRCN4MYZ7VC,2025-08,,,1.0,Customer request waiting response,31.416666666666668
5649,REQLLG2QMNK3Z0J,PRC5IR05OJ7,2025-11,1.875,1-4 days,1.0,Unknown,61.166666666666664
5652,REQ3HW31B769ZA7,PRCGFUF4NR1,2025-08,,,1.0,Customer request waiting response,1.25
5653,REQXW82KCPYFMY7,PRC10S1ZK1X,2025-03,15.041666666666666,7+ days,1.0,Customer request waiting response,62.75
5655,REQMH0I6WZ3YXBJ,PRC8S7V0UNH,2025-02,5.75,5-7 days,1.0,Customer request waiting response,30.083333333333332
5660,REQBEEW7KF53ELG,PRC08XL9MQS,2025-06,3.25,1-4 days,2.0,Unknown,61.5
5660,REQBEEW7KF53ELG,PRC08XL9MQS,2025-06,3.25,1-4 days,2.0,Unknown,62.416666666666664
5664,REQEDHOIAKDWVPL,PRCZMU5FEF1,2025-09,,,2.0,Unknown,92.0
5665,REQD3EL2VIEGJGT,PRC9F3CCG3X,2025-04,,,1.0,Missing documents customer to provide,2.0416666666666665
5666,REQRSJO5KYOJXVM,PRCDXL2LOP1,2025-12,,,1.0,System issue retry later,2.375
5672,REQU1ERSIFZ6EJ1,PRCJHVVF499,2025-08,,,1.0,System issue retry later,2.25
5677,REQ85ZQUL5RYJMB,PRCDYMKLDRD,2025-08,3.1666666666666665,1-4 days,1.0,System issue retry later,1.8333333333333333
5678,REQAIQ0HKUM0G6L,PRCDXRG98AK,2025-06,,,2.0,Underwriting questions review needed,1.3333333333333333
5678,REQAIQ0HKUM0G6L,PRCDXRG98AK,2025-06,,,2.0,Underwriting questions review needed,1.1666666666666667
5679,REQMAJX8QEOIYEQ,PRCTRJZ9YSN,2025-01,,,1.0,Unknown,2.3333333333333335
5684,REQ7TI0TAZC66SH,PRCQAX4NY5T,2025-11,3.4583333333333335,1-4 days,1.0,System issue retry later,0.5833333333333334
5686,REQC0OSO3SV4HSQ,PRCSH5C7TMC,2025-06,2.2083333333333335,1-4 days,1.0,Missing documents customer to provide,1.9583333333333333
5688,REQUHEFGXN13O67,PRCSSQCIV08,2025-11,,,1.0,Underwriting questions review needed,0.9583333333333334
5692,REQO0DWG12R40WY,PRCLBY9CY2L,2025-01,3.25,1-4 days,1.0,Missing documents customer to provide,2.75
5696,REQHLW400G4DR35,PRCM270IHJ9,2025-03,,,1.0,Underwriting questions review needed,1.5
5699,REQF9BTICMUDSPH,PRCVIWCK2CY,2025-07,,,1.0,Unknown,0.5
5703,REQLE2M38QRSLKX,PRC94T6D5AB,2025-04,,,1.0,Underwriting questions review needed,0.875
5704,REQG54E4ME3UJUL,PRCD7LVKTIL,2025-05,13.083333333333334,7+ days,2.0,System issue retry later,0.16666666666666666
5707,REQBU0KAIYL8MJ5,PRCP4J6THOB,2025-11,,,1.0,Customer request waiting response,2.1666666666666665
5718,REQNZRUYEJPPJAQ,PRC93XVO8MN,2025-08,1.1666666666666667,1-4 days,1.0,Underwriting questions review needed,1.5833333333333333
5721,REQAMM8H997VWM3,PRC2XT48DB3,2025-05,,,1.0,Unknown,2.75
5724,REQZD30L2AJKQC3,PRCCUAH19HS,2025-12,,,2.0,Missing documents customer to provide,91.625
5724,REQZD30L2AJKQC3,PRCCUAH19HS,2025-12,,,2.0,Missing documents customer to provide,2.6666666666666665
5725,REQ1DNGXHFRZBW2,PRCQBYJZAAO,2025-12,,,2.0,Unknown,2.375
5725,REQ1DNGXHFRZBW2,PRCQBYJZAAO,2025-12,,,2.0,Unknown,2.0
5726,REQ05WPAVBTT6HW,PRCORGKEF57,2025-01,,,1.0,Customer request waiting response,91.75
5727,REQ15BSASNTGX3B,PRC3T0F3OG3,2025-07,,,1.0,Missing documents customer to provide,1.2083333333333333
5729,REQ4KKWGHNJ7432,PRCABW8N7PU,2025-09,,,1.0,Unknown,30.333333333333332
5731,REQ51L23F6HREIX,PRCVEHP7WNT,2025-09,,,1.0,Payment pending confirm receipt,31.083333333333332
5733,REQFIJ6KCCEQAHI,PRC16GZCOVF,2025-09,,,1.0,Customer request waiting response,2.5
5735,REQUMFVYALWUR7G,PRCHTC3HQHQ,2025-07,5.708333333333333,5-7 days,2.0,Payment pending confirm receipt,31.625
5735,REQUMFVYALWUR7G,PRCHTC3HQHQ,2025-07,5.708333333333333,5-7 days,2.0,Payment pending confirm receipt,0.7083333333333334
5736,REQD6YO4O1X0SFQ,PRC1PM4GGWL,2025-09,,,1.0,Customer request waiting response,2.7083333333333335
5740,REQPCTIICYQD237,PRCHFT3QQXJ,2025-12,,,1.0,Underwriting questions review needed,61.916666666666664
5741,REQDTFRXDOQ7G09,PRC83GQXXQ3,2025-05,,,3.0,Unknown,0.041666666666666664
5741,REQDTFRXDOQ7G09,PRC83GQXXQ3,2025-05,,,3.0,Unknown,1.2916666666666667
5741,REQDTFRXDOQ7G09,PRC83GQXXQ3,2025-05,,,3.0,Unknown,0.5833333333333334
5744,REQNJDDMAI8UKGS,PRC9Y8DQ566,2025-02,,,1.0,Customer request waiting response,0.125
5746,REQXAJETN1001EM,PRC1RWH2CV7,2025-09,,,1.0,Customer request waiting response,1.625
5750,REQSL1JJAZOM01C,PRC66I3DDRL,2025-02,,,1.0,Missing documents customer to provide,62.291666666666664
5752,REQ3IVVQJWCZ7B1,PRC4BFLWXNP,2025-04,,,2.0,System issue retry later,0.2916666666666667
5758,REQO56DLSG1PKGA,PRCZPQX60IC,2025-06,3.5,1-4 days,2.0,Unknown,1.4583333333333333
5758,REQO56DLSG1PKGA,PRCZPQX60IC,2025-06,3.5,1-4 days,2.0,Unknown,1.2083333333333333
5763,REQZFH2WPB7GEI1,PRC79101WVA,2025-12,,,2.0,Underwriting questions review needed,61.125
5763,REQZFH2WPB7GEI1,PRC79101WVA,2025-12,,,2.0,Underwriting questions review needed,31.958333333333332
5764,REQ6GDZXY3XA4KQ,PRCL738Q9RM,2025-11,,,1.0,Customer request waiting response,1.25
5765,REQQ1SC6W4GGKQL,PRCAOU9QSEG,2025-09,3.7916666666666665,1-4 days,1.0,Customer request waiting response,2.8333333333333335
5766,REQLZIXQ8WDW9X9,PRC3JXVP88O,2025-08,2.0,1-4 days,1.0,Unknown,1.75
5770,REQW5601RH40CSI,PRCZ8ZPU2HE,2025-12,,,1.0,Underwriting questions review needed,1.8333333333333333
5773,REQBCXM28XAKH8U,PRCAAB4GWU5,2025-07,,,1.0,System issue retry later,1.875
5778,REQR8DCRG2I87JB,PRCNNZT0Y8L,2025-10,,,1.0,Customer request waiting response,2.6666666666666665
5780,REQ4Y6YN814MQMJ,PRCNYGPNQ3G,2025-12,,,1.0,Payment pending confirm receipt,61.75
5785,REQ1HCB3JGLUEZI,PRCIS2JWCIG,2025-06,1.5833333333333333,1-4 days,3.0,Payment pending confirm receipt,1.25
5785,REQ1HCB3JGLUEZI,PRCIS2JWCIG,2025-06,1.5833333333333333,1-4 days,3.0,Payment pending confirm receipt,27.75
5789,REQA1UK07FF91FU,PRC9VE37FQV,2025-04,,,1.0,Unknown,2.75
5794,REQ39V99E995QG7,PRC99TLUDPQ,2025-10,,,1.0,System issue retry later,29.833333333333332
5798,REQXA80VGKQK9JT,PRCZXTPETGN,2025-02,,,1.0,Underwriting questions review needed,1.0416666666666667
5799,REQQ9KIJSMUTKDX,PRC8U6XD2IQ,2025-02,,,1.0,Missing documents customer to provide,0.25
5802,REQ63S5X77OCSUY,PRC1O7GP20M,2025-04,,,1.0,Customer request waiting response,0.3333333333333333
5806,REQO448CKI2B0L4,PRC9LH0B3PV,2025-06,3.125,1-4 days,1.0,Missing documents customer to provide,62.625
5807,REQKTBMMZRGBPHL,PRCU8OJBTW1,2025-12,,,2.0,Underwriting questions review needed,0.5833333333333334
5807,REQKTBMMZRGBPHL,PRCU8OJBTW1,2025-12,,,2.0,Underwriting questions review needed,0.7083333333333334
5811,REQQR9N9QZ0EU0O,PRCVJNSAKYE,2025-03,,,1.0,Missing documents customer to provide,30.041666666666668
5814,REQCT0OUDKIEU60,PRCSY185IEY,2025-12,2.4583333333333335,1-4 days,1.0,Payment pending confirm receipt,0.8333333333333334
5816,REQPDE31PXKG2JP,PRC36KD3DQV,2025-10,,,1.0,Unknown,1.7083333333333333
5817,REQJD3EPA8AXDPS,PRC38EXUGVU,2025-12,,,1.0,System issue retry later,1.875
5819,REQ3AQ41QKB7NRA,PRCUPG87C1C,2025-11,,,1.0,Missing documents customer to provide,0.20833333333333334
5826,REQQWEQOPS65CA0,PRCJFLP3B96,2025-03,,,1.0,Unknown,31.666666666666668
5827,REQ9NHMZJ0R9IIP,PRCV96RIPJ1,2025-10,6.0,5-7 days,2.0,Missing documents customer to provide,29.958333333333332
5827,REQ9NHMZJ0R9IIP,PRCV96RIPJ1,2025-10,6.0,5-7 days,2.0,Missing documents customer to provide,61.625
5830,REQI7I1HH4FM2Q9,PRCYN7L1ZPT,2025-04,5.875,5-7 days,1.0,Customer request waiting response,0.041666666666666664
5831,REQ8F0R27JXLVR8,PRC6UCFAO13,2025-08,,,1.0,System issue retry later,31.083333333333332
5832,REQUV5F8JVLIBFD,PRCXBSRLTI1,2025-01,0.9166666666666666,1-4 days,2.0,Payment pending confirm receipt,1.8333333333333333
5834,REQ5QBR9UFPYGSS,PRC1N7I151X,2025-12,,,3.0,Missing documents customer to provide,2.6666666666666665
5834,REQ5QBR9UFPYGSS,PRC1N7I151X,2025-12,,,3.0,Missing documents customer to provide,58.541666666666664
5834,REQ5QBR9UFPYGSS,PRC1N7I151X,2025-12,,,3.0,Missing documents customer to provide,31.041666666666668
5835,REQ9FLAXR1LZ6KI,PRCHA05P737,2025-04,,,1.0,Payment pending confirm receipt,91.29166666666667
5836,REQU9SGV8VYCI3M,PRCL4W45GDT,2025-04,14.75,7+ days,3.0,Payment pending confirm receipt,1.5833333333333333
5836,REQU9SGV8VYCI3M,PRCL4W45GDT,2025-04,14.75,7+ days,3.0,Payment pending confirm receipt,1.8333333333333333
5836,REQU9SGV8VYCI3M,PRCL4W45GDT,2025-04,14.75,7+ days,3.0,Payment pending confirm receipt,1.6666666666666667
5837,REQE8EF4MMM5UOL,PRCX974MFRN,2025-11,,,2.0,Underwriting questions review needed,62.25
5837,REQE8EF4MMM5UOL,PRCX974MFRN,2025-11,,,2.0,Underwriting questions review needed,60.875
5841,REQEJWWDKW5RPPQ,PRCU098C6NV,2025-01,,,1.0,Payment pending confirm receipt,2.9166666666666665
5846,REQCKJ4P767FW3G,PRC5NS8F4NK,2025-04,,,1.0,Unknown,1.0
5848,REQO5B04HA0UPW6,PRCVAUKLZV6,2025-12,3.4166666666666665,1-4 days,1.0,Unknown,1.25
5849,REQ1YH8O70PJ6DM,PRC3L18VV7T,2025-07,,,2.0,Unknown,1.6666666666666667
5849,REQ1YH8O70PJ6DM,PRC3L18VV7T,2025-07,,,2.0,Unknown,1.25
5850,REQPK3LQFHDA5WF,PRCY4IIW1CQ,2025-12,,,1.0,Underwriting questions review needed,1.0
5851,REQI6GC9Q29S8IK,PRCS5P7LXBC,2025-03,,,1.0,Customer request waiting response,0.8333333333333334
5853,REQHUTQ3DVL9PFO,PRCNBECWCHK,2025-01,,,1.0,Customer request waiting response,0.8333333333333334
5859,REQOHV58DUU4M7S,PRCIORFB7DC,2025-04,,,2.0,System issue retry later,1.125
5859,REQOHV58DUU4M7S,PRCIORFB7DC,2025-04,,,2.0,System issue retry later,2.625
5860,REQDICY4TKJ17ZM,PRCLD910KM5,2025-03,,,2.0,Missing documents customer to provide,1.125
5860,REQDICY4TKJ17ZM,PRCLD910KM5,2025-03,,,2.0,Missing documents customer to provide,1.5
5864,REQTDX1DVQFJ9WQ,PRC8AF7WKIA,2025-05,,,1.0,Underwriting questions review needed,1.25
5865,REQ2H1V8TEOVUJL,PRCO4YL6EVT,2025-10,,,1.0,Unknown,0.4583333333333333
5866,REQJBSY9KYUPUXO,PRCVW9ZH3UN,2025-07,6.458333333333333,5-7 days,1.0,Underwriting questions review needed,1.625
5872,REQ6POJ8UVSCXYC,PRCOQPPPJWE,2025-02,7.875,7+ days,1.0,Underwriting questions review needed,60.458333333333336
5874,REQQZJXTYTUPA8T,PRC7KFPTGKG,2025-05,,,1.0,Underwriting questions review needed,59.291666666666664
5879,REQ50VB57QBNNTO,PRCIKL4V9RQ,2025-04,,,3.0,Underwriting questions review needed,0.4583333333333333
5879,REQ50VB57QBNNTO,PRCIKL4V9RQ,2025-04,,,3.0,Underwriting questions review needed,1.0416666666666667
5879,REQ50VB57QBNNTO,PRCIKL4V9RQ,2025-04,,,3.0,Underwriting questions review needed,1.375
5880,REQ16QLTL9UHVMI,PRCZG535G2B,2025-05,,,1.0,Unknown,2.6666666666666665
5884,REQT32BM2SO052I,PRC4BKV22H2,2025-05,5.541666666666667,5-7 days,1.0,System issue retry later,60.333333333333336
5885,REQLTXCJ6KTERZX,PRC88ZZ3K5Y,2025-10,,,1.0,System issue retry later,0.20833333333333334
5887,REQ7ZSVW6SZUU3Y,PRCQ6ML93MB,2025-03,,,1.0,Missing documents customer to provide,1.0833333333333333
5888,REQ7EOZK0LRG9BQ,PRCD8N851ME,2025-08,,,1.0,Underwriting questions review needed,1.1666666666666667
5892,REQ4RMKTO3O6OTR,PRCVK8CIPOB,2025-06,,,1.0,Missing documents customer to provide,2.7083333333333335
5895,REQ9WM37UREDDHT,PRCW8WN999P,2025-03,4.208333333333333,5-7 days,1.0,Customer request waiting response,59.083333333333336
5898,REQU6QII9GWK8OZ,PRCI12TWOY6,2025-10,,,2.0,Payment pending confirm receipt,0.375
5898,REQU6QII9GWK8OZ,PRCI12TWOY6,2025-10,,,2.0,Payment pending confirm receipt,91.83333333333333
5900,REQA6FU12Y4R7LB,PRCKMQPIBAB,2025-01,8.625,7+ days,1.0,Payment pending confirm receipt,29.833333333333332
5902,REQ80FBEAUBYZL7,PRCHE3YU4X4,2025-09,,,2.0,System issue retry later,2.375
5902,REQ80FBEAUBYZL7,PRCHE3YU4X4,2025-09,,,2.0,System issue retry later,0.4166666666666667
5903,REQ1JF0TRBR667Q,PRCJ6RSQTBO,2025-03,,,3.0,Underwriting questions review needed,0.041666666666666664
5903,REQ1JF0TRBR667Q,PRCJ6RSQTBO,2025-03,,,3.0,Underwriting questions review needed,2.4166666666666665
5904,REQTEHYS538ITVM,PRCY17NQS3I,2025-01,,,1.0,Underwriting questions review needed,60.708333333333336
5905,REQHSLV51O8T6U4,PRC20G2Q22X,2025-04,,,1.0,Underwriting questions review needed,0.125
5914,REQXFM6DW5JTKJU,PRCQLKTCUY7,2025-08,,,1.0,Unknown,31.208333333333332
5916,REQEY8UU82XG3ZS,PRCO05616I7,2025-06,7.333333333333333,7+ days,1.0,Payment pending confirm receipt,0.5416666666666666
5917,REQG51925USC2JX,PRCHYOUENUA,2025-06,,,1.0,Unknown,2.25
5931,REQK6WN6BIVYI3Y,PRCGTV3TKJ5,2025-03,,,1.0,Missing documents customer to provide,0.75
5934,REQK7WAVP3OSBI4,PRCGQ65QMNZ,2025-02,,,1.0,System issue retry later,27.458333333333332
5940,REQTN4DAUIZ193H,PRC9MLRMBQW,2025-04,,,1.0,Missing documents customer to provide,2.2083333333333335
5943,REQ94M4NOQB1W2R,PRCA7BDVHD5,2025-01,2.5416666666666665,1-4 days,1.0,Payment pending confirm receipt,0.20833333333333334
5945,REQDI9BGD7ELF0S,PRCJHE9J85C,2025-05,,,1.0,Unknown,2.6666666666666665
5955,REQBMZZVQAYCE2R,PRC2V8Z1GO9,2025-02,,,2.0,Payment pending confirm receipt,0.875
5955,REQBMZZVQAYCE2R,PRC2V8Z1GO9,2025-02,,,2.0,Payment pending confirm receipt,1.1666666666666667
5959,REQARM5BO7O76GC,PRCBPHFID0Y,2025-05,1.9583333333333333,1-4 days,2.0,Unknown,2.125
5959,REQARM5BO7O76GC,PRCBPHFID0Y,2025-05,1.9583333333333333,1-4 days,2.0,Unknown,0.75
5962,REQ7Z10775YHR6V,PRCBARTTA8E,2025-10,,,1.0,Unknown,1.125
5963,REQJIAC0LC8Z0CV,PRC5ZEGICQU,2025-07,,,1.0,System issue retry later,1.2916666666666667
5966,REQMEIHRUDX39SL,PRC40QKGYE8,2025-02,,,3.0,Underwriting questions review needed,0.125
5966,REQMEIHRUDX39SL,PRC40QKGYE8,2025-02,,,3.0,Underwriting questions review needed,0.4166666666666667
5969,REQ0M5YVF5AYQMX,PRC17R8BZ2V,2025-04,,,2.0,Customer request waiting response,59.333333333333336
5969,REQ0M5YVF5AYQMX,PRC17R8BZ2V,2025-04,,,2.0,Customer request waiting response,61.208333333333336
5970,REQNWX7XFH2WGXT,PRC6OK40H68,2025-11,,,1.0,Payment pending confirm receipt,2.5833333333333335
5975,REQZNMWPFMCCFBZ,PRCFYONAZMZ,2025-05,,,1.0,Unknown,91.54166666666667
5977,REQDF8F4TUDZOR6,PRCRALDVYLA,2025-08,4.666666666666667,5-7 days,1.0,Payment pending confirm receipt,1.75
5978,REQ2JX3VIIC0VQ2,PRCADDMR2YV,2025-11,,,1.0,Payment pending confirm receipt,1.7916666666666667
5981,REQZ1A4U1WLHL9X,PRC1BUNV93A,2025-02,2.7083333333333335,1-4 days,1.0,Underwriting questions review needed,1.5
5983,REQCBIW6PJV6KI6,PRC14DTK9CV,2025-10,,,1.0,Unknown,0.041666666666666664
5986,REQMC5G7NOZXAPG,PRCPDMMYY5B,2025-07,,,1.0,Underwriting questions review needed,31.125
5996,REQWMLUS2KDFK33,PRCVVJLEW9M,2025-08,,,3.0,Payment pending confirm receipt,1.0416666666666667
5996,REQWMLUS2KDFK33,PRCVVJLEW9M,2025-08,,,3.0,Payment pending confirm receipt,2.375
5996,REQWMLUS2KDFK33,PRCVVJLEW9M,2025-08,,,3.0,Payment pending confirm receipt,0.9583333333333334
5998,REQWHBKFBUEULVI,PRCP4ZW7KWD,2025-03,,,1.0,Unknown,30.625
5999,REQLAWMXI0FPWY4,PRCGGKMYNJH,2025-06,,,2.0,Payment pending confirm receipt,30.958333333333332
6000,REQNZHSP7JUJLYB,PRCVWG8UY7D,2025-11,,,1.0,Customer request waiting response,89.70833333333333
6002,REQNHCXK9YWFIDP,PRCRUE72JI0,2025-01,,,3.0,Underwriting questions review needed,1.75
6002,REQNHCXK9YWFIDP,PRCRUE72JI0,2025-01,,,3.0,Underwriting questions review needed,0.2916666666666667
6003,REQGNT40IT84N84,PRCP2AIX5YX,2025-04,,,2.0,Missing documents customer to provide,2.2916666666666665
6003,REQGNT40IT84N84,PRCP2AIX5YX,2025-04,,,2.0,Missing documents customer to provide,2.8333333333333335
6004,REQWJZDBBM2WDXH,PRC4JU4PT5B,2025-01,3.0833333333333335,1-4 days,1.0,Missing documents customer to provide,1.5
6008,REQOEWX21LUDHL8,PRCDYQK7FHB,2025-05,,,1.0,Payment pending confirm receipt,31.041666666666668
6010,REQKIDRQ9DUYW06,PRCFG0WPSXG,2025-03,,,2.0,Payment pending confirm receipt,2.0416666666666665
6012,REQJP3XDNFR7ZRS,PRCM155QJWQ,2025-11,,,1.0,System issue retry later,30.458333333333332
6014,REQ4IR2CQ43S27N,PRC40HJA6M1,2025-11,2.0833333333333335,1-4 days,1.0,Payment pending confirm receipt,1.375
6017,REQDAY37Y3CHFJO,PRCH0ZN2G35,2025-07,1.4166666666666667,1-4 days,3.0,Customer request waiting response,31.416666666666668
6017,REQDAY37Y3CHFJO,PRCH0ZN2G35,2025-07,1.4166666666666667,1-4 days,3.0,Customer request waiting response,91.29166666666667
6017,REQDAY37Y3CHFJO,PRCH0ZN2G35,2025-07,1.4166666666666667,1-4 days,3.0,Customer request waiting response,0.3333333333333333
6018,REQBWWZDST9EZC2,PRCWYL9F4G2,2025-05,,,1.0,Payment pending confirm receipt,0.5
6019,REQ3UX9WESQJS8A,PRCM6D7H4SS,2025-08,,,1.0,Payment pending confirm receipt,30.458333333333332
6021,REQFVCO86C1GZCN,PRC4THAS59C,2025-09,,,1.0,Customer request waiting response,91.58333333333333
6023,REQZGO9ZTHE2551,PRCYU51GZTS,2025-02,,,2.0,Customer request waiting response,2.2916666666666665
6023,REQZGO9ZTHE2551,PRCYU51GZTS,2025-02,,,2.0,Customer request waiting response,1.9583333333333333
6025,REQ0CP23ZW664V9,PRCQ3PZQ358,2025-05,,,2.0,Unknown,1.0416666666666667
6025,REQ0CP23ZW664V9,PRCQ3PZQ358,2025-05,,,2.0,Unknown,2.9166666666666665
6029,REQV69FOO5I8IFJ,PRCZQOLRVV7,2025-07,,,1.0,Missing documents customer to provide,0.375
6030,REQDGL8OVOGTHQ6,PRC6NEFBFQK,2025-02,7.541666666666667,7+ days,3.0,Missing documents customer to provide,0.041666666666666664
6030,REQDGL8OVOGTHQ6,PRC6NEFBFQK,2025-02,7.541666666666667,7+ days,3.0,Missing documents customer to provide,2.5
6034,REQD7QXL5OG84ZJ,PRCYFW3TMTZ,2025-04,2.3333333333333335,1-4 days,1.0,Unknown,1.75
6035,REQDVRYE0M7RACC,PRCK9NFS7E0,2025-11,,,1.0,Missing documents customer to provide,0.041666666666666664
6037,REQ1GBAD3WJ82HJ,PRCGF4W7BG7,2025-05,,,1.0,Missing documents customer to provide,2.875
6038,REQQ3LAN9VVSFXN,PRCD2ZVZDVY,2025-01,,,1.0,Customer request waiting response,0.5
6040,REQK3URDM26W8JU,PRCD2INO37B,2025-06,,,1.0,Missing documents customer to provide,0.5416666666666666
6047,REQ3AXTM0C77FAF,PRC3V3RPM9C,2025-10,,,2.0,Customer request waiting response,0.2916666666666667
6047,REQ3AXTM0C77FAF,PRC3V3RPM9C,2025-10,,,2.0,Customer request waiting response,1.8333333333333333
6050,REQT2LB889FO3LE,PRCW3E80KMF,2025-08,,,1.0,Unknown,29.625
6051,REQ0FFWSIT2YCHU,PRC38OOMJLF,2025-06,,,1.0,Unknown,2.0416666666666665
6054,REQE1626SCUBY3M,PRCCEEBB95E,2025-09,,,1.0,System issue retry later,2.2916666666666665
6061,REQOY1SMRA0PYX0,PRC0JX0XLWK,2025-04,7.5,7+ days,1.0,Underwriting questions review needed,1.6666666666666667
6063,REQHH2Y9P9D81D2,PRCN2UP00Y1,2025-03,,,1.0,Payment pending confirm receipt,61.166666666666664
6067,REQC9EQ8T6QHEUX,PRCO71IQDEA,2025-09,,,2.0,Missing documents customer to provide,2.4583333333333335
6067,REQC9EQ8T6QHEUX,PRCO71IQDEA,2025-09,,,2.0,Missing documents customer to provide,0.5
6078,REQVL11JV04104V,PRCX8RDIY8Z,2025-09,,,1.0,System issue retry later,28.958333333333332
6080,REQAI3XIZA7GQA4,PRC0IAB288H,2025-11,5.041666666666667,5-7 days,1.0,System issue retry later,0.041666666666666664
6086,REQ1D8QRXH7BF0M,PRCBYETW68N,2025-11,,,1.0,Unknown,0.375
6087,REQSI00JYVZ62TU,PRCHNGBB6AN,2025-04,,,1.0,Missing documents customer to provide,0.3333333333333333
6097,REQBSU1XJ5G1B7J,PRCCVA6BBA3,2025-12,,,1.0,Payment pending confirm receipt,31.125
6098,REQR626HNVLI0XH,PRCRONOLNNE,2025-03,,,1.0,Missing documents customer to provide,2.2916666666666665
6099,REQOJ8WFAHJHS9X,PRCJ14EJA3I,2025-11,,,1.0,System issue retry later,1.0
6100,REQBT669API360U,PRCUQSAFEYM,2025-06,1.6666666666666667,1-4 days,2.0,Payment pending confirm receipt,60.958333333333336
6100,REQBT669API360U,PRCUQSAFEYM,2025-06,1.6666666666666667,1-4 days,2.0,Payment pending confirm receipt,0.125
6102,REQSFN7I6QW0518,PRCKHAWWLWL,2025-11,,,1.0,Underwriting questions review needed,1.2916666666666667
6103,REQNTI25LHGOYOP,PRCW0UKLX18,2025-11,,,2.0,Unknown,1.8333333333333333
6103,REQNTI25LHGOYOP,PRCW0UKLX18,2025-11,,,2.0,Unknown,2.75
6116,REQXTSPOSTYOJG4,PRC7V2B54PS,2025-08,,,1.0,Missing documents customer to provide,89.08333333333333
6117,REQ0AVBHODK2LX0,PRC9X8XEK44,2025-06,,,1.0,Underwriting questions review needed,0.75
6120,REQF18J0DDVT1IV,PRCO995FNEN,2025-07,,,1.0,System issue retry later,31.5
6125,REQM3V6YT86N4B9,PRCB08EKO4B,2025-07,,,1.0,Payment pending confirm receipt,60.791666666666664
6128,REQK3KZL5QTEB2D,PRCVMC13ST6,2025-10,,,1.0,Customer request waiting response,31.083333333333332
6134,REQA6I5ER4Y2WEE,PRCMJ3D8H49,2025-08,,,1.0,Customer request waiting response,2.4583333333333335
6138,REQLE7F02WO7ALJ,PRC2LKJ9I30,2025-03,,,1.0,Payment pending confirm receipt,0.5416666666666666
6139,REQB1WGFZ5JVH61,PRC4T5ZV3QJ,2025-01,,,1.0,Underwriting questions review needed,2.2916666666666665
6141,REQJBZPGL5TSXY7,PRCEIJFUMLG,2025-06,,,1.0,Unknown,0.4166666666666667
6142,REQJFFF25A83EM2,PRCJCZ75RDO,2025-03,,,1.0,Missing documents customer to provide,0.20833333333333334
6143,REQT1MA7LB4GQN3,PRC7EH1TR6I,2025-09,3.1666666666666665,1-4 days,1.0,Underwriting questions review needed,0.8333333333333334
6144,REQALXN8YN3JP4F,PRCGBEM5WMO,2025-03,,,1.0,Missing documents customer to provide,0.7916666666666666
6146,REQPENRNFPDQTZX,PRCA49ESBXS,2025-02,5.041666666666667,5-7 days,1.0,System issue retry later,59.0
6149,REQACI223BSP9EX,PRCO477YMI8,2025-04,,,1.0,Underwriting questions review needed,1.25
6151,REQ8IFDOZNF7TJ7,PRCARMQE64C,2025-02,8.083333333333334,7+ days,2.0,Customer request waiting response,0.4583333333333333
6158,REQUTVWS3UUE2SH,PRC7MHT9NAE,2025-09,,,1.0,Customer request waiting response,1.0
6161,REQM4UUF44R33YI,PRCG9N4PJLA,2025-04,7.833333333333333,7+ days,1.0,Unknown,58.541666666666664
6163,REQJBPS9IYIDNUV,PRCZ99PTM77,2025-10,,,1.0,Customer request waiting response,2.5416666666666665
6165,REQ8RLG9LRN68OD,PRCV96HEPNL,2025-05,,,2.0,Underwriting questions review needed,62.333333333333336
6166,REQ3PUDRV25OQSD,PRCM3TH5JOE,2025-06,6.5,5-7 days,1.0,Missing documents customer to provide,1.0416666666666667
6173,REQ53GMI923O3IA,PRC7S7FGL1I,2025-01,,,2.0,Payment pending confirm receipt,60.75
6173,REQ53GMI923O3IA,PRC7S7FGL1I,2025-01,,,2.0,Payment pending confirm receipt,60.833333333333336
6174,REQ4JODCKATWU2O,PRCRC3SZCFC,2025-08,,,2.0,System issue retry later,30.75
6179,REQD96KBP344G1N,PRC5ZQTITXG,2025-10,,,1.0,Missing documents customer to provide,30.916666666666668
6184,REQUI8K0L9158X3,PRCOLG18XIN,2025-04,,,1.0,Unknown,1.75
6185,REQK1MVFL5U64S5,PRCS8A80VU5,2025-02,,,1.0,Payment pending confirm receipt,1.5833333333333333
6186,REQAYLS4AVQ8QQ3,PRCTKJ4TP6O,2025-08,,,1.0,System issue retry later,2.375
6188,REQKVZZ8NE6YMI6,PRC93MMPFEJ,2025-02,,,3.0,Missing documents customer to provide,60.666666666666664
6188,REQKVZZ8NE6YMI6,PRC93MMPFEJ,2025-02,,,3.0,Missing documents customer to provide,31.375
6188,REQKVZZ8NE6YMI6,PRC93MMPFEJ,2025-02,,,3.0,Missing documents customer to provide,62.0
6189,REQKRQY67WYCFVQ,PRCQJUFX0WS,2025-10,2.4166666666666665,1-4 days,1.0,Unknown,1.875
6190,REQATAMRAT3EVGU,PRCPM3PJNZZ,2025-09,,,1.0,Unknown,0.041666666666666664
6193,REQ7WI9WLL317VD,PRCQROD3S4C,2025-12,,,2.0,Missing documents customer to provide,0.6666666666666666
6193,REQ7WI9WLL317VD,PRCQROD3S4C,2025-12,,,2.0,Missing documents customer to provide,1.125
6196,REQYTG3NID9MKTZ,PRC5DDEX3CX,2025-07,4.875,5-7 days,1.0,Unknown,60.875
6198,REQ9XQ4ADJBHOCE,PRCZAQNPR6A,2025-01,,,3.0,Payment pending confirm receipt,0.5833333333333334
6198,REQ9XQ4ADJBHOCE,PRCZAQNPR6A,2025-01,,,3.0,Payment pending confirm receipt,0.9583333333333334
6202,REQUXM1ROAEZNC3,PRCXZ1J2OY9,2025-06,7.791666666666667,7+ days,3.0,System issue retry later,1.3333333333333333
6202,REQUXM1ROAEZNC3,PRCXZ1J2OY9,2025-06,7.791666666666667,7+ days,3.0,System issue retry later,2.2083333333333335
6202,REQUXM1ROAEZNC3,PRCXZ1J2OY9,2025-06,7.791666666666667,7+ days,3.0,System issue retry later,1.9583333333333333
6207,REQ455YVAYVOZ0S,PRCSGRYCKKQ,2025-03,,,1.0,Unknown,0.5
6209,REQBSIEK0BGXDVD,PRCQOK5671S,2025-10,,,3.0,Unknown,2.0833333333333335
6209,REQBSIEK0BGXDVD,PRCQOK5671S,2025-10,,,3.0,Unknown,0.9583333333333334
6209,REQBSIEK0BGXDVD,PRCQOK5671S,2025-10,,,3.0,Unknown,0.375
6210,REQVH3CRI9FP6HY,PRCYKJFKA33,2025-02,9.25,7+ days,1.0,Payment pending confirm receipt,2.75
6211,REQVCOJBHOEHZX1,PRC0MBO3WW4,2025-09,3.75,1-4 days,1.0,Payment pending confirm receipt,0.375
6213,REQX72KIPH14WVF,PRCL6Y2LNCC,2025-02,4.375,5-7 days,2.0,System issue retry later,1.4166666666666667
6213,REQX72KIPH14WVF,PRCL6Y2LNCC,2025-02,4.375,5-7 days,2.0,System issue retry later,1.0
6218,REQKN2WNBU3OBAD,PRCZT7KP1B2,2025-12,,,2.0,Customer request waiting response,1.3333333333333333
6218,REQKN2WNBU3OBAD,PRCZT7KP1B2,2025-12,,,2.0,Customer request waiting response,1.0833333333333333
6229,REQIJ9KJ1I3XV3H,PRCPYPI9P09,2025-04,,,1.0,Customer request waiting response,3.0
6231,REQ6YSLGG8YAMFI,PRC19I85QGT,2025-10,,,1.0,Customer request waiting response,60.791666666666664
6234,REQ6X2GB54IBQMX,PRCBVWUKAQT,2025-12,,,1.0,Underwriting questions review needed,2.2916666666666665
6235,REQENAGQ63PT6M6,PRCDLWARWN3,2025-07,,,1.0,System issue retry later,60.958333333333336
6238,REQ907U0XSRFY00,PRC8LPPRGK3,2025-02,,,1.0,Underwriting questions review needed,2.2916666666666665
6239,REQUYZXRP60Z9CN,PRCYOHVFZL7,2025-10,,,1.0,Unknown,1.5
6244,REQSCSCX9KR56AA,PRCBHRCMKH9,2025-04,,,2.0,Unknown,2.7083333333333335
6244,REQSCSCX9KR56AA,PRCBHRCMKH9,2025-04,,,2.0,Unknown,1.7916666666666667
6245,REQP40AZ5AY7NAK,PRCYKHRLS79,2025-06,9.0,7+ days,3.0,Customer request waiting response,1.875
6245,REQP40AZ5AY7NAK,PRCYKHRLS79,2025-06,9.0,7+ days,3.0,Customer request waiting response,2.7916666666666665
6245,REQP40AZ5AY7NAK,PRCYKHRLS79,2025-06,9.0,7+ days,3.0,Customer request waiting response,2.125
6247,REQ1WARS4ONECGT,PRCN3LG5RGI,2025-09,6.333333333333333,5-7 days,2.0,Underwriting questions review needed,29.666666666666668
6247,REQ1WARS4ONECGT,PRCN3LG5RGI,2025-09,6.333333333333333,5-7 days,2.0,Underwriting questions review needed,29.791666666666668
6249,REQG73560BH4KWI,PRCIQW776E0,2025-02,5.333333333333333,5-7 days,1.0,Unknown,30.083333333333332
6250,REQD6990IVN8ONY,PRC48AX8HAA,2025-05,2.75,1-4 days,3.0,Unknown,1.125
6250,REQD6990IVN8ONY,PRC48AX8HAA,2025-05,2.75,1-4 days,3.0,Unknown,2.1666666666666665
6250,REQD6990IVN8ONY,PRC48AX8HAA,2025-05,2.75,1-4 days,3.0,Unknown,1.6666666666666667
6251,REQ52P1CRKY5CIB,PRCB5T0ZPN7,2025-10,,,1.0,Customer request waiting response,2.75
6252,REQ9XOEYZX08OTN,PRC7MAZ44LX,2025-01,,,1.0,System issue retry later,31.166666666666668
6255,REQIQDEC0PT5EXL,PRCKZICQURI,2025-11,,,2.0,System issue retry later,29.458333333333332
6255,REQIQDEC0PT5EXL,PRCKZICQURI,2025-11,,,2.0,System issue retry later,91.79166666666667
6256,REQ9FHVZR16Y32Z,PRC8ZV2UVGQ,2025-10,3.7083333333333335,1-4 days,1.0,Customer request waiting response,0.16666666666666666
6259,REQ7UGMZ3F4MYR8,PRCQ0Q3FRDS,2025-01,,,2.0,Unknown,0.5416666666666666
6259,REQ7UGMZ3F4MYR8,PRCQ0Q3FRDS,2025-01,,,2.0,Unknown,60.416666666666664
6260,REQB9C9J6JC5LVB,PRC2NJN4NTY,2025-01,11.416666666666666,7+ days,1.0,Underwriting questions review needed,31.416666666666668
6261,REQKYD5WJ3ZW769,PRC70HDRX9Z,2025-10,,,2.0,System issue retry later,28.5
6261,REQKYD5WJ3ZW769,PRC70HDRX9Z,2025-10,,,2.0,System issue retry later,29.958333333333332
6262,REQZRDIQGTKFB7E,PRCYZWP2PNS,2025-02,,,3.0,Customer request waiting response,30.041666666666668
6262,REQZRDIQGTKFB7E,PRCYZWP2PNS,2025-02,,,3.0,Customer request waiting response,0.8333333333333334
6266,REQPUVL43NC2NPT,PRC6Z8TFNUU,2025-06,,,1.0,Underwriting questions review needed,0.9166666666666666
6267,REQ4IYBS1447Q87,PRCSSLM5XPI,2025-01,,,2.0,Unknown,0.4166666666666667
6267,REQ4IYBS1447Q87,PRCSSLM5XPI,2025-01,,,2.0,Unknown,61.083333333333336
6270,REQ3WECIRR9Z4HC,PRC3ZQBHBDL,2025-08,,,1.0,Customer request waiting response,30.041666666666668
6274,REQ98S07BH7NUQ7,PRCGZDPJ601,2025-03,,,1.0,Customer request waiting response,1.9583333333333333
6275,REQNKALOUDL9QCE,PRCO6AY0DUC,2025-11,11.333333333333334,7+ days,1.0,Payment pending confirm receipt,0.20833333333333334
6282,REQRA0O38VD9DXH,PRC8BZCM9WN,2025-09,,,1.0,Unknown,0.20833333333333334
6285,REQRQ5LT5W4F5W9,PRC8ASKYUR8,2025-03,3.9583333333333335,1-4 days,3.0,Payment pending confirm receipt,61.0
6285,REQRQ5LT5W4F5W9,PRC8ASKYUR8,2025-03,3.9583333333333335,1-4 days,3.0,Payment pending confirm receipt,0.4166666666666667
6286,REQN0GVYT3867L1,PRCQF0ANBN6,2025-08,,,1.0,Underwriting questions review needed,0.9583333333333334
6288,REQ3QBRD6CGZIZI,PRCH4QQ6QJD,2025-05,,,1.0,Customer request waiting response,2.9166666666666665
6290,REQIDJCISQVW9U4,PRCF3OH8EC5,2025-04,2.7916666666666665,1-4 days,3.0,Customer request waiting response,2.625
6290,REQIDJCISQVW9U4,PRCF3OH8EC5,2025-04,2.7916666666666665,1-4 days,3.0,Customer request waiting response,1.4166666666666667
6290,REQIDJCISQVW9U4,PRCF3OH8EC5,2025-04,2.7916666666666665,1-4 days,3.0,Customer request waiting response,0.16666666666666666
6293,REQXWG0HM4DRSJ6,PRCAH7W7YLW,2025-11,,,2.0,System issue retry later,1.5416666666666667
6294,REQH781RREJ5A14,PRC9QNIMCQ7,2025-05,,,3.0,System issue retry later,31.541666666666668
6294,REQH781RREJ5A14,PRC9QNIMCQ7,2025-05,,,3.0,System issue retry later,1.3333333333333333
6295,REQFXNKASY3P1LA,PRCGQ4QDLKL,2025-05,,,2.0,Payment pending confirm receipt,1.4583333333333333
6295,REQFXNKASY3P1LA,PRCGQ4QDLKL,2025-05,,,2.0,Payment pending confirm receipt,0.6666666666666666
6296,REQKARYMK6XBLRU,PRCLU8DB287,2025-06,3.4166666666666665,1-4 days,2.0,System issue retry later,91.70833333333333
6296,REQKARYMK6XBLRU,PRCLU8DB287,2025-06,3.4166666666666665,1-4 days,2.0,System issue retry later,29.875
6300,REQ0YLW5KEV6AS9,PRCRI8MIVUN,2025-07,,,1.0,Payment pending confirm receipt,0.16666666666666666
6301,REQYV4TLWGC5L65,PRCG2LPV84T,2025-08,3.3333333333333335,1-4 days,1.0,Unknown,1.25
6302,REQUPAOW2OVAIHW,PRCEJRD7E3S,2025-04,,,1.0,Underwriting questions review needed,91.20833333333333
6311,REQF45K7R8R6ZZJ,PRCV4E4UJC0,2025-08,,,2.0,Customer request waiting response,2.125
6311,REQF45K7R8R6ZZJ,PRCV4E4UJC0,2025-08,,,2.0,Customer request waiting response,1.9166666666666667
6313,REQPB42U0DPUV4C,PRCYKM1NDFD,2025-02,,,1.0,Payment pending confirm receipt,2.875
6319,REQMRUOZHDCMYPK,PRC1L7BA9BS,2025-05,,,2.0,Customer request waiting response,1.2916666666666667
6319,REQMRUOZHDCMYPK,PRC1L7BA9BS,2025-05,,,2.0,Customer request waiting response,0.041666666666666664
6324,REQ6BRTXGH7H9C1,PRCTGVWJO8E,2025-11,,,1.0,Unknown,1.2083333333333333
6330,REQVLNTQ9J3TJQY,PRC06825LJM,2025-08,,,1.0,Payment pending confirm receipt,0.041666666666666664
6332,REQRDX2LUORU6LP,PRCOY55IJJO,2025-09,,,1.0,Missing documents customer to provide,2.1666666666666665
6337,REQQTNFA52R8MZ7,PRCHE2XNV3R,2025-08,,,2.0,Payment pending confirm receipt,0.08333333333333333
6338,REQLYWN741NKIXU,PRC9B4OSRS0,2025-03,,,1.0,Payment pending confirm receipt,0.08333333333333333
6341,REQEZ0LJ7HAEQ0U,PRCA0FVU2SS,2025-03,1.375,1-4 days,1.0,System issue retry later,0.3333333333333333
6342,REQWKNKHU0PL7HR,PRCKY7N9E0N,2025-02,,,1.0,Customer request waiting response,60.625
6348,REQ0DVVR5MLQMN5,PRCRLQS6A30,2025-01,2.7083333333333335,1-4 days,1.0,Customer request waiting response,2.4583333333333335
6349,REQUNX0JDTF5PBJ,PRC1PTUCLU3,2025-10,,,1.0,Payment pending confirm receipt,2.6666666666666665
6353,REQTH7GVX38JSI1,PRC5Y9AKZEH,2025-08,,,1.0,Missing documents customer to provide,2.0
6354,REQ5KGH06TJXNCD,PRC8CT9JSFI,2025-11,12.625,7+ days,1.0,Unknown,1.75
6355,REQV1FLSD6F869E,PRC1LFKDBCN,2025-06,,,1.0,Unknown,2.4166666666666665
6358,REQB9412KT5L5I4,PRC1PHY2Q60,2025-03,,,1.0,Missing documents customer to provide,1.8333333333333333
6367,REQD6FST859EPXG,PRCWLNFCHST,2025-02,,,2.0,Customer request waiting response,30.291666666666668
6367,REQD6FST859EPXG,PRCWLNFCHST,2025-02,,,2.0,Customer request waiting response,31.041666666666668
6371,REQYL2ULWI48MSR,PRCVOVRMAPL,2025-08,,,1.0,Payment pending confirm receipt,60.458333333333336
6373,REQECD7JGXHEX6B,PRCJNN40R5Z,2025-10,,,1.0,Customer request waiting response,0.3333333333333333
6377,REQ9J2J6MB1DBV9,PRC6VDKXXLD,2025-02,,,2.0,Unknown,0.5416666666666666
6382,REQKSCGEXYDOG12,PRCRTOJPO7Y,2025-02,,,1.0,Underwriting questions review needed,1.7916666666666667
6387,REQ6HXBK17DRUN2,PRCSWC7B94H,2025-02,,,3.0,Missing documents customer to provide,31.625
6387,REQ6HXBK17DRUN2,PRCSWC7B94H,2025-02,,,3.0,Missing documents customer to provide,60.333333333333336
6389,REQX644D4KAC3D4,PRCH7USSBKM,2025-12,,,1.0,Underwriting questions review needed,2.375
6401,REQYOYGTIQ1975M,PRCI59PU0US,2025-06,,,1.0,Underwriting questions review needed,1.7916666666666667
6404,REQ04BEQCFDFV64,PRCMJXPN0UM,2025-04,,,1.0,Payment pending confirm receipt,61.708333333333336
6408,REQ05Y3CFAV3KM6,PRCSQWKKZ6A,2025-03,5.5,5-7 days,1.0,System issue retry later,2.0416666666666665
6410,REQ5799CNABPX0P,PRCTNAJ38EF,2025-08,,,1.0,Missing documents customer to provide,2.2916666666666665
6411,REQOKPYVS2GG5S2,PRCVPL4NS6V,2025-01,,,1.0,Unknown,2.9583333333333335
6412,REQ82OI991VTXES,PRC3O2MR2QX,2025-06,,,1.0,Missing documents customer to provide,0.7916666666666666
6413,REQCOL4KE6B5BDZ,PRCWDX474Y6,2025-08,,,1.0,Underwriting questions review needed,30.708333333333332
6415,REQ552MDCNIW8YF,PRCBF326IRU,2025-07,,,1.0,Unknown,29.333333333333332
6418,REQGNXSMZ1FPJ91,PRCNDVNMNQN,2025-02,,,1.0,System issue retry later,1.625
6420,REQ3UG7IJF860UU,PRCPIWWH4NN,2025-11,,,2.0,Unknown,1.2916666666666667
6420,REQ3UG7IJF860UU,PRCPIWWH4NN,2025-11,,,2.0,Unknown,0.5416666666666666
6424,REQVJV5W664NLB9,PRCG6HYBZNO,2025-12,,,1.0,Missing documents customer to provide,2.375
6425,REQR19CD0PNE5Q2,PRCHFJOQEY6,2025-08,,,1.0,Missing documents customer to provide,0.20833333333333334
6435,REQ01M7RXFEIY39,PRC9ZUHUJFX,2025-11,,,1.0,Underwriting questions review needed,29.333333333333332
6436,REQJGB8AXMKSX7Q,PRCWPSHEUJA,2025-06,,,2.0,Underwriting questions review needed,2.75
6436,REQJGB8AXMKSX7Q,PRCWPSHEUJA,2025-06,,,2.0,Underwriting questions review needed,1.5833333333333333
6441,REQVBPVDYNGVQAL,PRCEHO5L5W2,2025-01,,,1.0,Payment pending confirm receipt,61.791666666666664
6442,REQ4MXB9R2OJMK6,PRCLC9PV3JR,2025-07,,,1.0,Customer request waiting response,1.0416666666666667
6449,REQTLJUU423R0LN,PRCFE2W5C1D,2025-10,,,1.0,System issue retry later,0.625
6455,REQB5847Q92JLPN,PRCG3EKK3I4,2025-10,,,1.0,Underwriting questions review needed,2.25
6457,REQ6U6LIVUKR9XG,PRCBNNYEYU4,2025-11,,,2.0,Underwriting questions review needed,31.916666666666668
6457,REQ6U6LIVUKR9XG,PRCBNNYEYU4,2025-11,,,2.0,Underwriting questions review needed,31.541666666666668
6459,REQT3NEZDCLSUJ7,PRCMYMNG80R,2025-06,,,1.0,Payment pending confirm receipt,31.291666666666668
6463,REQS2Y5H3GIHT5P,PRCP1QLWIHV,2025-11,3.6666666666666665,1-4 days,2.0,Underwriting questions review needed,0.5833333333333334
6463,REQS2Y5H3GIHT5P,PRCP1QLWIHV,2025-11,3.6666666666666665,1-4 days,2.0,Underwriting questions review needed,1.7083333333333333
6464,REQW79UAGIIK3RX,PRCIY16WK6S,2025-09,7.208333333333333,7+ days,1.0,Unknown,2.0
6465,REQQ5FFM3059AW8,PRCH5QPFVRB,2025-03,,,1.0,Underwriting questions review needed,0.3333333333333333
6468,REQIG5Q9K8VO2L9,PRCJHJ1ERCS,2025-12,,,1.0,Payment pending confirm receipt,2.6666666666666665
6471,REQQQ349VXHT9LB,PRCDBZOCGH3,2025-10,,,1.0,System issue retry later,91.95833333333333
6477,REQLUAY88H9NEQK,PRC3VMIYL2K,2025-01,,,1.0,Underwriting questions review needed,0.75
6485,REQCUID2I3I0ZTH,PRC83AFL92H,2025-01,,,3.0,Unknown,0.125
6485,REQCUID2I3I0ZTH,PRC83AFL92H,2025-01,,,3.0,Unknown,61.583333333333336
6485,REQCUID2I3I0ZTH,PRC83AFL92H,2025-01,,,3.0,Unknown,31.0
6486,REQZ02T9SQEA35N,PRCMT7PJLDD,2025-06,,,1.0,Customer request waiting response,2.0416666666666665
6489,REQVWHK9QFVXGL9,PRC6LC5M5H4,2025-02,,,1.0,Underwriting questions review needed,1.5416666666666667
6492,REQQHZ618XW8V0T,PRCJCBNO675,2025-06,3.0,1-4 days,1.0,Missing documents customer to provide,2.7916666666666665
6493,REQNCFF5IBWLZFE,PRCM77VC25X,2025-02,1.9166666666666667,1-4 days,2.0,Payment pending confirm receipt,28.208333333333332
6494,REQ4QDUZV1E6OD6,PRCNPFEMVKE,2025-12,6.208333333333333,5-7 days,1.0,System issue retry later,30.333333333333332
6496,REQGSLLP69FJ86G,PRC00JUF6PT,2025-08,,,2.0,System issue retry later,0.16666666666666666
6496,REQGSLLP69FJ86G,PRC00JUF6PT,2025-08,,,2.0,System issue retry later,3.0
6497,REQ2US7MHS3PCDO,PRCKTJONHCG,2025-11,2.9583333333333335,1-4 days,1.0,Unknown,1.0833333333333333
6498,REQEIS10VKXATYB,PRCTGO3AOZY,2025-03,,,1.0,Underwriting questions review needed,1.5416666666666667
6504,REQ19SGERY6V1L3,PRCHKW79S93,2025-03,5.375,5-7 days,1.0,Unknown,59.125
6506,REQ08AN6DN9WUGD,PRC93TL5N6K,2025-04,,,1.0,Underwriting questions review needed,59.083333333333336
6511,REQ2RSP9Y30OTJ4,PRCCQP849VL,2025-01,2.875,1-4 days,1.0,System issue retry later,0.125
6516,REQD2QQ1I2GFF0B,PRCT1SFD68W,2025-09,,,1.0,Payment pending confirm receipt,0.08333333333333333
6521,REQPH051EXR70QO,PRC41WCCEQU,2025-11,3.25,1-4 days,1.0,Unknown,1.5
6522,REQ5U8NYGD0625W,PRCAKWOY91X,2025-05,,,1.0,Unknown,2.5833333333333335
6523,REQ44BVO9PLOUEN,PRCHFEH3I9B,2025-12,,,1.0,Payment pending confirm receipt,1.75
6524,REQ69IR5HG9ZTEK,PRCSR7RZ75Y,2025-02,,,2.0,Unknown,1.7083333333333333
6524,REQ69IR5HG9ZTEK,PRCSR7RZ75Y,2025-02,,,2.0,Unknown,1.9583333333333333
6525,REQOP11P60MFD5S,PRCD5S58SKD,2025-06,,,1.0,Underwriting questions review needed,0.125
6526,REQ8F33RFJ1IEO9,PRC3PM75FMC,2025-03,4.375,5-7 days,1.0,Unknown,0.75
6527,REQJA11X7XEM6AB,PRCUMNU5EJ7,2025-09,,,1.0,Customer request waiting response,0.6666666666666666
6528,REQ2ECCCCGE6BKR,PRCZ39OP1BF,2025-04,0.8333333333333334,1-4 days,1.0,Unknown,30.041666666666668
6530,REQN3XSVNVY4BAZ,PRCYUGTRXT8,2025-12,,,1.0,Missing documents customer to provide,1.2916666666666667
6531,REQSO5J3MGJ1MM7,PRCPPF1AZYP,2025-01,,,1.0,Missing documents customer to provide,0.9166666666666666
6533,REQS984VFN8FQO7,PRCFGM8HOET,2025-10,,,1.0,Customer request waiting response,2.7916666666666665
6534,REQ6TBXHMFROIL2,PRCZYV9KCAW,2025-10,,,1.0,Payment pending confirm receipt,2.4166666666666665
6539,REQMSH35N7JPRLD,PRCY5OBY5MJ,2025-01,6.625,5-7 days,2.0,Unknown,0.4166666666666667
6539,REQMSH35N7JPRLD,PRCY5OBY5MJ,2025-01,6.625,5-7 days,2.0,Unknown,1.5
6540,REQKWD3QZXA9CFY,PRCLAZYIAZW,2025-01,,,2.0,Customer request waiting response,2.375
6541,REQJU93LD52EPPK,PRCXHU0NBJ8,2025-03,1.4583333333333333,1-4 days,3.0,Missing documents customer to provide,0.16666666666666666
6541,REQJU93LD52EPPK,PRCXHU0NBJ8,2025-03,1.4583333333333333,1-4 days,3.0,Missing documents customer to provide,1.875
6541,REQJU93LD52EPPK,PRCXHU0NBJ8,2025-03,1.4583333333333333,1-4 days,3.0,Missing documents customer to provide,1.3333333333333333
6542,REQ8ML2IJJXJKY8,PRCXSMS7CQL,2025-08,,,1.0,Missing documents customer to provide,0.3333333333333333
6543,REQ52YSBIE6DF72,PRCY65FDGRS,2025-04,1.5833333333333333,1-4 days,1.0,Underwriting questions review needed,1.75
6544,REQO5UGTC1FZ6C5,PRCPZGCQCU3,2025-12,,,1.0,Unknown,0.75
6550,REQTTLJJXFK8RBV,PRC63OPC9Y8,2025-01,2.0416666666666665,1-4 days,1.0,Customer request waiting response,0.9166666666666666
6551,REQ4VDR8HEKWEZO,PRC0JLSKH56,2025-09,2.875,1-4 days,1.0,Customer request waiting response,92.0
6555,REQPUGNR9GEKKYH,PRCS5VD6D1Q,2025-12,,,1.0,System issue retry later,27.625
6558,REQUJIUOX2Q6CIX,PRCK7KCTG49,2025-04,1.25,1-4 days,1.0,System issue retry later,60.708333333333336
6561,REQE48LSFFZ4CQW,PRC93SZB5XQ,2025-01,,,1.0,Unknown,30.333333333333332
6563,REQFD3MRZJ2R3O5,PRCCAKNCH4E,2025-05,,,1.0,System issue retry later,1.5416666666666667
6564,REQPNOHI700W149,PRC3TUWFKIW,2025-04,,,1.0,Unknown,2.9583333333333335
6565,REQOWDRQRW3CUHO,PRCHU1E5OZV,2025-02,1.9583333333333333,1-4 days,1.0,Missing documents customer to provide,0.5833333333333334
6567,REQ0P6P6NX6J6AB,PRCOH62DJEW,2025-03,,,1.0,Payment pending confirm receipt,0.041666666666666664
6573,REQJP62K83IL4LI,PRCY1A14HF7,2025-02,1.875,1-4 days,1.0,Unknown,0.5833333333333334
6575,REQO64VRAX04CV3,PRCV59Z7KVS,2025-02,,,2.0,Unknown,0.875
6578,REQZU91ZT8B1P7U,PRCI5G01ZUG,2025-09,,,1.0,Unknown,0.8333333333333334
6579,REQHC7CRDB2M3QX,PRCM6ENW9Z7,2025-01,,,1.0,Payment pending confirm receipt,30.583333333333332
6580,REQJ0L10AGV6AA7,PRCF2Y47L6L,2025-06,11.541666666666666,7+ days,1.0,Payment pending confirm receipt,2.1666666666666665
6581,REQFZLWGNO21NIW,PRCH1W3UFHH,2025-05,,,1.0,Payment pending confirm receipt,1.8333333333333333
6582,REQZ9C7UVCARCFP,PRCNVRGWMY8,2025-10,5.666666666666667,5-7 days,1.0,Unknown,1.75
6584,REQ2PSV8X90PZ1S,PRC6OJ7VAQD,2025-02,,,2.0,Missing documents customer to provide,59.666666666666664
6584,REQ2PSV8X90PZ1S,PRC6OJ7VAQD,2025-02,,,2.0,Missing documents customer to provide,31.125
6595,REQT77HGAV2B4V3,PRCSTVZG34E,2025-07,,,1.0,Unknown,30.25
6596,REQVQ7SUMS5TP0W,PRCM79WHSPP,2025-07,,,2.0,System issue retry later,2.1666666666666665
6596,REQVQ7SUMS5TP0W,PRCM79WHSPP,2025-07,,,2.0,System issue retry later,2.5416666666666665
6598,REQ5I1SZLXGZGAR,PRC7I98YCAP,2025-10,,,1.0,System issue retry later,88.70833333333333
6600,REQ9JKJBCMNKV9K,PRCQWSMY0NY,2025-12,4.541666666666667,5-7 days,1.0,Payment pending confirm receipt,30.375
6605,REQ0H52DC9M3YWY,PRC4Z7UHAJN,2025-03,,,2.0,Customer request waiting response,1.0
6605,REQ0H52DC9M3YWY,PRC4Z7UHAJN,2025-03,,,2.0,Customer request waiting response,2.25
6608,REQSV1JPLO7Q1DS,PRCZ3RWZRRJ,2025-07,,,2.0,Customer request waiting response,1.4583333333333333
6608,REQSV1JPLO7Q1DS,PRCZ3RWZRRJ,2025-07,,,2.0,Customer request waiting response,31.791666666666668
6609,REQRUFSHYIKL9HK,PRCH9HKUHR7,2025-05,,,2.0,Unknown,61.291666666666664
6609,REQRUFSHYIKL9HK,PRCH9HKUHR7,2025-05,,,2.0,Unknown,61.25
6613,REQCSD5BAMTD7QB,PRCFAS27095,2025-01,,,1.0,System issue retry later,2.0
6615,REQJRMPE32VDE3L,PRCK5U0CC8P,2025-04,,,1.0,Underwriting questions review needed,88.83333333333333
6617,REQU66HTFCWLNKH,PRCRYYM607S,2025-11,,,2.0,Missing documents customer to provide,0.041666666666666664
6617,REQU66HTFCWLNKH,PRCRYYM607S,2025-11,,,2.0,Missing documents customer to provide,1.2916666666666667
6620,REQ9WM3X9Z9XSC9,PRCH6KJ4INZ,2025-01,4.458333333333333,5-7 days,3.0,Underwriting questions review needed,1.5833333333333333
6620,REQ9WM3X9Z9XSC9,PRCH6KJ4INZ,2025-01,4.458333333333333,5-7 days,3.0,Underwriting questions review needed,1.0833333333333333
6620,REQ9WM3X9Z9XSC9,PRCH6KJ4INZ,2025-01,4.458333333333333,5-7 days,3.0,Underwriting questions review needed,29.541666666666668
6621,REQAASSUA7KIFPG,PRCMWS02JOW,2025-10,,,2.0,Payment pending confirm receipt,28.0
6621,REQAASSUA7KIFPG,PRCMWS02JOW,2025-10,,,2.0,Payment pending confirm receipt,30.291666666666668
6624,REQHL4676J6BKBI,PRCQYIM13XW,2025-04,2.0833333333333335,1-4 days,3.0,Underwriting questions review needed,2.125
6624,REQHL4676J6BKBI,PRCQYIM13XW,2025-04,2.0833333333333335,1-4 days,3.0,Underwriting questions review needed,2.7916666666666665
6626,REQ5GSMA0DWFKXD,PRCA5MLZ5BC,2025-06,,,1.0,Customer request waiting response,2.0416666666666665
6628,REQ9YGGWPRAFRGR,PRCEY2ZHA4D,2025-07,2.25,1-4 days,1.0,Payment pending confirm receipt,30.0
6632,REQZ8L16RIVENTA,PRCNNM53SSI,2025-03,3.8333333333333335,1-4 days,1.0,Payment pending confirm receipt,0.6666666666666666
6638,REQ4HNKWAGHJYUN,PRCN3JZ033F,2025-05,,,1.0,Underwriting questions review needed,1.7916666666666667
6639,REQYQF4PHBNK5A7,PRCX31P3X04,2025-06,,,1.0,Payment pending confirm receipt,0.041666666666666664
6645,REQONS8ERWOE7X2,PRCCDK1QAZO,2025-12,,,1.0,Payment pending confirm receipt,1.25
6648,REQRZ5DBLOVM7RB,PRCVCAAQDMD,2025-07,,,1.0,Payment pending confirm receipt,30.291666666666668
6649,REQM2R5X5FCDEJS,PRC2TOBTVAI,2025-10,1.2083333333333333,1-4 days,1.0,Missing documents customer to provide,0.041666666666666664
6650,REQVES62Z693LPA,PRC6WYUEN1C,2025-09,,,1.0,Customer request waiting response,0.7083333333333334
6656,REQMAVZERXNNGB2,PRCUOJFS8RA,2025-08,,,2.0,Unknown,61.625
6656,REQMAVZERXNNGB2,PRCUOJFS8RA,2025-08,,,2.0,Unknown,31.5
6657,REQBAJM8WNVCVLE,PRCIS6WWND9,2025-09,4.416666666666667,5-7 days,2.0,Customer request waiting response,0.6666666666666666
6657,REQBAJM8WNVCVLE,PRCIS6WWND9,2025-09,4.416666666666667,5-7 days,2.0,Customer request waiting response,0.5
6661,REQAQZS7PZ0IPPP,PRC5XNS7E73,2025-12,2.125,1-4 days,2.0,System issue retry later,1.2916666666666667
6661,REQAQZS7PZ0IPPP,PRC5XNS7E73,2025-12,2.125,1-4 days,2.0,System issue retry later,1.5833333333333333
6663,REQFUJQMG1W7UJ9,PRCQXU9FDY4,2025-09,,,3.0,Missing documents customer to provide,1.5416666666666667
6663,REQFUJQMG1W7UJ9,PRCQXU9FDY4,2025-09,,,3.0,Missing documents customer to provide,0.3333333333333333
6663,REQFUJQMG1W7UJ9,PRCQXU9FDY4,2025-09,,,3.0,Missing documents customer to provide,1.6666666666666667
6665,REQFA6S5GY4V5MA,PRC6NFN6AOS,2025-03,5.875,5-7 days,1.0,Payment pending confirm receipt,1.8333333333333333
6666,REQWX9X1W9AY6GT,PRCQ0MZ1ULK,2025-06,,,1.0,Unknown,0.08333333333333333
6667,REQ55F6JDNBU06T,PRCOPD3ACCQ,2025-07,,,2.0,System issue retry later,2.2916666666666665
6667,REQ55F6JDNBU06T,PRCOPD3ACCQ,2025-07,,,2.0,System issue retry later,0.125
6668,REQFAU9YVPWXVW2,PRC2XE5HFJ9,2025-01,,,1.0,Customer request waiting response,1.4166666666666667
6672,REQTMZD836OJUPH,PRCTCBB1I8M,2025-07,,,1.0,System issue retry later,3.0
6674,REQ94RIGLFLOT9S,PRC98JA9HRP,2025-11,10.791666666666666,7+ days,1.0,System issue retry later,30.541666666666668
6675,REQIIW4G0SCR586,PRCZ717CUF4,2025-09,,,1.0,Unknown,2.625
6677,REQO6GQ78FGAKJZ,PRC8YV2ZB1Y,2025-08,,,2.0,Underwriting questions review needed,0.375
6677,REQO6GQ78FGAKJZ,PRC8YV2ZB1Y,2025-08,,,2.0,Underwriting questions review needed,1.1666666666666667
6682,REQ1P33OFU3Z1OH,PRC52XJ6RK3,2025-11,,,1.0,Payment pending confirm receipt,1.875
6684,REQAYP7ILG6MIGS,PRC3PBHT139,2025-12,,,2.0,Underwriting questions review needed,1.5
6684,REQAYP7ILG6MIGS,PRC3PBHT139,2025-12,,,2.0,Underwriting questions review needed,58.958333333333336
6686,REQ0KROH24GFCJ9,PRCDD8G3KNV,2025-07,7.75,7+ days,1.0,Unknown,30.875
6693,REQ86ZQSMBFFK0M,PRCNX533H21,2025-01,7.5,7+ days,2.0,Missing documents customer to provide,91.79166666666667
6693,REQ86ZQSMBFFK0M,PRCNX533H21,2025-01,7.5,7+ days,2.0,Missing documents customer to provide,29.75
6694,REQ99UEJ5SCQH0S,PRCHI1CUBXI,2025-01,,,2.0,Payment pending confirm receipt,1.0416666666666667
6694,REQ99UEJ5SCQH0S,PRCHI1CUBXI,2025-01,,,2.0,Payment pending confirm receipt,2.4583333333333335
6697,REQD0UACCWR2LTV,PRC1GODZTLS,2025-10,,,2.0,Payment pending confirm receipt,0.5833333333333334
6697,REQD0UACCWR2LTV,PRC1GODZTLS,2025-10,,,2.0,Payment pending confirm receipt,0.4166666666666667
6698,REQE4OCX1QGT3QI,PRCY738A4WB,2025-03,,,1.0,Underwriting questions review needed,2.4166666666666665
6700,REQUUE4414FN8S6,PRCKI9PICTP,2025-07,,,1.0,Payment pending confirm receipt,30.333333333333332
6702,REQ7UER1UL8TKVE,PRC3VFEZ6OP,2025-06,6.625,5-7 days,2.0,Underwriting questions review needed,60.166666666666664
6702,REQ7UER1UL8TKVE,PRC3VFEZ6OP,2025-06,6.625,5-7 days,2.0,Underwriting questions review needed,30.166666666666668
6703,REQTM1E5PEKD384,PRCE4J9TS2O,2025-12,,,2.0,Missing documents customer to provide,1.5
6703,REQTM1E5PEKD384,PRCE4J9TS2O,2025-12,,,2.0,Missing documents customer to provide,1.1666666666666667
6704,REQ64LVEA7CCMLJ,PRCAXEKSA79,2025-11,6.125,5-7 days,2.0,Customer request waiting response,0.5833333333333334
6705,REQRTBQRGR4IYJ4,PRCO4D2IGSX,2025-05,4.916666666666667,5-7 days,3.0,System issue retry later,0.5
6705,REQRTBQRGR4IYJ4,PRCO4D2IGSX,2025-05,4.916666666666667,5-7 days,3.0,System issue retry later,60.666666666666664
6706,REQXGO8EORF88VQ,PRCBJ8PWCKD,2025-06,,,1.0,Missing documents customer to provide,91.125
6709,REQJZO76AHUTVD7,PRCP66O1TYU,2025-01,,,1.0,System issue retry later,58.458333333333336
6711,REQJNSDOI1RBJJ6,PRCJU7455OQ,2025-07,10.208333333333334,7+ days,1.0,System issue retry later,2.3333333333333335
6713,REQ3VBS1UV51A6X,PRCWLZEXEMZ,2025-06,,,1.0,Payment pending confirm receipt,0.5416666666666666
6714,REQFVAZGEBXOPDM,PRC02APT8OD,2025-10,4.5,5-7 days,1.0,Missing documents customer to provide,1.4583333333333333
6715,REQS0VMBPOT0HP7,PRCKANL3FPV,2025-11,,,1.0,Customer request waiting response,2.375
6716,REQU4R6N9NY0VFY,PRCA0ECZAEY,2025-12,,,2.0,Customer request waiting response,0.9583333333333334
6716,REQU4R6N9NY0VFY,PRCA0ECZAEY,2025-12,,,2.0,Customer request waiting response,1.25
6718,REQ0I7F0GEJL44G,PRCA3VV4O63,2025-09,,,2.0,Customer request waiting response,62.333333333333336
6718,REQ0I7F0GEJL44G,PRCA3VV4O63,2025-09,,,2.0,Customer request waiting response,31.416666666666668
6719,REQL54WJJL38ERX,PRCMG1DCHLQ,2025-10,5.416666666666667,5-7 days,1.0,Underwriting questions review needed,60.5
6720,REQORHD2RLLDPP2,PRCJEHEZL7B,2025-03,,,1.0,Missing documents customer to provide,0.20833333333333334
6723,REQLE1C7W0ZUH4C,PRCUS6ZOQQF,2025-10,,,1.0,Unknown,31.541666666666668
6724,REQLMPNCXLWUY0L,PRCFTAFS3AM,2025-06,,,3.0,Unknown,91.875
6724,REQLMPNCXLWUY0L,PRCFTAFS3AM,2025-06,,,3.0,Unknown,91.70833333333333
6730,REQXYLA64L3IEYS,PRCNB65HMEI,2025-03,7.25,7+ days,1.0,Payment pending confirm receipt,91.91666666666667
6731,REQS2WTU91E1BFH,PRCGVH6899O,2025-12,7.625,7+ days,1.0,Payment pending confirm receipt,0.625
6735,REQ6B2VGYA94XQW,PRCJ5MROB7K,2025-04,,,1.0,Underwriting questions review needed,2.6666666666666665
6736,REQ13ZRV7UAE19M,PRCATC7JRBB,2025-08,,,1.0,Payment pending confirm receipt,29.333333333333332
6737,REQ6A9YJIJB8BDF,PRCPLJ16045,2025-05,,,2.0,Unknown,0.125
6737,REQ6A9YJIJB8BDF,PRCPLJ16045,2025-05,,,2.0,Unknown,91.66666666666667
6744,REQ93PJYRWPZM21,PRC1YK5VTVP,2025-07,,,1.0,Unknown,0.5416666666666666
6746,REQAGHFP2HL7BG1,PRCEEAP2FS2,2025-10,9.375,7+ days,3.0,Missing documents customer to provide,29.875
6746,REQAGHFP2HL7BG1,PRCEEAP2FS2,2025-10,9.375,7+ days,3.0,Missing documents customer to provide,60.666666666666664
6749,REQ9VTSU4PO66S4,PRCZ4HIRE0Z,2025-03,,,1.0,Missing documents customer to provide,2.9583333333333335
6751,REQCQKBVNCEXUNI,PRC4HB2A9MZ,2025-01,,,2.0,System issue retry later,2.5416666666666665
6751,REQCQKBVNCEXUNI,PRC4HB2A9MZ,2025-01,,,2.0,System issue retry later,2.9583333333333335
6753,REQDE9R46Q3DU85,PRC2KVL11BD,2025-10,,,1.0,Underwriting questions review needed,29.666666666666668
6754,REQQA5M17A9IUSY,PRCFX33JAVT,2025-09,,,1.0,Underwriting questions review needed,0.375
6755,REQ8NJSXZ6GNS9P,PRCLT3V5PIZ,2025-04,,,1.0,Underwriting questions review needed,2.3333333333333335
6758,REQL4WU2HUE7IF0,PRCIHH9LR80,2025-08,3.0416666666666665,1-4 days,1.0,Payment pending confirm receipt,0.4166666666666667
6761,REQB3M9IQVT5A0Y,PRCKLYCQCEQ,2025-01,,,1.0,Underwriting questions review needed,2.5
6764,REQIY8ROI91VAB0,PRCPEKY5EXU,2025-03,,,1.0,Payment pending confirm receipt,1.25
6766,REQNLOYCCEOM12L,PRC3NQ0JSYM,2025-07,,,2.0,Unknown,60.75
6769,REQEC15A27BBRYB,PRC3HE6CAM6,2025-10,,,2.0,Payment pending confirm receipt,2.25
6770,REQM0IRYS8U3248,PRC1TVXFSPS,2025-08,,,1.0,Missing documents customer to provide,0.6666666666666666
6771,REQMZW8BHQ91L50,PRC6S37GQJG,2025-11,,,2.0,Unknown,2.5
6771,REQMZW8BHQ91L50,PRC6S37GQJG,2025-11,,,2.0,Unknown,2.5416666666666665
6775,REQWYVRPU4KCH0Z,PRCZDHQQ89O,2025-04,,,1.0,Underwriting questions review needed,31.125
6776,REQ833YHRHJI4IZ,PRCPIR5JP98,2025-07,,,1.0,Customer request waiting response,30.083333333333332
6778,REQ8MWTP2Q5WRKA,PRCZOOTDD7D,2025-05,5.833333333333333,5-7 days,2.0,Payment pending confirm receipt,30.75
6781,REQJCM4PRVBLKF2,PRCHSR4K3TX,2025-09,,,3.0,System issue retry later,1.9166666666666667
6781,REQJCM4PRVBLKF2,PRCHSR4K3TX,2025-09,,,3.0,System issue retry later,0.041666666666666664
6781,REQJCM4PRVBLKF2,PRCHSR4K3TX,2025-09,,,3.0,System issue retry later,1.125
6782,REQUJ62Z2YQQJZT,PRCYCM7OPG4,2025-03,,,1.0,Payment pending confirm receipt,0.16666666666666666
6783,REQZR0SLSZS1ZYE,PRCYOLVV6A0,2025-05,3.3333333333333335,1-4 days,2.0,Payment pending confirm receipt,61.0
6783,REQZR0SLSZS1ZYE,PRCYOLVV6A0,2025-05,3.3333333333333335,1-4 days,2.0,Payment pending confirm receipt,1.0833333333333333
6785,REQGHDIU0WFIR20,PRC43K4IT40,2025-01,,,1.0,Missing documents customer to provide,60.791666666666664
6790,REQBOCYIF9ADN8S,PRCO989SIKT,2025-05,6.208333333333333,5-7 days,1.0,Payment pending confirm receipt,60.833333333333336
6791,REQ7DYV9FGRROGS,PRCZ7HO3N02,2025-09,,,1.0,Unknown,0.5833333333333334
6794,REQ5OAS84LCYI15,PRCFE0KJO1K,2025-06,,,1.0,System issue retry later,0.041666666666666664
6795,REQQ2IW2DYAWEO0,PRCDMNTIDHC,2025-05,5.75,5-7 days,1.0,Underwriting questions review needed,90.70833333333333
6800,REQOVHQXX7XBYEU,PRC28VD6I9R,2025-12,,,1.0,Underwriting questions review needed,2.2083333333333335
6807,REQI0MFOKZFWB4O,PRCRL5NRFAW,2025-10,,,2.0,Customer request waiting response,30.291666666666668
6810,REQJHQG9ITANYXU,PRCIRDGZDQ4,2025-01,,,1.0,Missing documents customer to provide,91.66666666666667
6811,REQ0DH0HMCEGITN,PRCU5EFFVTT,2025-10,10.083333333333334,7+ days,3.0,System issue retry later,30.916666666666668
6811,REQ0DH0HMCEGITN,PRCU5EFFVTT,2025-10,10.083333333333334,7+ days,3.0,System issue retry later,60.583333333333336
6813,REQM8H5PVJQT4QS,PRCGMORU7RC,2025-07,,,2.0,System issue retry later,0.9166666666666666
6813,REQM8H5PVJQT4QS,PRCGMORU7RC,2025-07,,,2.0,System issue retry later,1.5416666666666667
6814,REQMBXTEXNGD31O,PRCPU4EBSAC,2025-10,,,1.0,Unknown,0.20833333333333334
6816,REQPO43CYD8BBTK,PRCKVJW1SEI,2025-11,,,2.0,Underwriting questions review needed,1.25
6816,REQPO43CYD8BBTK,PRCKVJW1SEI,2025-11,,,2.0,Underwriting questions review needed,89.54166666666667
6820,REQTWUBTLMEZNMW,PRCUGAMXWW5,2025-05,,,1.0,Unknown,31.0
6821,REQ69UF66U4HBEB,PRCY6NYJK9T,2025-08,,,1.0,Unknown,1.375
6828,REQUMHJHFFG4G7L,PRCSPB1A7RM,2025-11,,,2.0,Unknown,0.5416666666666666
6828,REQUMHJHFFG4G7L,PRCSPB1A7RM,2025-11,,,2.0,Unknown,1.7083333333333333
6837,REQ1JENHIEH3V4A,PRCZJ0A8OFV,2025-12,,,1.0,Missing documents customer to provide,2.0833333333333335
6843,REQ4QKQXRUBLHVH,PRC8PRD06RF,2025-11,,,2.0,Payment pending confirm receipt,2.75
6843,REQ4QKQXRUBLHVH,PRC8PRD06RF,2025-11,,,2.0,Payment pending confirm receipt,0.2916666666666667
6844,REQTK9Z8KK0HUP3,PRCA2AUDZF7,2025-06,,,2.0,Unknown,1.7083333333333333
6852,REQNZT31LNDDDXG,PRCSSQY49O6,2025-05,6.458333333333333,5-7 days,2.0,Payment pending confirm receipt,91.75
6854,REQFI0R5S4UJ2GW,PRC60GV1O7P,2025-07,,,1.0,Underwriting questions review needed,0.9583333333333334
6855,REQJIP3AK2AU6OS,PRCZR4K559G,2025-11,,,1.0,Underwriting questions review needed,91.79166666666667
6868,REQX9RAJY5MNXH1,PRCYG92N3I9,2025-01,,,2.0,Underwriting questions review needed,1.0
6868,REQX9RAJY5MNXH1,PRCYG92N3I9,2025-01,,,2.0,Underwriting questions review needed,0.6666666666666666
6869,REQWERTH2RMXPNG,PRCOJAI0FD9,2025-05,0.7916666666666666,1-4 days,3.0,Customer request waiting response,1.5416666666666667
6869,REQWERTH2RMXPNG,PRCOJAI0FD9,2025-05,0.7916666666666666,1-4 days,3.0,Customer request waiting response,1.7916666666666667
6869,REQWERTH2RMXPNG,PRCOJAI0FD9,2025-05,0.7916666666666666,1-4 days,3.0,Customer request waiting response,1.4166666666666667
6873,REQURVHTH2PXS9A,PRCNX50RETX,2025-10,,,2.0,Customer request waiting response,61.375
6874,REQW7E20EOH9A38,PRC8G8FDXLY,2025-02,,,1.0,Unknown,60.958333333333336
6876,REQR7J8NMKKWEOT,PRCSUX5ZH52,2025-08,,,2.0,Payment pending confirm receipt,28.125
6876,REQR7J8NMKKWEOT,PRCSUX5ZH52,2025-08,,,2.0,Payment pending confirm receipt,61.041666666666664
6878,REQBX1S4VYS8UTE,PRCVP3HVGAZ,2025-02,,,1.0,Unknown,0.375
6879,REQ3AXQWBIBVTFL,PRCRYWIEKTP,2025-01,,,1.0,Payment pending confirm receipt,91.33333333333333
6881,REQE18QW3TE3DOG,PRCAFKQQ61W,2025-02,,,1.0,System issue retry later,2.375
6884,REQQ4W9HSJ9IL0M,PRCXZ1031MR,2025-10,,,1.0,Underwriting questions review needed,91.125
6887,REQGBCMTJZNGXCO,PRCGJA4Y1J5,2025-12,,,1.0,Underwriting questions review needed,0.5
6889,REQ1AQP3DNASFOP,PRC3KVT38HO,2025-06,,,1.0,Missing documents customer to provide,0.2916666666666667
6891,REQKLDJ3W2KLBO8,PRCF546ZCVL,2025-11,7.291666666666667,7+ days,1.0,Unknown,60.791666666666664
6892,REQ8VYELB3N033W,PRCU0GYMUR0,2025-06,,,1.0,Underwriting questions review needed,2.7916666666666665
6898,REQCUJ72EQFYS65,PRCJDNLJZ1R,2025-12,7.375,7+ days,1.0,Customer request waiting response,1.5416666666666667
6901,REQYIPP9JGKBHQ1,PRCNGMN59YF,2025-03,1.3333333333333333,1-4 days,1.0,Underwriting questions review needed,1.9166666666666667
6903,REQ7OMHAH9X1IWT,PRCLA8R0J23,2025-10,,,1.0,Payment pending confirm receipt,1.7083333333333333
6904,REQ3ECN2K3D72VE,PRCGXY8MMXR,2025-05,,,2.0,Underwriting questions review needed,0.625
6904,REQ3ECN2K3D72VE,PRCGXY8MMXR,2025-05,,,2.0,Underwriting questions review needed,60.958333333333336
6910,REQCAEJX3ICHIOL,PRCNNJFX9DP,2025-11,,,1.0,Unknown,0.125
6911,REQ5DJV4BZAJ92O,PRCEUKUS8W4,2025-11,,,3.0,Customer request waiting response,27.916666666666668
6911,REQ5DJV4BZAJ92O,PRCEUKUS8W4,2025-11,,,3.0,Customer request waiting response,30.708333333333332
6912,REQ5JNSZQSKC8WV,PRCCO5SUNL7,2025-06,,,1.0,Unknown,0.625
6914,REQ4M9JYMLC9U3M,PRCLE3VC6BZ,2025-09,1.0416666666666667,1-4 days,1.0,Unknown,1.5416666666666667
6919,REQNQ6NN418C36Q,PRC1PDAFU8H,2025-11,,,1.0,Unknown,1.0
6920,REQDZXUXL55K46Y,PRCFIERPLW4,2025-08,,,1.0,Payment pending confirm receipt,60.416666666666664
6922,REQ4ZP771QHUNCY,PRCONCJX8XH,2025-04,7.541666666666667,7+ days,1.0,System issue retry later,0.125
6923,REQQ1ON7CQEMIIF,PRCKDDQ4TQE,2025-02,,,3.0,System issue retry later,1.4166666666666667
6923,REQQ1ON7CQEMIIF,PRCKDDQ4TQE,2025-02,,,3.0,System issue retry later,2.625
6923,REQQ1ON7CQEMIIF,PRCKDDQ4TQE,2025-02,,,3.0,System issue retry later,1.4583333333333333
6925,REQMKAS26EP22JA,PRCET2ESLSG,2025-04,,,1.0,Missing documents customer to provide,1.5
6933,REQSZ2BKBIWEBYW,PRCPITVCVK3,2025-10,,,3.0,Payment pending confirm receipt,0.9166666666666666
6933,REQSZ2BKBIWEBYW,PRCPITVCVK3,2025-10,,,3.0,Payment pending confirm receipt,1.0833333333333333
6934,REQ5KZN6722YW58,PRC2AITNZEK,2025-03,,,1.0,System issue retry later,61.041666666666664
6937,REQLFFJLMW0JGN0,PRC6H0BA7UH,2025-03,1.9166666666666667,1-4 days,1.0,Payment pending confirm receipt,62.541666666666664
6938,REQ1XZDHGHNJBB9,PRCUWKD2FUD,2025-11,,,1.0,Underwriting questions review needed,0.08333333333333333
6939,REQNDFXEWDNN49J,PRC40ARBPAO,2025-06,2.4166666666666665,1-4 days,1.0,System issue retry later,31.125
6947,REQB85C9VE3P950,PRC0QI7T2ZQ,2025-09,,,3.0,Underwriting questions review needed,91.75
6947,REQB85C9VE3P950,PRC0QI7T2ZQ,2025-09,,,3.0,Underwriting questions review needed,61.125
6947,REQB85C9VE3P950,PRC0QI7T2ZQ,2025-09,,,3.0,Underwriting questions review needed,61.5
6948,REQ3Z2QCX4FE37C,PRCR3M3GY1I,2025-04,,,1.0,Payment pending confirm receipt,1.0
6949,REQYTWKALC85I6O,PRC64JB5NE9,2025-07,4.25,5-7 days,1.0,Missing documents customer to provide,2.25
6950,REQPR14QHMHCEKM,PRCOLWG3S93,2025-09,,,2.0,Unknown,29.541666666666668
6950,REQPR14QHMHCEKM,PRCOLWG3S93,2025-09,,,2.0,Unknown,61.25
6953,REQGWIWP3UOKW1Q,PRCUX9JG5QD,2025-12,,,1.0,Unknown,59.375
6955,REQOB6I2YNNRE49,PRCBC9CUFT2,2025-06,,,2.0,Underwriting questions review needed,61.958333333333336
6955,REQOB6I2YNNRE49,PRCBC9CUFT2,2025-06,,,2.0,Underwriting questions review needed,0.4583333333333333
6956,REQNWPGWRTF9QZ6,PRCWL1BQINR,2025-12,4.875,5-7 days,1.0,Payment pending confirm receipt,0.041666666666666664
6958,REQSEZC4G5DPHTD,PRC9S8SIZWO,2025-02,,,2.0,Payment pending confirm receipt,2.2083333333333335
6958,REQSEZC4G5DPHTD,PRC9S8SIZWO,2025-02,,,2.0,Payment pending confirm receipt,1.7916666666666667
6960,REQRZART4GZX71P,PRCOLDYE8YN,2025-09,,,1.0,Unknown,2.0833333333333335
6961,REQEYHXL34J6N6E,PRC1P4D2UPA,2025-05,,,1.0,Unknown,2.7083333333333335
6963,REQUJYDVR5QQBAO,PRCJADWDRHA,2025-02,,,1.0,Payment pending confirm receipt,2.625
6966,REQ3UI3KGEQ557R,PRC8FGEGBPZ,2025-11,,,2.0,Missing documents customer to provide,61.958333333333336
6966,REQ3UI3KGEQ557R,PRC8FGEGBPZ,2025-11,,,2.0,Missing documents customer to provide,61.166666666666664
6970,REQNUW0ZMILICP2,PRCF8KOYIFF,2025-12,,,1.0,Missing documents customer to provide,32.0
6976,REQWCG4O6JSU7M6,PRCZK90JYES,2025-07,,,2.0,Missing documents customer to provide,0.9166666666666666
6976,REQWCG4O6JSU7M6,PRCZK90JYES,2025-07,,,2.0,Missing documents customer to provide,1.3333333333333333
6977,REQON14PZ6O43YF,PRC0LVYR3JO,2025-11,,,1.0,Unknown,1.75
6978,REQYYT2GMVUCC68,PRCDS4X9L5J,2025-01,,,2.0,System issue retry later,0.7916666666666666
6978,REQYYT2GMVUCC68,PRCDS4X9L5J,2025-01,,,2.0,System issue retry later,0.6666666666666666
6979,REQ4ZP7144SX01X,PRCNW9923S0,2025-11,,,1.0,Customer request waiting response,2.625
6980,REQKJJQ7H67IHXK,PRCUBACDS1Q,2025-04,3.2083333333333335,1-4 days,3.0,Underwriting questions review needed,0.041666666666666664
6980,REQKJJQ7H67IHXK,PRCUBACDS1Q,2025-04,3.2083333333333335,1-4 days,3.0,Underwriting questions review needed,0.16666666666666666
6980,REQKJJQ7H67IHXK,PRCUBACDS1Q,2025-04,3.2083333333333335,1-4 days,3.0,Underwriting questions review needed,2.5416666666666665
6981,REQNYXMTDDM70WH,PRCI80IA10P,2025-12,2.3333333333333335,1-4 days,1.0,Missing documents customer to provide,30.666666666666668
6982,REQ08RKMGQN8XYF,PRCHYHMUHGF,2025-04,,,1.0,System issue retry later,0.20833333333333334
6983,REQ2J7861RKTW15,PRCLDMVLS9S,2025-04,,,1.0,Missing documents customer to provide,61.625
6985,REQRBRU9GBX8L0Y,PRCUCOIAIFL,2025-04,,,1.0,Customer request waiting response,1.125
6986,REQFAUS8482WGXH,PRCAOZSGU4M,2025-04,,,2.0,Unknown,1.9583333333333333
6991,REQ16WFQZG43BMY,PRCJCQ42FP2,2025-09,5.333333333333333,5-7 days,1.0,Payment pending confirm receipt,1.4166666666666667
6992,REQ0YZ4WMC0VU6Y,PRCYVJHIYXF,2025-06,,,1.0,Missing documents customer to provide,61.375
6994,REQM1NWMFK13ZHB,PRCYSNW2I2C,2025-03,,,2.0,Missing documents customer to provide,2.7083333333333335
6994,REQM1NWMFK13ZHB,PRCYSNW2I2C,2025-03,,,2.0,Missing documents customer to provide,2.8333333333333335
6996,REQ4N3G0WZK47LG,PRCDX42YXBP,2025-07,6.958333333333333,5-7 days,1.0,Customer request waiting response,0.2916666666666667
6999,REQKCNECKDS0O57,PRCVCEG6MYJ,2025-01,,,1.0,Customer request waiting response,1.7083333333333333
7002,REQ0VZ2QDV497KH,PRCKUH6MT42,2025-03,,,2.0,Missing documents customer to provide,2.625
7002,REQ0VZ2QDV497KH,PRCKUH6MT42,2025-03,,,2.0,Missing documents customer to provide,30.708333333333332
7009,REQG57BN0D8RZ26,PRC5FE67432,2025-07,,,1.0,Payment pending confirm receipt,1.0416666666666667
7010,REQYNG9YOAN6QVY,PRCXA0C9U31,2025-09,5.25,5-7 days,1.0,Unknown,1.0
7011,REQSWCQLSHRTLPO,PRCOASUABKO,2025-03,,,1.0,System issue retry later,60.625
7014,REQDMLCPMGJC82M,PRCJXF62FFI,2025-03,,,1.0,Underwriting questions review needed,0.08333333333333333
7017,REQ1CEQJRXI9W43,PRCRTD8U3HW,2025-06,,,1.0,Unknown,0.16666666666666666
7018,REQ9FQ86USXISR1,PRC800SGPGM,2025-12,,,1.0,System issue retry later,2.6666666666666665
7020,REQCKRETWSPX6Q2,PRCS1G4K113,2025-04,,,1.0,Underwriting questions review needed,29.916666666666668
7021,REQYZ231LSE6Z9S,PRC74BJ2OON,2025-06,7.416666666666667,7+ days,1.0,System issue retry later,1.7916666666666667
7031,REQ1XNF82QRXQGG,PRCEFQFVB8W,2025-01,5.625,5-7 days,3.0,Missing documents customer to provide,0.125
7031,REQ1XNF82QRXQGG,PRCEFQFVB8W,2025-01,5.625,5-7 days,3.0,Missing documents customer to provide,0.9166666666666666
7034,REQHA796NDQ86Y2,PRC3RTREJTF,2025-02,,,1.0,Customer request waiting response,2.2916666666666665
7036,REQPQHFSHD6UN5G,PRCS2P9S3FN,2025-09,,,1.0,Missing documents customer to provide,1.0416666666666667
7037,REQQM4BOFM55PN6,PRC1NI495Y0,2025-02,4.833333333333333,5-7 days,1.0,Customer request waiting response,1.9583333333333333
7046,REQGQBNCHGLN6I0,PRCRJXRI5F7,2025-04,1.875,1-4 days,1.0,Missing documents customer to provide,0.75
7049,REQ5PYZ13ALD6X1,PRCROD320OI,2025-10,,,1.0,Underwriting questions review needed,1.5416666666666667
7053,REQ01R8IP3MYO4U,PRC4S8A7UPP,2025-06,,,1.0,Missing documents customer to provide,1.9166666666666667
7056,REQK7SESAECRXT0,PRCDGEAEPUE,2025-10,,,1.0,Underwriting questions review needed,0.125
7057,REQVMJBI5CO4ZKY,PRCEO2VGU15,2025-08,,,1.0,System issue retry later,29.458333333333332
7059,REQVBN4S8SIYZ97,PRCZTMXIHO9,2025-11,,,1.0,Unknown,0.125
7062,REQEKMNFESVNC1K,PRCBRC3SL8R,2025-04,,,1.0,Unknown,30.666666666666668
7063,REQJGFFUMY4NAFJ,PRCKTO6KC34,2025-02,,,1.0,Unknown,31.375
7065,REQV94PLDGRZ3GV,PRCVSZ17X7C,2025-06,,,1.0,Missing documents customer to provide,0.8333333333333334
7068,REQ5KQ8G7VVDV5T,PRCP13T5CFE,2025-09,,,1.0,Missing documents customer to provide,2.875
7070,REQDDYSFWFF9W5C,PRCYONEVTTD,2025-11,3.375,1-4 days,1.0,Unknown,1.7083333333333333
7071,REQVA1F2Q40N8JM,PRCZUZDRW7G,2025-05,3.6666666666666665,1-4 days,1.0,Payment pending confirm receipt,2.1666666666666665
7072,REQ2YH8123ZZ5KA,PRC8YLGKTXC,2025-07,,,2.0,Missing documents customer to provide,88.75
7072,REQ2YH8123ZZ5KA,PRC8YLGKTXC,2025-07,,,2.0,Missing documents customer to provide,61.0
7075,REQ72CZOCFZ0ISO,PRCLEKUM036,2025-06,,,3.0,Missing documents customer to provide,59.333333333333336
7075,REQ72CZOCFZ0ISO,PRCLEKUM036,2025-06,,,3.0,Missing documents customer to provide,31.083333333333332
7080,REQPL8U7QN27ZBA,PRCHPUZ3EJB,2025-09,5.75,5-7 days,1.0,Missing documents customer to provide,0.125
7081,REQH05PR02NFBT1,PRCTPR7RRIF,2025-11,,,1.0,Missing documents customer to provide,31.083333333333332
7083,REQRQ9BYZ0EUGOW,PRC9MK6RV3O,2025-06,9.583333333333334,7+ days,1.0,System issue retry later,61.333333333333336
7084,REQ3FIJWIE8VEG4,PRCGV6GHC8Q,2025-02,,,3.0,Customer request waiting response,91.79166666666667
7084,REQ3FIJWIE8VEG4,PRCGV6GHC8Q,2025-02,,,3.0,Customer request waiting response,90.33333333333333
7086,REQW25ZT1VPYVT6,PRCZ1F2WS46,2025-07,,,1.0,Underwriting questions review needed,90.875
7089,REQ4MYX1P4UUAY1,PRCWVX29YKO,2025-07,,,1.0,Underwriting questions review needed,0.125
7090,REQG78RUR9TU3AR,PRC80OW7FXE,2025-11,,,1.0,Unknown,2.0
7093,REQUY6REFQGUVMS,PRCENNED3S6,2025-01,5.208333333333333,5-7 days,1.0,Payment pending confirm receipt,1.2916666666666667
7096,REQ5QNLAIFFQC6V,PRCN77WF49L,2025-04,,,1.0,Missing documents customer to provide,2.9583333333333335
7098,REQQWUJCD42QARI,PRCPJ240GMA,2025-06,,,2.0,Payment pending confirm receipt,0.9583333333333334
7098,REQQWUJCD42QARI,PRCPJ240GMA,2025-06,,,2.0,Payment pending confirm receipt,1.7083333333333333
7102,REQ5LRZ05BI34GF,PRCVGETRF43,2025-04,,,1.0,System issue retry later,60.708333333333336
7104,REQHQJN9WGTRKDJ,PRCRHH2L5CY,2025-03,,,1.0,Underwriting questions review needed,1.625
7105,REQ5Z7MO48BCJHA,PRC9SSQBWUC,2025-11,1.6666666666666667,1-4 days,1.0,System issue retry later,2.375
7109,REQR2ZIIR204EBG,PRCQ9HJ330A,2025-08,,,2.0,System issue retry later,61.333333333333336
7109,REQR2ZIIR204EBG,PRCQ9HJ330A,2025-08,,,2.0,System issue retry later,0.3333333333333333
7111,REQP01MTDOT11XY,PRCP36HBUQE,2025-11,,,1.0,Unknown,91.625
7113,REQKZPUVFFCGVBL,PRCYZG1MXYF,2025-04,,,1.0,Customer request waiting response,0.8333333333333334
7116,REQUKH445QCL0GW,PRCCGY62F1B,2025-10,,,1.0,Payment pending confirm receipt,0.25
7124,REQC7QPA2RSNV85,PRCQIRSPZAS,2025-06,,,1.0,Underwriting questions review needed,0.3333333333333333
7127,REQ7AY51ZFG9T8A,PRCLY5IXWUS,2025-10,2.0,1-4 days,1.0,Unknown,0.625
7131,REQJWVD9PPW8EGO,PRCIVD2CKQV,2025-04,,,1.0,Missing documents customer to provide,0.20833333333333334
7132,REQHKVRVD5V1A6I,PRCD7ITFPMG,2025-03,,,1.0,Unknown,0.041666666666666664
7134,REQTMKRZST15Y4K,PRCNFGBM2AU,2025-02,,,1.0,System issue retry later,2.4166666666666665
7136,REQY3TZNCVMSMCC,PRCR9VWQ36H,2025-11,,,1.0,Unknown,0.4166666666666667
7141,REQD8J503TTXTB4,PRCO1MLZ6RT,2025-05,,,1.0,System issue retry later,2.0
7143,REQ2JEK486OP081,PRCGVQU09O2,2025-06,,,1.0,Missing documents customer to provide,1.9583333333333333
7145,REQLSGDQVP4T0U2,PRCERTFNMUM,2025-01,,,2.0,Unknown,60.791666666666664
7145,REQLSGDQVP4T0U2,PRCERTFNMUM,2025-01,,,2.0,Unknown,61.375
7146,REQ5SWPE8GT2GKQ,PRCFS2PTNRF,2025-10,,,1.0,System issue retry later,61.208333333333336
7149,REQ1WB7MMNIFA0N,PRC6DFYKRC0,2025-12,3.5416666666666665,1-4 days,1.0,Payment pending confirm receipt,1.5416666666666667
7150,REQA9B18TFJCCNU,PRCO58ZLPQW,2025-01,4.5,5-7 days,3.0,Customer request waiting response,0.75
7150,REQA9B18TFJCCNU,PRCO58ZLPQW,2025-01,4.5,5-7 days,3.0,Customer request waiting response,0.16666666666666666
7151,REQJ1BCR53ET0YY,PRCR0IEGNJ0,2025-07,,,1.0,Payment pending confirm receipt,0.20833333333333334
7154,REQ1KVH7BT3GFLD,PRCFITICJP4,2025-03,,,2.0,Unknown,0.041666666666666664
7154,REQ1KVH7BT3GFLD,PRCFITICJP4,2025-03,,,2.0,Unknown,61.333333333333336
7167,REQB94OVAMZKT57,PRCQKF6Z8W6,2025-06,2.2916666666666665,1-4 days,1.0,System issue retry later,0.8333333333333334
7171,REQKY8QOGEH1CRE,PRCPUIN5QKC,2025-01,,,1.0,Customer request waiting response,29.541666666666668
7172,REQPA3OFMV5T3YU,PRC7NBS0ROC,2025-02,5.625,5-7 days,1.0,Payment pending confirm receipt,31.166666666666668
7174,REQI4DG8DAEUVIU,PRCDRPQKXL3,2025-03,,,1.0,Missing documents customer to provide,2.9166666666666665
7175,REQBE93139956U4,PRCZUOPRDG4,2025-08,,,1.0,System issue retry later,2.6666666666666665
7176,REQBBTKANIRQQ1D,PRCSO6OYQ2V,2025-04,,,1.0,Missing documents customer to provide,2.0
7178,REQO3UPXTK2F5BQ,PRCLOPWDN2H,2025-10,,,1.0,Customer request waiting response,0.20833333333333334
7181,REQIXM9NCG2ETNJ,PRC0XNXRT0I,2025-09,,,1.0,Customer request waiting response,1.6666666666666667
7184,REQC94QZDNWLGV7,PRC3HOUVUYI,2025-04,,,3.0,Underwriting questions review needed,2.7083333333333335
7184,REQC94QZDNWLGV7,PRC3HOUVUYI,2025-04,,,3.0,Underwriting questions review needed,0.75
7184,REQC94QZDNWLGV7,PRC3HOUVUYI,2025-04,,,3.0,Underwriting questions review needed,1.8333333333333333
7185,REQVXH1AX8JEVAJ,PRC8Q2JQK91,2025-06,,,1.0,Underwriting questions review needed,31.458333333333332
7187,REQLAJOGY04U27H,PRCLLRBEYXO,2025-08,,,1.0,Customer request waiting response,0.6666666666666666
7189,REQDD6I0N7HJA5Q,PRCBNCR0556,2025-04,,,1.0,Underwriting questions review needed,2.75
7193,REQXL7M4ENT3LSF,PRCQNQVTS89,2025-08,,,2.0,Unknown,58.541666666666664
7193,REQXL7M4ENT3LSF,PRCQNQVTS89,2025-08,,,2.0,Unknown,0.375
7195,REQMQQY1P394OA6,PRCY5JT8IJJ,2025-03,2.75,1-4 days,2.0,Missing documents customer to provide,30.916666666666668
7195,REQMQQY1P394OA6,PRCY5JT8IJJ,2025-03,2.75,1-4 days,2.0,Missing documents customer to provide,0.041666666666666664
7205,REQM1LV1J2VZ9AE,PRCYTX9XMMQ,2025-08,,,1.0,Missing documents customer to provide,31.416666666666668
7206,REQN4WDGUREJWAR,PRC8WDPIPRW,2025-06,4.208333333333333,5-7 days,2.0,Missing documents customer to provide,0.16666666666666666
7206,REQN4WDGUREJWAR,PRC8WDPIPRW,2025-06,4.208333333333333,5-7 days,2.0,Missing documents customer to provide,31.125
7207,REQH8FTQUK1H316,PRCFD22HQ2J,2025-12,,,1.0,Underwriting questions review needed,0.25
7209,REQ7WB705SWTV5P,PRCHC3V949U,2025-11,,,1.0,Unknown,2.0
7211,REQBRRN72SA36GP,PRC69KE9W92,2025-02,,,1.0,Missing documents customer to provide,2.5833333333333335
7213,REQLBW22UOTMEHV,PRCIXTYPSW4,2025-11,1.8333333333333333,1-4 days,3.0,Unknown,28.75
7213,REQLBW22UOTMEHV,PRCIXTYPSW4,2025-11,1.8333333333333333,1-4 days,3.0,Unknown,0.5416666666666666
7213,REQLBW22UOTMEHV,PRCIXTYPSW4,2025-11,1.8333333333333333,1-4 days,3.0,Unknown,0.5
7217,REQLRXKQ2V2R31Y,PRCQU4IOUGL,2025-07,8.208333333333334,7+ days,1.0,Unknown,0.7083333333333334
7223,REQROEPMU2OEXP8,PRCQZUDYVQZ,2025-01,7.5,7+ days,1.0,Customer request waiting response,2.875
7224,REQIV35PG5HMH3S,PRCVMNFH0IZ,2025-10,5.333333333333333,5-7 days,1.0,Customer request waiting response,0.9166666666666666
7225,REQ80NPGXXU04BF,PRCC420GTSK,2025-04,,,1.0,Missing documents customer to provide,2.5416666666666665
7226,REQTWMOZQ9OPEP6,PRC5KZY4XR5,2025-07,,,1.0,Customer request waiting response,30.708333333333332
7230,REQEW77V6GGBIG2,PRCZOTK7GFN,2025-04,,,1.0,Payment pending confirm receipt,0.6666666666666666
7232,REQJV1GSDXV3UCU,PRCXFR05UOK,2025-01,,,1.0,Unknown,2.75
7236,REQDYT8CWA95XEG,PRCFSQ4RSNY,2025-07,,,1.0,Payment pending confirm receipt,2.5
7237,REQ8LWNDP6W20MO,PRCUJHWTBX6,2025-01,,,1.0,System issue retry later,2.125
7239,REQ9K2W0PRI7OVF,PRCK1MC1GUR,2025-10,2.7916666666666665,1-4 days,1.0,Customer request waiting response,0.5833333333333334
7240,REQ1D7QZ968YG6A,PRCTF9F2IZS,2025-08,,,1.0,Unknown,1.5416666666666667
7241,REQU8KOTMXV3HFK,PRCUBCMK15I,2025-08,,,2.0,Underwriting questions review needed,1.6666666666666667
7242,REQAJ9YO1AFRQX6,PRCSDA7NPHT,2025-02,,,1.0,Underwriting questions review needed,30.708333333333332
7243,REQK3SV41QO8FTP,PRCALR0PPA7,2025-11,3.0,1-4 days,1.0,Payment pending confirm receipt,1.125
7248,REQ9CPYJQLVVAO9,PRC2H31RQ7M,2025-09,,,1.0,Customer request waiting response,91.95833333333333
7249,REQRJ5BEV7I9U9A,PRCNNZ63BRP,2025-12,,,2.0,System issue retry later,2.375
7249,REQRJ5BEV7I9U9A,PRCNNZ63BRP,2025-12,,,2.0,System issue retry later,0.3333333333333333
7252,REQ35FWBQJAGHVP,PRCA0S7FMRH,2025-06,,,2.0,Customer request waiting response,0.7916666666666666
7252,REQ35FWBQJAGHVP,PRCA0S7FMRH,2025-06,,,2.0,Customer request waiting response,1.375
7253,REQZDP8OWMFLL3F,PRCJHQTGQC2,2025-11,,,1.0,Customer request waiting response,1.5416666666666667
7259,REQHRKSLFIKBQMA,PRC6F6PH153,2025-08,,,1.0,Payment pending confirm receipt,1.0
7263,REQFE1ANI0UDWBQ,PRCLEKHYVAV,2025-06,3.9166666666666665,1-4 days,1.0,Payment pending confirm receipt,1.8333333333333333
7264,REQ7FS5D67FFZWO,PRC3FFZTJ1I,2025-10,,,2.0,System issue retry later,0.08333333333333333
7264,REQ7FS5D67FFZWO,PRC3FFZTJ1I,2025-10,,,2.0,System issue retry later,30.5
7267,REQ4K2UT9YGDSLF,PRCJYIC5WZI,2025-01,8.5,7+ days,1.0,Underwriting questions review needed,0.375
7268,REQ45VE0LS34T1H,PRCHL8QEMSN,2025-03,,,1.0,Payment pending confirm receipt,2.3333333333333335
7269,REQRE7TBV770UDH,PRCW21KT2UP,2025-10,,,1.0,Customer request waiting response,30.291666666666668
7270,REQ6CUEF4ET6NN6,PRC4XSACRZO,2025-01,,,3.0,Underwriting questions review needed,2.9166666666666665
7270,REQ6CUEF4ET6NN6,PRC4XSACRZO,2025-01,,,3.0,Underwriting questions review needed,0.9583333333333334
7270,REQ6CUEF4ET6NN6,PRC4XSACRZO,2025-01,,,3.0,Underwriting questions review needed,1.5416666666666667
7276,REQJNUVL790M9GX,PRCXZT9ET3O,2025-09,,,2.0,Missing documents customer to provide,88.125
7276,REQJNUVL790M9GX,PRCXZT9ET3O,2025-09,,,2.0,Missing documents customer to provide,91.625
7278,REQ8UWE0E1W4JAB,PRCYVIK5WMK,2025-04,,,2.0,Payment pending confirm receipt,0.7916666666666666
7278,REQ8UWE0E1W4JAB,PRCYVIK5WMK,2025-04,,,2.0,Payment pending confirm receipt,2.1666666666666665
7279,REQT78DV3Q35II4,PRCKY2ZODY0,2025-09,,,1.0,Customer request waiting response,1.4166666666666667
7281,REQZLNGN7DMZ3HI,PRCNTF6U5N1,2025-07,,,2.0,Payment pending confirm receipt,61.041666666666664
7281,REQZLNGN7DMZ3HI,PRCNTF6U5N1,2025-07,,,2.0,Payment pending confirm receipt,2.875
7282,REQA2F8VR8GTDD9,PRCZJ6EUYTJ,2025-12,,,1.0,Customer request waiting response,2.3333333333333335
7283,REQSIOEHZY2SSAN,PRCOOL3AVPR,2025-12,,,1.0,Unknown,0.7083333333333334
7285,REQP5I9MBR5ZP8E,PRCR0ADD2HU,2025-07,,,1.0,Payment pending confirm receipt,2.7916666666666665
7287,REQ06AU9EQOTX0F,PRCFFF5ZVXM,2025-03,6.583333333333333,5-7 days,1.0,Missing documents customer to provide,60.583333333333336
7289,REQC2P190T5TJSE,PRCB2WXAGYM,2025-07,,,1.0,Missing documents customer to provide,30.666666666666668
7291,REQZALHZXQMRAA4,PRC4EYP4YMS,2025-12,,,1.0,Payment pending confirm receipt,91.08333333333333
7292,REQ4Y59QNIIUV29,PRCLSMSBINV,2025-10,,,1.0,System issue retry later,2.625
7298,REQN60SYX1W8HRA,PRC0M263ZDZ,2025-02,,,1.0,Customer request waiting response,2.4583333333333335
7301,REQMWHLY1B66W2I,PRC4RIMBHUT,2025-04,2.1666666666666665,1-4 days,3.0,Unknown,1.9583333333333333
7301,REQMWHLY1B66W2I,PRC4RIMBHUT,2025-04,2.1666666666666665,1-4 days,3.0,Unknown,0.75
7301,REQMWHLY1B66W2I,PRC4RIMBHUT,2025-04,2.1666666666666665,1-4 days,3.0,Unknown,1.7083333333333333
7302,REQV6TUFNJSB6HM,PRC46T7XF2B,2025-11,,,1.0,Customer request waiting response,1.0833333333333333
7305,REQM5ETVN1LQ29C,PRCFOG4C731,2025-06,3.0,1-4 days,1.0,Customer request waiting response,89.625
7310,REQC5PABAQOU0Q6,PRCO1DNFR3P,2025-02,,,1.0,Customer request waiting response,1.3333333333333333
7313,REQV0N7X2AH9I3Y,PRC5ZIBSIVU,2025-02,,,2.0,System issue retry later,1.875
7313,REQV0N7X2AH9I3Y,PRC5ZIBSIVU,2025-02,,,2.0,System issue retry later,2.0416666666666665
7314,REQZ2I2GR8Z745Y,PRC519W8JHN,2025-05,,,3.0,Unknown,0.5833333333333334
7314,REQZ2I2GR8Z745Y,PRC519W8JHN,2025-05,,,3.0,Unknown,30.541666666666668
7314,REQZ2I2GR8Z745Y,PRC519W8JHN,2025-05,,,3.0,Unknown,62.291666666666664
7317,REQE5Z61J064HA7,PRCHCL3V06A,2025-06,2.9583333333333335,1-4 days,2.0,Unknown,0.2916666666666667
7317,REQE5Z61J064HA7,PRCHCL3V06A,2025-06,2.9583333333333335,1-4 days,2.0,Unknown,0.8333333333333334
7320,REQKTAY9YD65MLV,PRCX61E7454,2025-03,7.083333333333333,7+ days,1.0,Payment pending confirm receipt,1.6666666666666667
7321,REQI1FZ91A06KD7,PRCWRCJ9T76,2025-03,,,2.0,Payment pending confirm receipt,91.625
7325,REQ7VXX53Z3VBGB,PRCWV49ROXT,2025-09,2.1666666666666665,1-4 days,1.0,System issue retry later,0.875
7326,REQ7496QCW2ZKD7,PRCC043ZHL5,2025-08,1.3333333333333333,1-4 days,1.0,Unknown,2.4583333333333335
7331,REQPKVNC6PQA9CF,PRCXA2FDPX1,2025-04,,,3.0,System issue retry later,2.125
7331,REQPKVNC6PQA9CF,PRCXA2FDPX1,2025-04,,,3.0,System issue retry later,1.2083333333333333
7331,REQPKVNC6PQA9CF,PRCXA2FDPX1,2025-04,,,3.0,System issue retry later,2.3333333333333335
7333,REQZNOMLSM2MP8J,PRCW28XDL3W,2025-08,,,1.0,Payment pending confirm receipt,0.20833333333333334
7335,REQRMNDBCXOF34Z,PRCTXVU9AMX,2025-04,,,3.0,Missing documents customer to provide,0.25
7335,REQRMNDBCXOF34Z,PRCTXVU9AMX,2025-04,,,3.0,Missing documents customer to provide,0.5
7335,REQRMNDBCXOF34Z,PRCTXVU9AMX,2025-04,,,3.0,Missing documents customer to provide,1.7083333333333333
7336,REQU5GAHZ5C0I9Q,PRC82QUY3I7,2025-10,,,1.0,Missing documents customer to provide,30.666666666666668
7337,REQXAVS9GMKWBMY,PRCK6FPPUV6,2025-06,,,2.0,Customer request waiting response,30.958333333333332
7337,REQXAVS9GMKWBMY,PRCK6FPPUV6,2025-06,,,2.0,Customer request waiting response,30.166666666666668
7338,REQLCMGWL6N7S0Y,PRCW1XCJF30,2025-11,,,1.0,Payment pending confirm receipt,2.5
7339,REQTVRHMDHF2T7A,PRCK0VILFFW,2025-05,,,1.0,Missing documents customer to provide,0.4166666666666667
7343,REQ8A9O0JMXYINB,PRC7KMMV9FE,2025-01,7.5,7+ days,1.0,Payment pending confirm receipt,91.66666666666667
7345,REQE1HXYQUT2HNQ,PRCAB4PEOVZ,2025-06,,,1.0,Payment pending confirm receipt,1.4583333333333333
7346,REQ46NYNZJDLFOA,PRCG9LQS9GM,2025-02,,,1.0,Missing documents customer to provide,2.5416666666666665
7348,REQNK6PZ0C8RG4C,PRCHGD9MWV1,2025-10,,,1.0,Customer request waiting response,1.4583333333333333
7349,REQFR2IUVI7RBB0,PRC6YUU0MA8,2025-05,,,2.0,Underwriting questions review needed,2.0833333333333335
7349,REQFR2IUVI7RBB0,PRC6YUU0MA8,2025-05,,,2.0,Underwriting questions review needed,0.25
7350,REQ6UMQND1QKHIW,PRCV67ZB8U7,2025-07,,,2.0,Missing documents customer to provide,88.91666666666667
7353,REQMWVW57ORX486,PRCXCSKOOPC,2025-05,,,3.0,Customer request waiting response,1.4166666666666667
7353,REQMWVW57ORX486,PRCXCSKOOPC,2025-05,,,3.0,Customer request waiting response,0.4166666666666667
7353,REQMWVW57ORX486,PRCXCSKOOPC,2025-05,,,3.0,Customer request waiting response,59.041666666666664
7354,REQNERK4WO67K97,PRCRU0EE8LO,2025-02,,,1.0,Underwriting questions review needed,0.7083333333333334
7357,REQ7YW8W4D3UKSM,PRCHE60UW3V,2025-07,,,1.0,Payment pending confirm receipt,1.25
7358,REQ0PJ67GHDHS6U,PRC3SD4UQ3I,2025-12,3.75,1-4 days,1.0,Underwriting questions review needed,90.54166666666667
7359,REQK6H3D45ZWEOV,PRC0JRFEF9R,2025-01,,,1.0,Missing documents customer to provide,1.7916666666666667
7365,REQX624YQLWB0PD,PRCTQG4W6EL,2025-10,2.9583333333333335,1-4 days,1.0,Unknown,59.166666666666664
7366,REQRZVQN4AW3KF1,PRCSCO7RDPF,2025-11,,,3.0,Customer request waiting response,61.583333333333336
7366,REQRZVQN4AW3KF1,PRCSCO7RDPF,2025-11,,,3.0,Customer request waiting response,0.08333333333333333
7366,REQRZVQN4AW3KF1,PRCSCO7RDPF,2025-11,,,3.0,Customer request waiting response,2.375
7368,REQMGWFQI8UQL9C,PRCFCNRQSVC,2025-06,2.1666666666666665,1-4 days,1.0,Payment pending confirm receipt,60.875
7369,REQ81LEUTDSVTB1,PRCERBJAOXR,2025-04,,,1.0,Payment pending confirm receipt,0.3333333333333333
7372,REQ2T4PB4UGVDFW,PRCISXXBY18,2025-03,,,1.0,Underwriting questions review needed,31.083333333333332
7378,REQF4FFHD1OGURQ,PRCP84MS787,2025-08,,,1.0,Underwriting questions review needed,0.20833333333333334
7379,REQVD5ELGHPUX9M,PRCQX7ERIFH,2025-07,,,1.0,Unknown,61.125
7380,REQNCS41KD1DUNN,PRCUN4EDI5Q,2025-12,,,2.0,Unknown,0.7083333333333334
7380,REQNCS41KD1DUNN,PRCUN4EDI5Q,2025-12,,,2.0,Unknown,31.25
7382,REQEXRGVEZ6QCK3,PRCM9Z3I8M0,2025-08,,,1.0,Underwriting questions review needed,2.1666666666666665
7383,REQYBU5CUBT7BXV,PRCHKJTTFCH,2025-02,,,2.0,Underwriting questions review needed,1.2083333333333333
7384,REQUR6F9WFJGVJA,PRCKA1Y206H,2025-07,,,1.0,Unknown,0.5416666666666666
7385,REQ1Q1Z5P1763K5,PRCZ241Q7VL,2025-08,,,1.0,Underwriting questions review needed,58.875
7387,REQEDULVA9HIM1B,PRC9J4R1N1K,2025-12,,,1.0,Customer request waiting response,61.125
7389,REQ9F94E2URA2JX,PRC0AM86SB7,2025-08,6.458333333333333,5-7 days,1.0,Underwriting questions review needed,0.7916666666666666
7392,REQ3IT8LE6RSZRI,PRCJ2PRXQ0Q,2025-07,,,1.0,Missing documents customer to provide,62.458333333333336
7395,REQ6PE01W3DQONI,PRCK6Q2BXSM,2025-08,,,3.0,Payment pending confirm receipt,91.41666666666667
7395,REQ6PE01W3DQONI,PRCK6Q2BXSM,2025-08,,,3.0,Payment pending confirm receipt,62.583333333333336
7398,REQB1FX0KL93ZCD,PRCDITWL2BI,2025-06,,,1.0,System issue retry later,0.3333333333333333
7399,REQDPEQ23BVFT17,PRC9PKJM3Y7,2025-10,,,1.0,Underwriting questions review needed,2.5833333333333335
7401,REQ0QDFVCXY4F14,PRC2QXCIF95,2025-08,,,1.0,Unknown,2.625
7410,REQS9LYWJP1C0ZU,PRCNZVYGCPL,2025-05,,,2.0,Missing documents customer to provide,1.4583333333333333
7410,REQS9LYWJP1C0ZU,PRCNZVYGCPL,2025-05,,,2.0,Missing documents customer to provide,2.0416666666666665
7414,REQE0CUVGVN9QFR,PRCIV6RIHM5,2025-11,,,1.0,Customer request waiting response,1.375
7415,REQFM98JVEITQPG,PRC73TOGOXN,2025-09,,,1.0,Payment pending confirm receipt,61.458333333333336
7416,REQF1YOTLBA5V4U,PRCPB3SWM8V,2025-01,,,1.0,Missing documents customer to provide,2.5833333333333335
7420,REQR5XWMI4QCWYT,PRCGI97BOPD,2025-11,,,1.0,System issue retry later,30.791666666666668
7423,REQO6J5CG2GFXB6,PRC61SUT23Z,2025-10,,,1.0,Payment pending confirm receipt,2.0416666666666665
7424,REQZ3ONGEU5V6D0,PRC31FIBGKR,2025-05,,,1.0,Payment pending confirm receipt,91.58333333333333
7425,REQNWAD6YPA86J8,PRCR88BDIWZ,2025-10,2.375,1-4 days,3.0,Customer request waiting response,60.5
7425,REQNWAD6YPA86J8,PRCR88BDIWZ,2025-10,2.375,1-4 days,3.0,Customer request waiting response,2.375
7430,REQMFB0HIRDTWXR,PRC11I1LUX4,2025-04,,,3.0,Customer request waiting response,0.041666666666666664
7430,REQMFB0HIRDTWXR,PRC11I1LUX4,2025-04,,,3.0,Customer request waiting response,3.0
7430,REQMFB0HIRDTWXR,PRC11I1LUX4,2025-04,,,3.0,Customer request waiting response,1.2083333333333333
7431,REQ0C9GI2MSRK2W,PRC55UFLFIA,2025-10,,,1.0,Underwriting questions review needed,1.2916666666666667
7432,REQT2DLXKY4GTEN,PRC6ARMWRW2,2025-08,,,1.0,Customer request waiting response,0.75
7434,REQ0TN9R7YBDEE0,PRC95829A14,2025-06,,,1.0,Missing documents customer to provide,2.5416666666666665
7435,REQSLI5HD2COFOD,PRCT4FZFRWR,2025-06,3.7083333333333335,1-4 days,3.0,Underwriting questions review needed,1.2916666666666667
7435,REQSLI5HD2COFOD,PRCT4FZFRWR,2025-06,3.7083333333333335,1-4 days,3.0,Underwriting questions review needed,2.0833333333333335
7435,REQSLI5HD2COFOD,PRCT4FZFRWR,2025-06,3.7083333333333335,1-4 days,3.0,Underwriting questions review needed,1.0
7438,REQIPMMPLVQWGVX,PRC4MJ6IB49,2025-02,,,2.0,Payment pending confirm receipt,0.625
7438,REQIPMMPLVQWGVX,PRC4MJ6IB49,2025-02,,,2.0,Payment pending confirm receipt,0.16666666666666666
7439,REQ4PUWS8FDDECZ,PRCEJVTWZ4Z,2025-09,4.625,5-7 days,1.0,Missing documents customer to provide,89.875
7441,REQQFZB3RVFRRDC,PRCBIFYKZNO,2025-02,,,1.0,Customer request waiting response,0.5
7444,REQ8M6GCYERQZM9,PRCITKQAUBQ,2025-07,,,1.0,Unknown,91.5
7445,REQG0US0USOG7KI,PRC06WTMAWM,2025-11,8.166666666666666,7+ days,2.0,Missing documents customer to provide,2.4166666666666665
7445,REQG0US0USOG7KI,PRC06WTMAWM,2025-11,8.166666666666666,7+ days,2.0,Missing documents customer to provide,0.7083333333333334
7447,REQEKUNCL43WP4Q,PRC7BXC32O7,2025-01,1.7916666666666667,1-4 days,3.0,Payment pending confirm receipt,1.25
7447,REQEKUNCL43WP4Q,PRC7BXC32O7,2025-01,1.7916666666666667,1-4 days,3.0,Payment pending confirm receipt,2.75
7448,REQBLH1ZT240DQ0,PRCWDV03GXA,2025-04,,,1.0,Unknown,61.208333333333336
7451,REQH43GQ6MTODEO,PRCX91KLTC4,2025-12,,,1.0,System issue retry later,61.166666666666664
7455,REQK7HO1PWNC9JP,PRCYG64KSDX,2025-02,,,1.0,Customer request waiting response,31.041666666666668
7457,REQLSNUFDFARQLY,PRCR4L1FBCT,2025-12,,,1.0,Unknown,0.125
7458,REQ6VN844L3S203,PRCD077N1GR,2025-05,0.4166666666666667,1-4 days,2.0,Customer request waiting response,1.4166666666666667
7458,REQ6VN844L3S203,PRCD077N1GR,2025-05,0.4166666666666667,1-4 days,2.0,Customer request waiting response,2.2083333333333335
7464,REQ2K5DW8JSPQEH,PRCTYDBGXPW,2025-11,5.791666666666667,5-7 days,1.0,Payment pending confirm receipt,0.5
7467,REQ6U4BQXLXX7J7,PRCXS5OTRPA,2025-11,,,1.0,System issue retry later,1.0
7469,REQXUZW609L6WR1,PRCKEPCKW1Q,2025-06,,,2.0,Underwriting questions review needed,31.208333333333332
7469,REQXUZW609L6WR1,PRCKEPCKW1Q,2025-06,,,2.0,Underwriting questions review needed,61.791666666666664
7471,REQEMCB4ZM77JJQ,PRCIKPB6MGW,2025-04,,,1.0,System issue retry later,1.2916666666666667
7472,REQ8OZFSMQBVICK,PRCMOEMUIEC,2025-09,,,3.0,Payment pending confirm receipt,1.5
7472,REQ8OZFSMQBVICK,PRCMOEMUIEC,2025-09,,,3.0,Payment pending confirm receipt,1.875
7474,REQ7P0KEACASLE1,PRC5ACBBWQ1,2025-06,,,1.0,Missing documents customer to provide,0.625
7475,REQL26DS72KBB8I,PRCUVGRFMDH,2025-03,5.125,5-7 days,1.0,System issue retry later,2.125
7476,REQE09719OUO1F8,PRCWK5SG12I,2025-01,,,1.0,System issue retry later,0.5
7478,REQOWJC8FKJ4DJL,PRCI8KL1TWP,2025-07,,,2.0,System issue retry later,60.791666666666664
7478,REQOWJC8FKJ4DJL,PRCI8KL1TWP,2025-07,,,2.0,System issue retry later,31.541666666666668
7479,REQTF68GZZYQJUR,PRC0C17R2TC,2025-12,,,2.0,Payment pending confirm receipt,60.458333333333336
7479,REQTF68GZZYQJUR,PRC0C17R2TC,2025-12,,,2.0,Payment pending confirm receipt,60.916666666666664
7482,REQE9UJPR8WHM38,PRCYTZ4S7I4,2025-09,,,3.0,Underwriting questions review needed,30.625
7482,REQE9UJPR8WHM38,PRCYTZ4S7I4,2025-09,,,3.0,Underwriting questions review needed,1.5833333333333333
7486,REQS3VZ0G4BZ1EK,PRCXY9WU3GZ,2025-07,,,1.0,Missing documents customer to provide,2.7916666666666665
7489,REQCXV0MBLE88PK,PRCS0P2SZVR,2025-01,,,1.0,Customer request waiting response,2.9583333333333335
7490,REQJAKTJXERERF7,PRCWXOYZPLZ,2025-06,9.666666666666666,7+ days,2.0,System issue retry later,0.9166666666666666
7490,REQJAKTJXERERF7,PRCWXOYZPLZ,2025-06,9.666666666666666,7+ days,2.0,System issue retry later,1.0416666666666667
7494,REQG3ZU7VN3V9QD,PRCZ9IP2RSC,2025-05,2.9583333333333335,1-4 days,2.0,Underwriting questions review needed,1.9166666666666667
7494,REQG3ZU7VN3V9QD,PRCZ9IP2RSC,2025-05,2.9583333333333335,1-4 days,2.0,Underwriting questions review needed,1.7083333333333333
7495,REQ4NZVU1W3VHLM,PRCCIGQROZC,2025-02,,,1.0,Missing documents customer to provide,3.0
7497,REQDPBFLF3V6003,PRCCT9P16ZS,2025-04,,,1.0,System issue retry later,31.291666666666668
7499,REQO9CU4JVV1Y0N,PRCDVURN32N,2025-09,,,2.0,System issue retry later,2.3333333333333335
7502,REQRTVV1FN6F37D,PRCDOIWHYSQ,2025-06,,,1.0,Payment pending confirm receipt,62.625
7508,REQUW0LZMV9JW0S,PRCLTGBPY0V,2025-03,,,1.0,System issue retry later,1.8333333333333333
7509,REQJL5J8STXHTTR,PRCVM2R9YKO,2025-05,,,1.0,Payment pending confirm receipt,0.3333333333333333
7511,REQP9AWVUM53SO9,PRCQNKX6HMK,2025-02,2.5416666666666665,1-4 days,2.0,Missing documents customer to provide,2.75
7511,REQP9AWVUM53SO9,PRCQNKX6HMK,2025-02,2.5416666666666665,1-4 days,2.0,Missing documents customer to provide,0.6666666666666666
7513,REQFZ46IDSV4TBG,PRCU96ULAKI,2025-01,2.1666666666666665,1-4 days,1.0,Unknown,91.125
7514,REQQNCVKEKC21FN,PRCKTA35M8L,2025-01,,,2.0,System issue retry later,2.375
7514,REQQNCVKEKC21FN,PRCKTA35M8L,2025-01,,,2.0,System issue retry later,0.25
7516,REQ6GN4I79FCEUG,PRC5PV8UGIY,2025-01,,,1.0,Customer request waiting response,0.3333333333333333
7517,REQ83ECA6F9DWK2,PRCV19ZNVNO,2025-01,,,1.0,Underwriting questions review needed,90.875
7522,REQE7L74VVDU4B1,PRC8QLQLINP,2025-04,,,1.0,System issue retry later,1.375
7530,REQJDUF48IKDLUD,PRCZ6IQAC2Z,2025-09,,,2.0,Payment pending confirm receipt,0.25
7530,REQJDUF48IKDLUD,PRCZ6IQAC2Z,2025-09,,,2.0,Payment pending confirm receipt,1.5
7531,REQHGNG1K9P61VY,PRCUACFNXJY,2025-09,,,1.0,Payment pending confirm receipt,1.0416666666666667
7532,REQK7FL27FWK7LQ,PRCN2BBHUS5,2025-02,,,2.0,System issue retry later,91.66666666666667
7532,REQK7FL27FWK7LQ,PRCN2BBHUS5,2025-02,,,2.0,System issue retry later,31.041666666666668
7534,REQWG188RQ32S78,PRCY6CL3TR4,2025-06,4.958333333333333,5-7 days,2.0,Underwriting questions review needed,0.4583333333333333
7534,REQWG188RQ32S78,PRCY6CL3TR4,2025-06,4.958333333333333,5-7 days,2.0,Underwriting questions review needed,0.7083333333333334
7539,REQFESPV1RHT86C,PRCKSD86GXO,2025-12,,,1.0,System issue retry later,30.083333333333332
7540,REQAMO668NMCIT7,PRCQVW9OJ8I,2025-01,,,2.0,Underwriting questions review needed,2.9583333333333335
7540,REQAMO668NMCIT7,PRCQVW9OJ8I,2025-01,,,2.0,Underwriting questions review needed,2.625
7543,REQCANSZL7B84QO,PRCYQI00CI4,2025-08,,,2.0,System issue retry later,90.54166666666667
7543,REQCANSZL7B84QO,PRCYQI00CI4,2025-08,,,2.0,System issue retry later,31.25
7545,REQKOUPXHXUBX3W,PRC6GCQ5UAF,2025-01,,,1.0,System issue retry later,0.375
7548,REQ2JXAKFS1GFIA,PRCTY3F4TTG,2025-07,5.25,5-7 days,1.0,System issue retry later,29.333333333333332
7552,REQOJDXTDV0R5JW,PRCC2LO5HS6,2025-12,,,1.0,Payment pending confirm receipt,2.375
7555,REQDPX247EIEO85,PRCHSLQJR3D,2025-08,,,1.0,Underwriting questions review needed,2.2916666666666665
7557,REQGLUV4Q8EBKWO,PRC79PN8ZCK,2025-01,,,1.0,System issue retry later,31.166666666666668
7559,REQY1NM0FR7DYMG,PRCBY7H1MMS,2025-06,,,2.0,Underwriting questions review needed,2.125
7559,REQY1NM0FR7DYMG,PRCBY7H1MMS,2025-06,,,2.0,Underwriting questions review needed,0.4583333333333333
7562,REQ1AOC6OIGVOK6,PRCRYULPXEI,2025-11,,,2.0,Customer request waiting response,1.25
7562,REQ1AOC6OIGVOK6,PRCRYULPXEI,2025-11,,,2.0,Customer request waiting response,2.4583333333333335
7565,REQAHVP9RIS30AG,PRC5R1R4L4E,2025-03,,,1.0,Underwriting questions review needed,0.20833333333333334
7567,REQYXKZP89DMC8J,PRCY2GE0P3R,2025-03,2.875,1-4 days,1.0,Missing documents customer to provide,0.3333333333333333
7569,REQGUXK7PH1ECGC,PRCJ9LS3BKF,2025-10,,,1.0,System issue retry later,2.625
7570,REQC4EPVDH0MEVU,PRCK353MNVG,2025-05,,,1.0,Unknown,1.1666666666666667
7571,REQ55JKIN0ID8OS,PRCKNFU6D3N,2025-05,,,1.0,Underwriting questions review needed,2.25
7573,REQ8P1BPIJCKMWY,PRC1S4ZZLVZ,2025-09,,,1.0,Unknown,1.2083333333333333
7574,REQ7GBGJDARXI00,PRCQASFDZIT,2025-09,,,1.0,Payment pending confirm receipt,0.16666666666666666
7575,REQCTPLO5JEP5IM,PRCE2ALEKEZ,2025-07,,,1.0,Missing documents customer to provide,30.583333333333332
7577,REQOOMDVWRXIZZ1,PRCXMJ3U4Q0,2025-01,1.5416666666666667,1-4 days,1.0,Missing documents customer to provide,2.2916666666666665
7578,REQCJHZKJDM0TC5,PRC43JB0M26,2025-06,,,1.0,Payment pending confirm receipt,2.4583333333333335
7582,REQXBTTWM7CBBLO,PRC3WSJNKI3,2025-06,9.541666666666666,7+ days,3.0,System issue retry later,61.791666666666664
7582,REQXBTTWM7CBBLO,PRC3WSJNKI3,2025-06,9.541666666666666,7+ days,3.0,System issue retry later,90.875
7584,REQXU5QUIAMTXK4,PRCELB7TSDI,2025-07,,,1.0,Missing documents customer to provide,0.16666666666666666
7585,REQWP3A9HKT3T2Z,PRC5VATVGMR,2025-07,,,1.0,Unknown,2.0
7591,REQTO058C853P7J,PRCDCBQX24B,2025-02,3.7916666666666665,1-4 days,1.0,Payment pending confirm receipt,2.9166666666666665
7597,REQ05MNYFH9EQDX,PRCMSTD2DWI,2025-11,,,1.0,Underwriting questions review needed,2.8333333333333335
7598,REQB39D6PRM9CIU,PRCDZASKUEM,2025-01,8.833333333333334,7+ days,1.0,Unknown,30.5
7600,REQMN8C0RY1T7LC,PRCB9W4Y5RW,2025-01,,,2.0,System issue retry later,30.916666666666668
7600,REQMN8C0RY1T7LC,PRCB9W4Y5RW,2025-01,,,2.0,System issue retry later,91.29166666666667
7603,REQDL5O4TTEAPQ0,PRCX7HOVR06,2025-01,,,1.0,Customer request waiting response,0.041666666666666664
7605,REQHPP11WJT4GW6,PRCTQEQ3NTR,2025-05,,,1.0,Payment pending confirm receipt,2.125
7606,REQFLF5MGR1FU1N,PRC18PMFX4O,2025-08,,,2.0,Underwriting questions review needed,2.0
7606,REQFLF5MGR1FU1N,PRC18PMFX4O,2025-08,,,2.0,Underwriting questions review needed,1.5
7607,REQJEN09UC4Y4YH,PRCQTY3DRY9,2025-11,2.5833333333333335,1-4 days,1.0,Payment pending confirm receipt,1.8333333333333333
7609,REQ54X7DX50SDTL,PRCMD2C380Q,2025-03,,,1.0,Underwriting questions review needed,0.25
7610,REQ5LLF3AIDHYS5,PRCYVLSL5V8,2025-11,,,1.0,Underwriting questions review needed,0.9166666666666666
7612,REQ829FTKVFNXVX,PRCNC1GQ12D,2025-07,1.4166666666666667,1-4 days,1.0,Customer request waiting response,2.5416666666666665
7615,REQTW2SOBCCAAVQ,PRCTWDZ4FNM,2025-10,,,1.0,Missing documents customer to provide,1.3333333333333333
7616,REQGIMKE1DHTV6L,PRC846XZ75T,2025-12,,,1.0,Underwriting questions review needed,30.625
7617,REQPIXBR19OPVEV,PRC68FIWUUA,2025-06,2.75,1-4 days,1.0,Underwriting questions review needed,1.8333333333333333
7619,REQO6MGAJE3CG8X,PRCMRR1KAZE,2025-05,,,2.0,Payment pending confirm receipt,0.5416666666666666
7619,REQO6MGAJE3CG8X,PRCMRR1KAZE,2025-05,,,2.0,Payment pending confirm receipt,2.4583333333333335
7621,REQBSCIDJEUUW0E,PRCVSYXNKO3,2025-11,,,2.0,Underwriting questions review needed,1.75
7621,REQBSCIDJEUUW0E,PRCVSYXNKO3,2025-11,,,2.0,Underwriting questions review needed,2.0
7622,REQB44EDWLP75JU,PRC1VT4MHUR,2025-11,,,1.0,Unknown,1.0
7633,REQTH27WS3ACUCJ,PRC99GWCDTN,2025-08,,,1.0,Unknown,0.875
7634,REQZM7D8SVJQD61,PRCKOICEF4Q,2025-04,,,2.0,Payment pending confirm receipt,30.5
7634,REQZM7D8SVJQD61,PRCKOICEF4Q,2025-04,,,2.0,Payment pending confirm receipt,29.75
7635,REQB2M8WLG817SB,PRCRIXSA6VT,2025-07,1.0416666666666667,1-4 days,1.0,Unknown,61.208333333333336
7638,REQDKRFLN2Q53PX,PRCLY3TQV39,2025-02,,,1.0,Customer request waiting response,0.125
7645,REQXJQQPAKO5CQ4,PRCMQPC7SFV,2025-02,,,1.0,Customer request waiting response,2.5833333333333335
7646,REQ2TPENOL7Y642,PRCUARRGRLG,2025-04,,,1.0,Payment pending confirm receipt,0.5
7648,REQJEVDUM1J75ZF,PRCEYX4ZIEE,2025-09,,,1.0,Missing documents customer to provide,0.041666666666666664
7651,REQ2FR2SCOVCHLF,PRCL7F0LV5V,2025-03,,,2.0,System issue retry later,0.125
7652,REQ2I2J3QBJV7SV,PRCYQJPJJPO,2025-02,,,2.0,System issue retry later,1.25
7652,REQ2I2J3QBJV7SV,PRCYQJPJJPO,2025-02,,,2.0,System issue retry later,2.6666666666666665
7656,REQ7QW4BUYG4SU5,PRC36RCYV7Z,2025-10,,,3.0,Customer request waiting response,30.583333333333332
7656,REQ7QW4BUYG4SU5,PRC36RCYV7Z,2025-10,,,3.0,Customer request waiting response,60.958333333333336
7657,REQY8IMJ9IJ96HP,PRCZVP9IOIH,2025-09,,,1.0,Customer request waiting response,0.4583333333333333
7659,REQZGQPPRINOJ7N,PRCSLQ7F81Y,2025-09,,,1.0,Payment pending confirm receipt,2.0833333333333335
7661,REQVLLKOVHRFPS7,PRC8F0M4MGM,2025-07,,,1.0,Payment pending confirm receipt,2.2083333333333335
7663,REQUJNCVCUBZ6B2,PRCCV1HUB72,2025-08,,,1.0,Payment pending confirm receipt,2.9583333333333335
7670,REQ8TCO0UTP7TRG,PRC0BR8DSAC,2025-07,,,2.0,Customer request waiting response,0.25
7673,REQ8C6BHWAO547K,PRCWCZGPNR3,2025-12,,,1.0,Missing documents customer to provide,0.9166666666666666
7675,REQIW0JTNBE8U4B,PRCO8PQBC3J,2025-04,5.541666666666667,5-7 days,1.0,Underwriting questions review needed,2.0833333333333335
7680,REQ11E2KV10CVBJ,PRCT6FV0TO9,2025-09,0.08333333333333333,1-4 days,1.0,Payment pending confirm receipt,1.3333333333333333
7682,REQWNIKCCHSPDWI,PRCEAPSCFT0,2025-04,4.875,5-7 days,1.0,Payment pending confirm receipt,2.4166666666666665
7684,REQEHPKK58KGPYU,PRCKTJNDUIQ,2025-01,,,3.0,Unknown,2.6666666666666665
7684,REQEHPKK58KGPYU,PRCKTJNDUIQ,2025-01,,,3.0,Unknown,1.2916666666666667
7684,REQEHPKK58KGPYU,PRCKTJNDUIQ,2025-01,,,3.0,Unknown,2.75
7686,REQV8V7QATDNKPL,PRCGS6R4CZ3,2025-04,,,1.0,Payment pending confirm receipt,61.458333333333336
7687,REQ7V944YKE5P4S,PRC1MR6MJ7Q,2025-07,,,1.0,Payment pending confirm receipt,0.20833333333333334
7688,REQ1UPME2YTZOYQ,PRC49DJDB2R,2025-05,3.0,1-4 days,2.0,Underwriting questions review needed,30.208333333333332
7688,REQ1UPME2YTZOYQ,PRC49DJDB2R,2025-05,3.0,1-4 days,2.0,Underwriting questions review needed,60.625
7689,REQHEQ2RE4PS2B4,PRCV6VF6VLB,2025-10,,,1.0,Customer request waiting response,0.041666666666666664
7693,REQLR8PK3Y6SUSR,PRCCI3FO8YX,2025-06,,,3.0,Missing documents customer to provide,2.4583333333333335
7693,REQLR8PK3Y6SUSR,PRCCI3FO8YX,2025-06,,,3.0,Missing documents customer to provide,1.875
7693,REQLR8PK3Y6SUSR,PRCCI3FO8YX,2025-06,,,3.0,Missing documents customer to provide,1.25
7694,REQHJY5296PGB2F,PRCVPVE6O7W,2025-06,2.4583333333333335,1-4 days,1.0,Missing documents customer to provide,61.333333333333336
7699,REQ7DB5SN34ZQXW,PRCE8Z3N7DB,2025-08,4.041666666666667,5-7 days,3.0,Unknown,0.875
7699,REQ7DB5SN34ZQXW,PRCE8Z3N7DB,2025-08,4.041666666666667,5-7 days,3.0,Unknown,0.125
7699,REQ7DB5SN34ZQXW,PRCE8Z3N7DB,2025-08,4.041666666666667,5-7 days,3.0,Unknown,1.0
7702,REQHY8NO351KM36,PRC7Q1B6FQI,2025-07,,,2.0,Underwriting questions review needed,2.6666666666666665
7702,REQHY8NO351KM36,PRC7Q1B6FQI,2025-07,,,2.0,Underwriting questions review needed,1.9166666666666667
7703,REQ7KQ6DZED0TG9,PRCWBQZMP0U,2025-12,4.916666666666667,5-7 days,1.0,Unknown,29.958333333333332
7706,REQ87K3B7ZWU7SL,PRCLUVM8SNW,2025-11,,,1.0,Payment pending confirm receipt,1.5833333333333333
7709,REQTQ7HJWZ9LMZ2,PRCVMDSUTSK,2025-06,,,1.0,System issue retry later,0.5416666666666666
7713,REQDTRAXECQCWQJ,PRCSVACH9EF,2025-05,,,1.0,Payment pending confirm receipt,0.041666666666666664
7714,REQLC9A25129P1N,PRCWT1JZT1W,2025-04,,,1.0,Customer request waiting response,61.583333333333336
7717,REQ3WM5OJOSKQUG,PRCP1EZDLGO,2025-11,,,2.0,Missing documents customer to provide,1.0
7717,REQ3WM5OJOSKQUG,PRCP1EZDLGO,2025-11,,,2.0,Missing documents customer to provide,1.4583333333333333
7721,REQQMKGZGOEEG58,PRCZAWY6JP3,2025-06,,,1.0,Customer request waiting response,2.125
7725,REQZ2LAPXIP0RLX,PRCJZYBAFFH,2025-12,4.125,5-7 days,1.0,Missing documents customer to provide,0.20833333333333334
7727,REQT68EDHQE307R,PRC1I1GDEYG,2025-05,,,2.0,System issue retry later,2.1666666666666665
7733,REQN7F6CM23YC79,PRCKSD4T4SN,2025-05,,,2.0,Customer request waiting response,58.708333333333336
7736,REQMMAO8YLDVH3F,PRCV5CCUIPW,2025-07,,,2.0,System issue retry later,0.75
7736,REQMMAO8YLDVH3F,PRCV5CCUIPW,2025-07,,,2.0,System issue retry later,2.4583333333333335
7737,REQU9Y19BML5XZ0,PRCGP0HL46R,2025-06,,,2.0,System issue retry later,60.458333333333336
7737,REQU9Y19BML5XZ0,PRCGP0HL46R,2025-06,,,2.0,System issue retry later,61.583333333333336
7740,REQCQ24QVSXGN01,PRCAB2E6C0Y,2025-11,,,1.0,Underwriting questions review needed,59.416666666666664
7743,REQEUG7F8ZAE495,PRCMJTBJ8W7,2025-01,,,1.0,System issue retry later,0.375
7754,REQZQO2SSQJ4YKO,PRC5BSIGHKJ,2025-04,,,1.0,Missing documents customer to provide,60.541666666666664
7755,REQ7X4IS1H1F19H,PRCTF532ERA,2025-01,,,2.0,Underwriting questions review needed,2.8333333333333335
7755,REQ7X4IS1H1F19H,PRCTF532ERA,2025-01,,,2.0,Underwriting questions review needed,0.16666666666666666
7758,REQ2WW236OEJO9K,PRCLS2A9NXC,2025-05,,,2.0,Payment pending confirm receipt,1.8333333333333333
7758,REQ2WW236OEJO9K,PRCLS2A9NXC,2025-05,,,2.0,Payment pending confirm receipt,1.1666666666666667
7761,REQD57KCB84HNJB,PRCI3XZYS1Q,2025-01,,,1.0,Underwriting questions review needed,61.75
7763,REQLUTPLBTUYBZS,PRCZ8ET0RDA,2025-03,,,2.0,System issue retry later,1.25
7763,REQLUTPLBTUYBZS,PRCZ8ET0RDA,2025-03,,,2.0,System issue retry later,1.4166666666666667
7764,REQQQ0QUGJORGDK,PRCN6FPYA8U,2025-08,,,1.0,System issue retry later,58.875
7765,REQ4TE8ETTLOHLU,PRCGRW1MBHH,2025-08,,,1.0,System issue retry later,1.0416666666666667
7767,REQODW58R9O8XUU,PRC2YPJG5JG,2025-01,,,3.0,Unknown,1.0416666666666667
7767,REQODW58R9O8XUU,PRC2YPJG5JG,2025-01,,,3.0,Unknown,0.7916666666666666
7767,REQODW58R9O8XUU,PRC2YPJG5JG,2025-01,,,3.0,Unknown,0.5416666666666666
7770,REQPNZ9STQSC7XL,PRCBPCT8R6V,2025-09,,,1.0,Underwriting questions review needed,0.9166666666666666
7772,REQ131TJQ8EWJY6,PRCFO48F9AE,2025-10,,,1.0,Customer request waiting response,29.958333333333332
7774,REQSN4NX25JIZWG,PRC91J4OEYB,2025-05,,,1.0,Unknown,1.5416666666666667
7777,REQ854G5LB6VWYE,PRCQ6U3J5TD,2025-09,,,1.0,System issue retry later,1.0833333333333333
7780,REQ9W9ZXBXLX9A8,PRCIO8WRXHX,2025-06,,,1.0,Underwriting questions review needed,2.5
7782,REQWAOHAFE162QK,PRCQQDR1PTH,2025-09,5.333333333333333,5-7 days,1.0,Payment pending confirm receipt,2.25
7785,REQIKW7RFZRCHTI,PRC91AE23MF,2025-09,,,2.0,Missing documents customer to provide,1.25
7785,REQIKW7RFZRCHTI,PRC91AE23MF,2025-09,,,2.0,Missing documents customer to provide,2.125
7786,REQ1GRLSCLA0LH1,PRC5ER6XN2B,2025-04,,,1.0,Missing documents customer to provide,92.0
7788,REQTDRUSPOTOHLK,PRCMYGABOQG,2025-01,,,1.0,Unknown,0.5416666666666666
7789,REQC4LLN96GWUHH,PRC6KJ9J4CO,2025-01,,,1.0,System issue retry later,2.4583333333333335
7790,REQNNSN5DCGJ94G,PRCE59OHR1Y,2025-01,9.25,7+ days,2.0,Underwriting questions review needed,2.25
7790,REQNNSN5DCGJ94G,PRCE59OHR1Y,2025-01,9.25,7+ days,2.0,Underwriting questions review needed,2.1666666666666665
7792,REQ8B77YSCW201P,PRCYJN0NJOO,2025-03,,,1.0,Unknown,0.375
7793,REQIV6RDUL74H60,PRC2ESM5Y8M,2025-06,3.4166666666666665,1-4 days,1.0,Underwriting questions review needed,0.7083333333333334
7796,REQIGMOJEG8C65Z,PRCFOU6MUGB,2025-06,,,1.0,Missing documents customer to provide,91.41666666666667
7798,REQ0R4M5O6J89GB,PRCKQW1RI8G,2025-05,,,1.0,Unknown,91.16666666666667
7799,REQ6EQEWAW6O7YD,PRCEDAUOLFL,2025-07,,,1.0,Missing documents customer to provide,1.9583333333333333
7800,REQT686TO9CN30O,PRCHYUXVLW1,2025-08,,,1.0,System issue retry later,1.2083333333333333
7801,REQNWIU1QLLO0AK,PRCCTWOT2D7,2025-04,,,1.0,Payment pending confirm receipt,0.625
7802,REQDEG3EO8VEBKC,PRC35D4LX0C,2025-07,,,1.0,Missing documents customer to provide,0.8333333333333334
7805,REQURCUS9I6NFJ5,PRCE4GP0OSO,2025-11,2.25,1-4 days,1.0,Missing documents customer to provide,0.3333333333333333
7806,REQLZ43QBD5HKJ4,PRCOS2BG1WI,2025-07,,,2.0,Payment pending confirm receipt,91.95833333333333
7806,REQLZ43QBD5HKJ4,PRCOS2BG1WI,2025-07,,,2.0,Payment pending confirm receipt,91.625
7807,REQU1NEMC5A05FD,PRC2MASNWV8,2025-08,,,1.0,Unknown,2.125
7809,REQPDU8XIUU2XU7,PRCSJ1DKCRS,2025-08,,,1.0,Missing documents customer to provide,0.2916666666666667
7811,REQZEJKVDTRW7RJ,PRCGC7PXWPE,2025-01,,,1.0,Payment pending confirm receipt,1.1666666666666667
7813,REQBK81KLANQTTH,PRC5H7CN6US,2025-11,,,2.0,Missing documents customer to provide,2.625
7813,REQBK81KLANQTTH,PRC5H7CN6US,2025-11,,,2.0,Missing documents customer to provide,1.875
7814,REQV9WHHFXCL5KO,PRCZE09SQ3G,2025-07,,,1.0,Missing documents customer to provide,0.2916666666666667
7818,REQUI57EVQDIQ66,PRCN5E3H7JP,2025-02,,,1.0,Payment pending confirm receipt,0.7916666666666666
7821,REQE7L80V5JP6SL,PRCUYJI670S,2025-04,4.041666666666667,5-7 days,2.0,Underwriting questions review needed,1.625
7821,REQE7L80V5JP6SL,PRCUYJI670S,2025-04,4.041666666666667,5-7 days,2.0,Underwriting questions review needed,0.4583333333333333
7822,REQOQJMXES279XF,PRCQ2DTGVER,2025-10,,,1.0,Underwriting questions review needed,2.8333333333333335
7823,REQHRPOAAN0WNHP,PRC79QI1QLH,2025-01,,,1.0,Missing documents customer to provide,31.041666666666668
7827,REQU9JF4DT7DV0I,PRCHXZ53DD6,2025-12,,,1.0,System issue retry later,61.5
7828,REQ56WIMLLDTVN0,PRCZKR7O7FP,2025-09,,,1.0,Payment pending confirm receipt,90.79166666666667
7831,REQZ2LP6HB2VCCI,PRCBBLWTN52,2025-09,,,1.0,System issue retry later,61.0
7836,REQ1K34K2A5KNA3,PRCPTH9AXDY,2025-03,,,2.0,Underwriting questions review needed,30.25
7837,REQGDLYJFIPDZRV,PRCUAXKE6HA,2025-03,,,3.0,Payment pending confirm receipt,1.6666666666666667
7837,REQGDLYJFIPDZRV,PRCUAXKE6HA,2025-03,,,3.0,Payment pending confirm receipt,2.8333333333333335
7837,REQGDLYJFIPDZRV,PRCUAXKE6HA,2025-03,,,3.0,Payment pending confirm receipt,0.8333333333333334
7838,REQ1DIPAHXXUMGQ,PRCZ3Q4C987,2025-12,,,1.0,Payment pending confirm receipt,0.75
7839,REQ6JPAW9EJZJC0,PRCSGG8YSBR,2025-11,,,1.0,Missing documents customer to provide,1.4166666666666667
7841,REQGATF8DME5GSG,PRCT50UF15B,2025-08,,,2.0,Underwriting questions review needed,0.20833333333333334
7841,REQGATF8DME5GSG,PRCT50UF15B,2025-08,,,2.0,Underwriting questions review needed,0.7916666666666666
7843,REQYA1ZRJFEG69C,PRCRBJUEHSY,2025-07,7.958333333333333,7+ days,1.0,System issue retry later,2.25
7846,REQT147W5FHHEAW,PRC1FBT6ZKL,2025-05,4.541666666666667,5-7 days,1.0,System issue retry later,29.5
7849,REQFK43X3H2H4CZ,PRCJ285PSRX,2025-04,,,1.0,Unknown,61.083333333333336
7850,REQ528I3XHV48ML,PRCJJXJ3CZU,2025-11,4.583333333333333,5-7 days,1.0,Underwriting questions review needed,29.458333333333332
7851,REQY6JKISCPUFTJ,PRCK9XAS85W,2025-03,5.416666666666667,5-7 days,1.0,Customer request waiting response,1.7916666666666667
7852,REQ663O7404PGDT,PRCKBGFI5XO,2025-01,,,1.0,Payment pending confirm receipt,2.5
7853,REQ67YVJKSKZ2P3,PRCFVEJWMVF,2025-12,,,2.0,System issue retry later,2.0416666666666665
7853,REQ67YVJKSKZ2P3,PRCFVEJWMVF,2025-12,,,2.0,System issue retry later,1.5416666666666667
7854,REQEHCPF6RBMLRW,PRCXJVEBDQP,2025-04,,,2.0,System issue retry later,1.2916666666666667
7854,REQEHCPF6RBMLRW,PRCXJVEBDQP,2025-04,,,2.0,System issue retry later,0.4583333333333333
7856,REQBG4S1XUNBPX5,PRCKKRTAWF8,2025-08,,,1.0,System issue retry later,1.8333333333333333
7859,REQVQ4XNTSHSVO7,PRCP1LNFNAH,2025-02,,,1.0,Missing documents customer to provide,2.4583333333333335
7860,REQ1TJ2UIBMNXNG,PRCPKX6B58M,2025-07,,,1.0,Underwriting questions review needed,30.375
7864,REQYTG3OCVWSDNR,PRCVPHIN9UD,2025-11,,,3.0,Payment pending confirm receipt,1.75
7864,REQYTG3OCVWSDNR,PRCVPHIN9UD,2025-11,,,3.0,Payment pending confirm receipt,1.9166666666666667
7864,REQYTG3OCVWSDNR,PRCVPHIN9UD,2025-11,,,3.0,Payment pending confirm receipt,2.0416666666666665
7865,REQ5G67HZJCUWUS,PRCEWRYJ7FA,2025-05,3.3333333333333335,1-4 days,3.0,Missing documents customer to provide,0.25
7865,REQ5G67HZJCUWUS,PRCEWRYJ7FA,2025-05,3.3333333333333335,1-4 days,3.0,Missing documents customer to provide,0.5
7865,REQ5G67HZJCUWUS,PRCEWRYJ7FA,2025-05,3.3333333333333335,1-4 days,3.0,Missing documents customer to provide,0.25
7867,REQ6ENNY1YRC919,PRC74CEMV6L,2025-07,,,1.0,System issue retry later,0.9583333333333334
7868,REQGVRZ9DUSQIB5,PRC5BPZPFQQ,2025-12,,,1.0,Customer request waiting response,61.25
7870,REQUTW93QAFP267,PRCOBX1RAAD,2025-08,3.125,1-4 days,1.0,Customer request waiting response,0.625
7873,REQYAD4JVTKOYK4,PRCGSZ868V0,2025-12,,,1.0,Unknown,1.0416666666666667
7874,REQFLPKHGF1N5D1,PRC3VTKHW6W,2025-07,,,2.0,Missing documents customer to provide,1.2916666666666667
7874,REQFLPKHGF1N5D1,PRC3VTKHW6W,2025-07,,,2.0,Missing documents customer to provide,0.20833333333333334
7878,REQGIXQ2CF9BB4N,PRCT8ITHRJJ,2025-03,5.083333333333333,5-7 days,1.0,System issue retry later,30.166666666666668
7879,REQLHHHNZFEGA0J,PRC5DUKAWGE,2025-05,,,1.0,Customer request waiting response,1.5416666666666667
7880,REQ1SCENLJT4B44,PRCA8RCYWBS,2025-09,,,1.0,Payment pending confirm receipt,0.5416666666666666
7885,REQPUOMED387YNE,PRCDZT243JO,2025-05,,,2.0,Customer request waiting response,2.75
7885,REQPUOMED387YNE,PRCDZT243JO,2025-05,,,2.0,Customer request waiting response,1.625
7886,REQFRVPKBE327QA,PRCX6FMFZYB,2025-07,,,2.0,Unknown,61.041666666666664
7886,REQFRVPKBE327QA,PRCX6FMFZYB,2025-07,,,2.0,Unknown,31.041666666666668
7895,REQNGGKMUVSAA7P,PRCC3KFFRAJ,2025-07,,,1.0,System issue retry later,0.16666666666666666
7898,REQ8X9EWE8QLPNW,PRCVNUJQGHV,2025-02,,,1.0,Customer request waiting response,2.625
7900,REQGZXH6II4LV2F,PRCLAFU9ZT5,2025-11,,,1.0,System issue retry later,1.7916666666666667
7903,REQU5U50ZU1EGSE,PRCXI79JIXS,2025-09,,,1.0,System issue retry later,0.4166666666666667
7905,REQS6CPF2AWR5YZ,PRCVD6J2ASV,2025-05,1.25,1-4 days,1.0,Customer request waiting response,31.25
7906,REQ3BJUU5P84SSZ,PRCBFHNFRWQ,2025-03,,,3.0,Customer request waiting response,58.333333333333336
7906,REQ3BJUU5P84SSZ,PRCBFHNFRWQ,2025-03,,,3.0,Customer request waiting response,0.4166666666666667
7906,REQ3BJUU5P84SSZ,PRCBFHNFRWQ,2025-03,,,3.0,Customer request waiting response,61.333333333333336
7907,REQIGBEMPS2I4LV,PRC77KJXX8V,2025-08,,,1.0,Customer request waiting response,0.125
7908,REQ7CQJLS945A14,PRCDMRTYCVI,2025-04,,,1.0,Missing documents customer to provide,62.291666666666664
7909,REQBYQ5TE3YHE9I,PRC1TNUAHFV,2025-03,,,1.0,Payment pending confirm receipt,89.95833333333333
7912,REQWCOA2YI3TS7E,PRCZKL6K3ZC,2025-05,10.458333333333334,7+ days,1.0,Payment pending confirm receipt,0.08333333333333333
7913,REQ6K50MQK7KSVB,PRC8HW7RRBK,2025-11,2.1666666666666665,1-4 days,1.0,Payment pending confirm receipt,1.125
7914,REQ8J65K9OAIZTU,PRCLQDOD8KF,2025-02,,,2.0,Missing documents customer to provide,0.5
7915,REQNORIP8FJKBKD,PRCLXAMXWJ2,2025-10,,,1.0,Customer request waiting response,60.666666666666664
7916,REQGEOKNFSY0SUC,PRC8W6U2A8W,2025-12,,,1.0,Payment pending confirm receipt,61.208333333333336
7923,REQ5RLSM3IBAMB4,PRCYHY8V3JV,2025-07,,,3.0,Missing documents customer to provide,2.7916666666666665
7923,REQ5RLSM3IBAMB4,PRCYHY8V3JV,2025-07,,,3.0,Missing documents customer to provide,2.7083333333333335
7926,REQ2X5CSXQ9VR3O,PRCL4KHVWSW,2025-09,,,1.0,System issue retry later,1.2083333333333333
7927,REQ399IW6D1ZHSA,PRCSBQ6JJHJ,2025-03,,,1.0,Payment pending confirm receipt,1.5416666666666667
7928,REQL58QCFJZ667T,PRCAC4HJM3J,2025-02,,,1.0,Missing documents customer to provide,1.6666666666666667
7935,REQ4GOQDIO2BBIL,PRCTIZ2TP7I,2025-10,,,1.0,Unknown,1.1666666666666667
7936,REQT5X0U6R54EAK,PRCJBQ7NBLM,2025-05,,,1.0,Underwriting questions review needed,2.5416666666666665
7938,REQG469JYG3QHAC,PRC3VG15YOS,2025-02,,,1.0,System issue retry later,0.4583333333333333
7939,REQKI56LQLN6TM9,PRCV596BNPK,2025-12,6.125,5-7 days,2.0,Payment pending confirm receipt,2.8333333333333335
7939,REQKI56LQLN6TM9,PRCV596BNPK,2025-12,6.125,5-7 days,2.0,Payment pending confirm receipt,1.5833333333333333
7943,REQ98EKHV8F5A2S,PRC2IDTAV7E,2025-10,,,1.0,Customer request waiting response,2.9583333333333335
7945,REQ0WR5JDXX7EJ2,PRCVG91T0P8,2025-11,,,1.0,Customer request waiting response,1.0416666666666667
7949,REQ0MBATKP4L7FZ,PRCMQNE2ZLP,2025-11,,,1.0,System issue retry later,92.0
7955,REQ91B16N2TJAJ9,PRC8P6M9P20,2025-06,,,1.0,System issue retry later,0.625
7956,REQMASWQ9M1N40C,PRCFULIXMFR,2025-03,,,2.0,Unknown,0.3333333333333333
7961,REQM9UM78WSAXK7,PRCT507L9YM,2025-03,1.0833333333333333,1-4 days,1.0,Missing documents customer to provide,0.4583333333333333
7966,REQQ0FTV09KPLIK,PRCYAWEJKYL,2025-09,,,3.0,Customer request waiting response,1.875
7966,REQQ0FTV09KPLIK,PRCYAWEJKYL,2025-09,,,3.0,Customer request waiting response,1.4166666666666667
7966,REQQ0FTV09KPLIK,PRCYAWEJKYL,2025-09,,,3.0,Customer request waiting response,2.5
7967,REQP5IHHGEHZE3D,PRCB7GTWHSU,2025-11,,,2.0,System issue retry later,2.2916666666666665
7967,REQP5IHHGEHZE3D,PRCB7GTWHSU,2025-11,,,2.0,System issue retry later,2.25
7968,REQUUQ2T0COECXQ,PRC23XZXGDM,2025-06,,,1.0,System issue retry later,0.125
7970,REQEN6U81EKJ1UW,PRC76N69WL1,2025-08,3.5,1-4 days,1.0,Payment pending confirm receipt,60.625
7971,REQF3JEWAD69ZSY,PRCWB0MVPRJ,2025-04,,,1.0,Customer request waiting response,29.666666666666668
7974,REQ9B9UGV43ZOJO,PRCI6WN6CKQ,2025-06,,,1.0,Customer request waiting response,1.8333333333333333
7978,REQPKA6RQJN59DD,PRCB0FSXTDK,2025-11,3.0416666666666665,1-4 days,1.0,System issue retry later,1.9166666666666667
7979,REQRANBQKP341SL,PRCQBOQVY78,2025-02,,,2.0,Payment pending confirm receipt,2.1666666666666665
7979,REQRANBQKP341SL,PRCQBOQVY78,2025-02,,,2.0,Payment pending confirm receipt,1.625
7981,REQ6H0UF9TGSAKW,PRCMR3B0H58,2025-10,,,1.0,Missing documents customer to provide,0.5833333333333334
7982,REQOIW5FVGO7WUQ,PRCO43GVWDX,2025-07,,,1.0,Missing documents customer to provide,0.25
7983,REQIUVZLOC4RKLH,PRCONHYJWBZ,2025-07,2.2083333333333335,1-4 days,1.0,Missing documents customer to provide,2.625
7984,REQOW5PUUU80EY8,PRCDCU4VZU8,2025-06,,,3.0,Payment pending confirm receipt,0.4583333333333333
7984,REQOW5PUUU80EY8,PRCDCU4VZU8,2025-06,,,3.0,Payment pending confirm receipt,0.5833333333333334
7984,REQOW5PUUU80EY8,PRCDCU4VZU8,2025-06,,,3.0,Payment pending confirm receipt,1.0833333333333333
7991,REQ7882AQZ8UT8I,PRCGD5HKPVY,2025-09,4.958333333333333,5-7 days,1.0,Missing documents customer to provide,1.7083333333333333
7996,REQKS3JF33U0TAN,PRCZEBSF0UA,2025-04,,,1.0,System issue retry later,1.125
7997,REQ25USPUSVA1T3,PRCBGAOB8IO,2025-06,,,1.0,Customer request waiting response,1.3333333333333333
7998,REQQTATVHQHWT0O,PRCVQWQATMM,2025-08,,,2.0,Unknown,2.375
7998,REQQTATVHQHWT0O,PRCVQWQATMM,2025-08,,,2.0,Unknown,0.2916666666666667
7999,REQHB2GJ9V3W3GJ,PRC3UZ3OCKU,2025-11,,,1.0,Payment pending confirm receipt,0.375
8003,REQYPCBS5IFP2LZ,PRCJ2OMVPY9,2025-01,3.625,1-4 days,2.0,Payment pending confirm receipt,0.3333333333333333
8009,REQ98NLMHF9Q8NJ,PRCJ7A8P9UV,2025-09,1.625,1-4 days,2.0,System issue retry later,0.7916666666666666
8009,REQ98NLMHF9Q8NJ,PRCJ7A8P9UV,2025-09,1.625,1-4 days,2.0,System issue retry later,1.125
8010,REQ72XS18W5CB99,PRCLP92BRWZ,2025-04,,,2.0,Customer request waiting response,2.5833333333333335
8017,REQ8O94CGRMT1HL,PRCA2YSFRN3,2025-12,,,1.0,Unknown,1.0416666666666667
8019,REQHCZCGEW4WNFW,PRCEAG775CT,2025-07,,,1.0,System issue retry later,92.0
8020,REQKOZS49NIXJ59,PRCF7ZRZAXR,2025-04,7.666666666666667,7+ days,1.0,System issue retry later,2.2083333333333335
8022,REQD41RQH5SGUCO,PRCMNS47OU4,2025-04,,,1.0,Customer request waiting response,0.9166666666666666
8023,REQIRNW4LNT6B65,PRC8UOGAL8Y,2025-08,5.708333333333333,5-7 days,3.0,Underwriting questions review needed,1.7083333333333333
8023,REQIRNW4LNT6B65,PRC8UOGAL8Y,2025-08,5.708333333333333,5-7 days,3.0,Underwriting questions review needed,0.7916666666666666
8023,REQIRNW4LNT6B65,PRC8UOGAL8Y,2025-08,5.708333333333333,5-7 days,3.0,Underwriting questions review needed,59.333333333333336
8024,REQU4YW44GSA177,PRCI61HMCQU,2025-05,,,1.0,Unknown,0.125
8026,REQFX3F95BV9ZRQ,PRC2D7NRQXT,2025-08,,,3.0,Underwriting questions review needed,1.0833333333333333
8026,REQFX3F95BV9ZRQ,PRC2D7NRQXT,2025-08,,,3.0,Underwriting questions review needed,59.375
8027,REQS66FAGJC4NPV,PRCEL6YMZHN,2025-03,,,1.0,Unknown,0.4166666666666667
8028,REQ5LTG13T1M032,PRCDZLAHV0M,2025-06,,,1.0,System issue retry later,91.875
8030,REQMY91146BN3FS,PRCA1J04ER5,2025-06,1.4583333333333333,1-4 days,1.0,Payment pending confirm receipt,1.625
8031,REQ5BW0MLDQUAUR,PRC8HKRO6QZ,2025-02,,,3.0,Missing documents customer to provide,0.9583333333333334
8031,REQ5BW0MLDQUAUR,PRC8HKRO6QZ,2025-02,,,3.0,Missing documents customer to provide,2.875
8031,REQ5BW0MLDQUAUR,PRC8HKRO6QZ,2025-02,,,3.0,Missing documents customer to provide,1.4583333333333333
8032,REQ1KXYK1A9KM6D,PRCZEYTO4XF,2025-11,,,1.0,System issue retry later,61.708333333333336
8037,REQOAAOUQS5LRE5,PRCO4ADUC47,2025-04,,,1.0,Payment pending confirm receipt,2.0833333333333335
8039,REQEFQ6PFDRJP1M,PRCVOX3WSNP,2025-04,,,3.0,Unknown,31.291666666666668
8039,REQEFQ6PFDRJP1M,PRCVOX3WSNP,2025-04,,,3.0,Unknown,30.541666666666668
8039,REQEFQ6PFDRJP1M,PRCVOX3WSNP,2025-04,,,3.0,Unknown,30.166666666666668
8044,REQ53YDM8JSPGF8,PRC5HNGVDX8,2025-06,,,3.0,System issue retry later,0.9583333333333334
8044,REQ53YDM8JSPGF8,PRC5HNGVDX8,2025-06,,,3.0,System issue retry later,2.4166666666666665
8044,REQ53YDM8JSPGF8,PRC5HNGVDX8,2025-06,,,3.0,System issue retry later,1.0416666666666667
8047,REQEGQ11Q9XJB4Q,PRCP0J6LJKN,2025-10,6.583333333333333,5-7 days,1.0,Customer request waiting response,0.875
8049,REQFRU1AMKXYCIF,PRC4IF7SXMG,2025-06,4.333333333333333,5-7 days,1.0,Unknown,1.5416666666666667
8050,REQH7LKS7KSXLNF,PRCBE8WHRXQ,2025-01,1.9583333333333333,1-4 days,1.0,Customer request waiting response,0.9583333333333334
8054,REQ0Q5XEP7GSA8X,PRC1RSE1XMN,2025-10,,,1.0,Customer request waiting response,1.5416666666666667
8060,REQY557RRTXTVGU,PRCTHR7MT5Q,2025-05,,,1.0,Payment pending confirm receipt,0.3333333333333333
8063,REQ36RE7TJJMGGN,PRCY6F8WUWX,2025-12,,,3.0,System issue retry later,0.2916666666666667
8063,REQ36RE7TJJMGGN,PRCY6F8WUWX,2025-12,,,3.0,System issue retry later,0.2916666666666667
8063,REQ36RE7TJJMGGN,PRCY6F8WUWX,2025-12,,,3.0,System issue retry later,2.2083333333333335
8064,REQSM7MOG5O0OCR,PRCU9HXDB4B,2025-11,3.375,1-4 days,1.0,Underwriting questions review needed,0.041666666666666664
8066,REQD70YT14MSOZP,PRCWIB14Y37,2025-06,,,1.0,Underwriting questions review needed,2.7083333333333335
8067,REQH97YPDB7QBFP,PRCZWM86YVU,2025-12,4.291666666666667,5-7 days,1.0,Missing documents customer to provide,1.0833333333333333
8068,REQCW8BKWURCPJO,PRC6CGKWOLI,2025-03,,,1.0,Payment pending confirm receipt,61.041666666666664
8069,REQBBQKM19B30WT,PRC6T3Z3L1T,2025-09,2.0,1-4 days,1.0,System issue retry later,1.125
8073,REQ99NLXZ9ECFOY,PRCK1SFWKB9,2025-01,,,3.0,Payment pending confirm receipt,91.0
8073,REQ99NLXZ9ECFOY,PRCK1SFWKB9,2025-01,,,3.0,Payment pending confirm receipt,91.79166666666667
8076,REQP4CIAWSIE2QP,PRCKN04RDG7,2025-09,4.083333333333333,5-7 days,3.0,Unknown,91.75
8076,REQP4CIAWSIE2QP,PRCKN04RDG7,2025-09,4.083333333333333,5-7 days,3.0,Unknown,60.625
8077,REQ23OITKRGAY7B,PRC1UVRPYWD,2025-05,,,1.0,System issue retry later,29.291666666666668
8078,REQ09EUNHACMH13,PRCEYTJBBYX,2025-10,,,2.0,Missing documents customer to provide,1.0833333333333333
8078,REQ09EUNHACMH13,PRCEYTJBBYX,2025-10,,,2.0,Missing documents customer to provide,1.9583333333333333
8079,REQAUYFCV29IJX0,PRCJR2E893N,2025-03,,,1.0,Payment pending confirm receipt,2.625
8082,REQYR25JB5J1WV3,PRCWMUJE8I1,2025-08,,,1.0,System issue retry later,0.625
8084,REQC2BU0U85MAGB,PRCO8MPHDKR,2025-04,,,1.0,Underwriting questions review needed,58.625
8085,REQFWVD2P8OUJ79,PRCA41ELZ7K,2025-02,,,1.0,System issue retry later,1.5833333333333333
8087,REQYSX187WGD25G,PRCXNPJHO14,2025-06,,,2.0,System issue retry later,0.9583333333333334
8087,REQYSX187WGD25G,PRCXNPJHO14,2025-06,,,2.0,System issue retry later,0.75
8094,REQQWOANANT5STC,PRC4RGKBJT8,2025-08,1.2083333333333333,1-4 days,1.0,Missing documents customer to provide,61.541666666666664
8101,REQ3ELFTEONG7KF,PRCV7CDTK0V,2025-10,3.5,1-4 days,1.0,Missing documents customer to provide,0.4583333333333333
8103,REQKM30VAT8A85W,PRCHMW1YIWI,2025-02,,,1.0,Underwriting questions review needed,1.2083333333333333
8107,REQPBDGEP4E8QWE,PRC6QAPOVEB,2025-12,,,1.0,Customer request waiting response,30.083333333333332
8109,REQ5VLCUD5W5B17,PRCOER59OE1,2025-10,6.208333333333333,5-7 days,2.0,Underwriting questions review needed,0.16666666666666666
8109,REQ5VLCUD5W5B17,PRCOER59OE1,2025-10,6.208333333333333,5-7 days,2.0,Underwriting questions review needed,0.875
8110,REQIU3XDT1OWUAS,PRCC431MYTH,2025-10,,,2.0,Underwriting questions review needed,30.166666666666668
8110,REQIU3XDT1OWUAS,PRCC431MYTH,2025-10,,,2.0,Underwriting questions review needed,30.0
8112,REQCXAAJL38S5AP,PRCUXBJANTA,2025-03,2.0,1-4 days,2.0,Missing documents customer to provide,2.5833333333333335
8112,REQCXAAJL38S5AP,PRCUXBJANTA,2025-03,2.0,1-4 days,2.0,Missing documents customer to provide,0.8333333333333334
8113,REQ4NDBIK4CR2LZ,PRC5H1FEKOF,2025-07,,,1.0,Underwriting questions review needed,1.7083333333333333
8120,REQL83TSJ3LKL4N,PRCO486WOL6,2025-07,,,1.0,Payment pending confirm receipt,2.2083333333333335
8125,REQJ6R7A3IBKHLC,PRCP4UQS4DJ,2025-10,,,1.0,Unknown,1.2083333333333333
8126,REQAKS2BFX0HTFA,PRCB7G28UZ3,2025-07,5.083333333333333,5-7 days,3.0,System issue retry later,1.5
8126,REQAKS2BFX0HTFA,PRCB7G28UZ3,2025-07,5.083333333333333,5-7 days,3.0,System issue retry later,58.958333333333336
8128,REQHPKTRGN74HXE,PRCAWO3H3FG,2025-10,3.625,1-4 days,1.0,Unknown,60.75
8131,REQFTW239EZP5HB,PRCZ7CFCRCC,2025-07,4.666666666666667,5-7 days,2.0,Customer request waiting response,30.291666666666668
8131,REQFTW239EZP5HB,PRCZ7CFCRCC,2025-07,4.666666666666667,5-7 days,2.0,Customer request waiting response,61.333333333333336
8138,REQBETDEDI2VJHM,PRCV01ORRQS,2025-02,,,2.0,Missing documents customer to provide,91.875
8138,REQBETDEDI2VJHM,PRCV01ORRQS,2025-02,,,2.0,Missing documents customer to provide,0.25
8139,REQAHWEPFDEMBVN,PRCKLP6W0CA,2025-02,,,1.0,System issue retry later,31.041666666666668
8143,REQL1BW0N5KARHU,PRCFUC95BK2,2025-03,,,1.0,Customer request waiting response,29.5
8150,REQPMC123R58RWH,PRCLYT48ZLV,2025-04,,,1.0,System issue retry later,60.541666666666664
8151,REQL13NOT0PF3EL,PRCG1F356PA,2025-03,,,1.0,Payment pending confirm receipt,2.6666666666666665
8152,REQUNYU866PAIJ1,PRCYMFWBD9U,2025-05,,,1.0,Missing documents customer to provide,30.0
8153,REQ4UPSLICLRM94,PRCNLQ7I728,2025-09,,,2.0,System issue retry later,2.0416666666666665
8153,REQ4UPSLICLRM94,PRCNLQ7I728,2025-09,,,2.0,System issue retry later,0.5833333333333334
8156,REQPIQO267FGHHR,PRC5P4BCNTR,2025-09,,,1.0,Payment pending confirm receipt,91.0
8163,REQV6K1LF8OU9MS,PRC79PA1V79,2025-11,,,1.0,Customer request waiting response,0.25
8164,REQOLR26F9JVMUP,PRC4B62KFV5,2025-07,,,1.0,System issue retry later,0.375
8166,REQEHI7KKGL3RFQ,PRCPEHAINQE,2025-06,,,1.0,Underwriting questions review needed,59.083333333333336
8167,REQ91ZB3GOT120Q,PRCKSVAVKPQ,2025-06,,,2.0,System issue retry later,0.4583333333333333
8171,REQVSQQ3O52ND65,PRCYZMNG9T3,2025-02,3.9166666666666665,1-4 days,1.0,Missing documents customer to provide,1.625
8172,REQYS93ABLTT8NF,PRCD2ZW2CEX,2025-02,,,1.0,Payment pending confirm receipt,60.875
8173,REQT758DXDTQX6R,PRCWO4J5X3J,2025-10,,,1.0,Customer request waiting response,1.7083333333333333
8176,REQEC0RIBFZVIUZ,PRCZME6QFEF,2025-06,,,1.0,Underwriting questions review needed,0.375
8178,REQXJ6GBR1X6GBP,PRC5OP8C6EV,2025-06,,,1.0,Customer request waiting response,1.7083333333333333
8179,REQEUW76QW4GTX4,PRC6FK6CYWR,2025-03,,,1.0,Unknown,91.875
8180,REQIYFNOGU29YVV,PRCAOOPZAGW,2025-03,7.416666666666667,7+ days,1.0,Customer request waiting response,0.875
8183,REQROMLQLEF9WKT,PRC3DB0TRKU,2025-06,,,1.0,Underwriting questions review needed,30.5
8184,REQ26KAAAVHIKAD,PRC0TXYIUY5,2025-04,,,2.0,Missing documents customer to provide,0.5833333333333334
8184,REQ26KAAAVHIKAD,PRC0TXYIUY5,2025-04,,,2.0,Missing documents customer to provide,2.2083333333333335
8185,REQ2TUXA0AQV4A7,PRCR18GG78V,2025-07,,,1.0,Payment pending confirm receipt,60.541666666666664
8187,REQ3CUZR34FZIV6,PRCXPL92YZX,2025-03,,,1.0,Payment pending confirm receipt,2.5833333333333335
8188,REQJKPLV4ZOXK6D,PRCH50M3CN3,2025-03,,,2.0,Payment pending confirm receipt,90.75
8188,REQJKPLV4ZOXK6D,PRCH50M3CN3,2025-03,,,2.0,Payment pending confirm receipt,91.95833333333333
8190,REQ1TDB1Y8KDWZ2,PRCUG9F6NM9,2025-03,,,1.0,Payment pending confirm receipt,2.875
8191,REQ27I3SUFQ1527,PRCXEGZUBBQ,2025-04,,,1.0,Customer request waiting response,1.5833333333333333
8193,REQQQX7ZG65HHJQ,PRCW2ZK1R6S,2025-10,,,1.0,Missing documents customer to provide,0.4583333333333333
8194,REQKZF3PEFEJHKT,PRC1YGA9T0N,2025-06,,,2.0,Payment pending confirm receipt,1.25
8194,REQKZF3PEFEJHKT,PRC1YGA9T0N,2025-06,,,2.0,Payment pending confirm receipt,0.5833333333333334
8195,REQ04GARTK7GLSL,PRCLYCHZF1V,2025-03,,,1.0,Customer request waiting response,0.125
8197,REQQ8EVB8RGR6JR,PRCOLR0WPTU,2025-07,,,1.0,Customer request waiting response,0.4583333333333333
8198,REQ9VZY7PSXAW6M,PRCLIY8XI1L,2025-05,,,1.0,Unknown,0.6666666666666666
8201,REQWS7S4PGCICCG,PRC86NC4A1N,2025-08,1.7916666666666667,1-4 days,1.0,Customer request waiting response,0.625
8204,REQOIET001UH3EX,PRCEBSC9RFO,2025-11,,,1.0,Payment pending confirm receipt,0.4166666666666667
8208,REQFUS269SSZMEV,PRCYNZLGV1D,2025-04,,,2.0,Missing documents customer to provide,61.166666666666664
8208,REQFUS269SSZMEV,PRCYNZLGV1D,2025-04,,,2.0,Missing documents customer to provide,60.958333333333336
8210,REQGOZV6W8SMYK0,PRC6LXCSMAS,2025-01,,,2.0,Customer request waiting response,1.3333333333333333
8212,REQS07V5MBGHRKP,PRCTWYDS8X9,2025-07,,,3.0,System issue retry later,0.25
8212,REQS07V5MBGHRKP,PRCTWYDS8X9,2025-07,,,3.0,System issue retry later,30.375
8212,REQS07V5MBGHRKP,PRCTWYDS8X9,2025-07,,,3.0,System issue retry later,61.583333333333336
8214,REQVZD17K5A92GY,PRC0B3MKGHE,2025-06,,,1.0,Customer request waiting response,0.8333333333333334
8215,REQDU1RIXOTGATH,PRC53PYKW0Z,2025-04,5.5,5-7 days,1.0,Missing documents customer to provide,0.5
8217,REQVDLJCQLCBUXB,PRC4T6VRVWF,2025-06,,,3.0,System issue retry later,0.2916666666666667
8217,REQVDLJCQLCBUXB,PRC4T6VRVWF,2025-06,,,3.0,System issue retry later,1.5833333333333333
8219,REQHLYTSUS7K4P0,PRCMY5M6VS2,2025-11,1.0,1-4 days,1.0,Unknown,0.75
8221,REQJSM74IGXVRTD,PRCW8GDH4QF,2025-06,4.083333333333333,5-7 days,2.0,Payment pending confirm receipt,1.4583333333333333
8221,REQJSM74IGXVRTD,PRCW8GDH4QF,2025-06,4.083333333333333,5-7 days,2.0,Payment pending confirm receipt,0.20833333333333334
8224,REQ89KTQE5K3OQK,PRCAS6M0PG5,2025-12,,,1.0,Missing documents customer to provide,31.0
8225,REQTKC1JCHESWFV,PRCJ4T5GO8F,2025-12,,,1.0,Customer request waiting response,0.20833333333333334
8226,REQ9JXIGW32ID7T,PRCMSZSJ11D,2025-05,,,1.0,Underwriting questions review needed,29.291666666666668
8235,REQ48RPJV9AF0QZ,PRCELWSO0BN,2025-09,,,1.0,Underwriting questions review needed,60.708333333333336
8236,REQVEDKVV776U5Z,PRC3GW983OY,2025-10,,,1.0,Customer request waiting response,1.5
8237,REQDD2PMT0344L8,PRCO76U771N,2025-09,,,1.0,Payment pending confirm receipt,31.125
8240,REQ6DDV9TW1TQ2N,PRCNNIV5XSS,2025-08,,,1.0,System issue retry later,0.4166666666666667
8244,REQR53ZO11G37VO,PRC9FL5Q1E5,2025-06,,,1.0,Missing documents customer to provide,0.3333333333333333
8248,REQL270ZUGFP29O,PRC525CZ26Q,2025-08,,,1.0,Payment pending confirm receipt,2.1666666666666665
8254,REQ39JS6ZLDC294,PRCD9SLJYJS,2025-01,1.0833333333333333,1-4 days,2.0,Underwriting questions review needed,1.1666666666666667
8254,REQ39JS6ZLDC294,PRCD9SLJYJS,2025-01,1.0833333333333333,1-4 days,2.0,Underwriting questions review needed,0.25
8257,REQUWIJ0WCUO2JD,PRCBWLU8H6S,2025-11,,,1.0,Payment pending confirm receipt,2.125
8260,REQCL3IMS802RT2,PRC0VLWKNAM,2025-09,,,1.0,Unknown,1.6666666666666667
8262,REQQZOUY2PASP8G,PRCB80PL81P,2025-12,,,1.0,Customer request waiting response,59.125
8265,REQ3SUK1DBWIW9O,PRC56EYS93T,2025-04,,,2.0,Customer request waiting response,1.2916666666666667
8265,REQ3SUK1DBWIW9O,PRC56EYS93T,2025-04,,,2.0,Customer request waiting response,2.6666666666666665
8266,REQVODKRY5R0E3A,PRCAU5989LR,2025-05,,,1.0,Unknown,61.958333333333336
8267,REQCFKIA7DFAP5W,PRCIXP8EZXQ,2025-09,,,1.0,System issue retry later,1.125
8268,REQBG2KCIU63IHZ,PRCGB15UC09,2025-09,5.208333333333333,5-7 days,1.0,Missing documents customer to provide,1.625
8271,REQGEG43PVBGWX9,PRCF6NAXHTL,2025-02,,,1.0,Underwriting questions review needed,1.2916666666666667
8272,REQCF1902F1D3P1,PRC1FJHPTLS,2025-01,,,1.0,Unknown,0.8333333333333334
8273,REQW3RIOO6RNNS2,PRC699JTL9T,2025-03,,,1.0,Payment pending confirm receipt,91.83333333333333
8274,REQLNRV5HTQDBD0,PRCKJ2LAX67,2025-04,,,1.0,System issue retry later,0.125
8281,REQN4CPCFPYIKU6,PRCPZ3ITB3B,2025-12,,,1.0,Payment pending confirm receipt,30.333333333333332
8285,REQHJKMQGZG26NQ,PRC1J6PDUB2,2025-05,6.125,5-7 days,1.0,System issue retry later,0.875
8286,REQ4DVMMS99P7X2,PRCDRF5BARI,2025-06,,,1.0,Payment pending confirm receipt,2.9166666666666665
8287,REQ0DL4FZTPD8J9,PRC2PGO5VB3,2025-01,,,1.0,System issue retry later,1.875
8288,REQHA58JK7ODE4O,PRCVS6CW3VF,2025-02,,,1.0,Customer request waiting response,2.9583333333333335
8290,REQYPTUGH7E6YJY,PRCVGLOBJ97,2025-03,,,2.0,Missing documents customer to provide,0.5416666666666666
8290,REQYPTUGH7E6YJY,PRCVGLOBJ97,2025-03,,,2.0,Missing documents customer to provide,1.6666666666666667
8291,REQ1HXJ64DDH4EX,PRC622AQC6B,2025-06,,,1.0,Unknown,0.9583333333333334
8292,REQLQLM30ESSLF2,PRC9GJSV468,2025-02,,,2.0,Missing documents customer to provide,1.0416666666666667
8292,REQLQLM30ESSLF2,PRC9GJSV468,2025-02,,,2.0,Missing documents customer to provide,2.75
8293,REQMFHBRNZ3QSE0,PRCQ7WNNKIW,2025-04,5.333333333333333,5-7 days,1.0,Customer request waiting response,0.375
8294,REQB8M155WVA5NF,PRCFRMPPXX4,2025-12,,,3.0,Missing documents customer to provide,2.2916666666666665
8294,REQB8M155WVA5NF,PRCFRMPPXX4,2025-12,,,3.0,Missing documents customer to provide,2.5
8294,REQB8M155WVA5NF,PRCFRMPPXX4,2025-12,,,3.0,Missing documents customer to provide,2.125
8295,REQQZGDL5WEC3DQ,PRCIMF6FJDU,2025-06,,,2.0,System issue retry later,31.291666666666668
8295,REQQZGDL5WEC3DQ,PRCIMF6FJDU,2025-06,,,2.0,System issue retry later,60.666666666666664
8296,REQ2JMKOQMG5211,PRC0ONJ492O,2025-09,,,1.0,System issue retry later,91.91666666666667
8299,REQA4F4CWS7EQL5,PRCMR6MU3P4,2025-10,,,1.0,Underwriting questions review needed,0.4583333333333333
8302,REQ222LLAXMB5BK,PRCDP3UZLNF,2025-08,7.25,7+ days,1.0,Underwriting questions review needed,62.166666666666664
8311,REQ7W4VWH0V6FS7,PRCQR8LTM6B,2025-10,,,3.0,System issue retry later,2.6666666666666665
8311,REQ7W4VWH0V6FS7,PRCQR8LTM6B,2025-10,,,3.0,System issue retry later,0.2916666666666667
8311,REQ7W4VWH0V6FS7,PRCQR8LTM6B,2025-10,,,3.0,System issue retry later,0.125
8318,REQ80KEZ8H9VAS2,PRCUYDSYK48,2025-11,12.083333333333334,7+ days,1.0,System issue retry later,0.5416666666666666
8321,REQ8IRXJUTW2GK1,PRC7JUHYXQX,2025-10,,,1.0,System issue retry later,1.6666666666666667
8322,REQ5O0PJX8KTKU4,PRCMYCYFK9U,2025-07,3.9583333333333335,1-4 days,1.0,Underwriting questions review needed,1.375
8324,REQNIFBTE9OFCF6,PRCGGYCUILK,2025-07,,,1.0,System issue retry later,30.708333333333332
8326,REQC51SXG3KD1EI,PRC4BP7VC9U,2025-08,,,1.0,Underwriting questions review needed,0.041666666666666664
8327,REQP6CDL76K2NP0,PRCVJMGDYE0,2025-07,,,1.0,Customer request waiting response,2.1666666666666665
8328,REQ1YSJED805ONB,PRCFJL3A7QY,2025-09,,,1.0,Unknown,2.5833333333333335
8334,REQZX6BX946J69A,PRCG62JS0UQ,2025-07,,,1.0,Unknown,0.16666666666666666
8338,REQXQJ7LH1IWAO1,PRCU9BQBZ0K,2025-04,,,1.0,Unknown,30.0
8339,REQ2YSWHSMVV1MW,PRCMN49HNIW,2025-09,,,1.0,Unknown,2.3333333333333335
8340,REQHKIRWY6Y0RT0,PRCPJG0UA8X,2025-05,,,2.0,Payment pending confirm receipt,2.7916666666666665
8340,REQHKIRWY6Y0RT0,PRCPJG0UA8X,2025-05,,,2.0,Payment pending confirm receipt,1.75
8341,REQJE5YWOVGYE1Y,PRCATX423MV,2025-02,,,3.0,Underwriting questions review needed,30.958333333333332
8341,REQJE5YWOVGYE1Y,PRCATX423MV,2025-02,,,3.0,Underwriting questions review needed,2.6666666666666665
8348,REQ7USD5TZF0BX7,PRCNOXZ9K9F,2025-12,4.416666666666667,5-7 days,1.0,Underwriting questions review needed,0.25
8356,REQBZYM4G8ZNMUG,PRCPTC74KWZ,2025-02,,,1.0,Underwriting questions review needed,0.5
8358,REQ0EARCJZ6YA3Q,PRC3UOBV8V0,2025-10,,,1.0,Customer request waiting response,1.6666666666666667
8359,REQMU6YXIQOUDJ2,PRC4W2UUZWW,2025-11,,,1.0,Underwriting questions review needed,1.875
8363,REQMXN92LUOXB3B,PRCJ46T97CL,2025-04,,,2.0,Missing documents customer to provide,30.166666666666668
8367,REQT623RWWMAX5C,PRCQ2HML4VJ,2025-06,,,1.0,Unknown,29.833333333333332
8369,REQYNKBY6QIYI8F,PRCY01D6RZL,2025-03,,,1.0,Payment pending confirm receipt,88.41666666666667
8370,REQ0WE3BP9WXVS7,PRCBN0UPPVC,2025-01,,,1.0,Customer request waiting response,1.7916666666666667
8373,REQZ38LLQY9AN5D,PRC2QUYUPN5,2025-07,4.875,5-7 days,1.0,Underwriting questions review needed,1.125
8375,REQP85NUWI6ADF8,PRC4LLPYO2F,2025-05,,,1.0,Missing documents customer to provide,60.541666666666664
8381,REQ78O65ADNRXU1,PRCEMD46R4Z,2025-05,,,1.0,System issue retry later,61.208333333333336
8382,REQZ6SAJ30H76AZ,PRCYN1BSPYW,2025-07,,,1.0,Customer request waiting response,30.916666666666668
8383,REQZY82GUX8P9AC,PRCBX3SRTA5,2025-03,,,1.0,Unknown,29.791666666666668
8388,REQNFCU15R1CY97,PRC8QYAKOUY,2025-05,,,1.0,Missing documents customer to provide,1.7083333333333333
8389,REQPGYCZDEE78EG,PRCX0YKOJFZ,2025-12,7.291666666666667,7+ days,3.0,Unknown,29.416666666666668
8389,REQPGYCZDEE78EG,PRCX0YKOJFZ,2025-12,7.291666666666667,7+ days,3.0,Unknown,30.416666666666668
8389,REQPGYCZDEE78EG,PRCX0YKOJFZ,2025-12,7.291666666666667,7+ days,3.0,Unknown,30.458333333333332
8403,REQNG9HPR305LR6,PRCKVDQMUSZ,2025-02,5.208333333333333,5-7 days,2.0,Customer request waiting response,1.1666666666666667
8403,REQNG9HPR305LR6,PRCKVDQMUSZ,2025-02,5.208333333333333,5-7 days,2.0,Customer request waiting response,0.625
8405,REQS9V8J1C1SMYS,PRC6JUC3BPL,2025-05,,,3.0,Missing documents customer to provide,61.416666666666664
8405,REQS9V8J1C1SMYS,PRC6JUC3BPL,2025-05,,,3.0,Missing documents customer to provide,60.5
8406,REQDHXYEKX3QU7E,PRCC9OEMMHO,2025-08,,,1.0,Unknown,1.2083333333333333
8407,REQRNTOAKQTJD7B,PRCEAPH4MUO,2025-07,,,1.0,System issue retry later,92.0
8409,REQMVUAIXUBJFDL,PRCMLC0AG9E,2025-01,,,1.0,Unknown,1.3333333333333333
8412,REQO4PCMCR8QWH0,PRCGOLCLMD4,2025-04,,,1.0,Underwriting questions review needed,89.875
8413,REQO3HLGQQFYZ9F,PRCCNVYK0BE,2025-08,,,1.0,System issue retry later,0.7083333333333334
8416,REQT14KZM36KYSY,PRCDKQPE9Y6,2025-08,5.458333333333333,5-7 days,2.0,System issue retry later,2.1666666666666665
8416,REQT14KZM36KYSY,PRCDKQPE9Y6,2025-08,5.458333333333333,5-7 days,2.0,System issue retry later,2.8333333333333335
8419,REQRXR003JGQ4BG,PRC5HB2WIVR,2025-08,,,1.0,Underwriting questions review needed,1.7083333333333333
8423,REQX49L6L1JD8GC,PRCYDE7XHZN,2025-01,,,1.0,System issue retry later,60.916666666666664
8425,REQI8A28AWJOBB2,PRCBJ47QX4S,2025-12,,,1.0,Unknown,61.833333333333336
8426,REQ0BWYVIOGEVTH,PRC7COS2ULC,2025-02,,,1.0,Payment pending confirm receipt,2.7916666666666665
8427,REQZ04EZIG7NEFU,PRCF4P1FIYZ,2025-08,,,1.0,Customer request waiting response,91.83333333333333
8428,REQJ8K6TJQV0W6I,PRCAXQW01YC,2025-03,,,3.0,Payment pending confirm receipt,1.4583333333333333
8428,REQJ8K6TJQV0W6I,PRCAXQW01YC,2025-03,,,3.0,Payment pending confirm receipt,1.0
8432,REQCD6AXLP67R4H,PRCPW79Y9R6,2025-02,6.041666666666667,5-7 days,1.0,Customer request waiting response,60.791666666666664
8435,REQBBPBKZ4VFXWZ,PRCDI5ET2JX,2025-09,,,1.0,Customer request waiting response,59.041666666666664
8436,REQEEVWCZQ7KD7C,PRC2U0F172K,2025-03,10.541666666666666,7+ days,1.0,Customer request waiting response,0.3333333333333333
8437,REQLVKH5EZWP13H,PRC6A4VZ4U0,2025-04,10.416666666666666,7+ days,2.0,Unknown,0.875
8437,REQLVKH5EZWP13H,PRC6A4VZ4U0,2025-04,10.416666666666666,7+ days,2.0,Unknown,0.4166666666666667
8442,REQ1CVFEA871MK7,PRCSQF2JW0L,2025-12,,,2.0,Unknown,0.041666666666666664
8442,REQ1CVFEA871MK7,PRCSQF2JW0L,2025-12,,,2.0,Unknown,0.7083333333333334
8446,REQ4XF6F5E3PMGW,PRC1S0X6VLS,2025-03,,,1.0,Missing documents customer to provide,2.5833333333333335
8447,REQRMF6TU8SZYUS,PRCWTLZ5IPM,2025-10,3.75,1-4 days,1.0,Underwriting questions review needed,1.0
8451,REQK54DTZ8KGRQU,PRCFJGUVH09,2025-09,,,2.0,Payment pending confirm receipt,0.25
8451,REQK54DTZ8KGRQU,PRCFJGUVH09,2025-09,,,2.0,Payment pending confirm receipt,1.0
8457,REQCCAMOYWKJD6D,PRCGTG62LUX,2025-02,3.25,1-4 days,1.0,Missing documents customer to provide,2.1666666666666665
8458,REQSM251LWEXWTR,PRC2V9UMWTX,2025-08,4.0,1-4 days,2.0,Underwriting questions review needed,91.29166666666667
8458,REQSM251LWEXWTR,PRC2V9UMWTX,2025-08,4.0,1-4 days,2.0,Underwriting questions review needed,30.208333333333332
8465,REQ7S3A66IOLTXR,PRC3HOXNY8L,2025-04,,,1.0,System issue retry later,27.541666666666668
8469,REQI098XZ3NRD6V,PRCXNX5ZSJT,2025-11,,,1.0,System issue retry later,0.5833333333333334
8472,REQNY8NA1PQN1Z2,PRC7S61PX4E,2025-03,3.125,1-4 days,3.0,Payment pending confirm receipt,1.7916666666666667
8472,REQNY8NA1PQN1Z2,PRC7S61PX4E,2025-03,3.125,1-4 days,3.0,Payment pending confirm receipt,0.4583333333333333
8472,REQNY8NA1PQN1Z2,PRC7S61PX4E,2025-03,3.125,1-4 days,3.0,Payment pending confirm receipt,1.4166666666666667
8473,REQ6OB59O6TI3JR,PRCJYU9SVO3,2025-07,,,1.0,Customer request waiting response,0.16666666666666666
8480,REQBL418Y849TEH,PRCNGWCNF1K,2025-11,,,1.0,Unknown,2.625
8482,REQG6DGOAEPVCEL,PRCRCR8WA9U,2025-04,,,2.0,Customer request waiting response,2.4166666666666665
8482,REQG6DGOAEPVCEL,PRCRCR8WA9U,2025-04,,,2.0,Customer request waiting response,0.5833333333333334
8484,REQ3BEROYNM5O3O,PRCTED79ZRZ,2025-09,1.75,1-4 days,2.0,Customer request waiting response,0.08333333333333333
8484,REQ3BEROYNM5O3O,PRCTED79ZRZ,2025-09,1.75,1-4 days,2.0,Customer request waiting response,30.791666666666668
8485,REQZR8WIJFQSRVJ,PRCAMOO4BUT,2025-11,,,2.0,Customer request waiting response,0.5416666666666666
8485,REQZR8WIJFQSRVJ,PRCAMOO4BUT,2025-11,,,2.0,Customer request waiting response,61.333333333333336
8487,REQMLCSXZ21J11X,PRCKA1RWM7R,2025-12,,,2.0,Customer request waiting response,2.7916666666666665
8487,REQMLCSXZ21J11X,PRCKA1RWM7R,2025-12,,,2.0,Customer request waiting response,58.625
8494,REQV1I5WLAQJR5I,PRCJJUZI4MZ,2025-07,,,3.0,System issue retry later,1.9583333333333333
8494,REQV1I5WLAQJR5I,PRCJJUZI4MZ,2025-07,,,3.0,System issue retry later,0.375
8494,REQV1I5WLAQJR5I,PRCJJUZI4MZ,2025-07,,,3.0,System issue retry later,1.25
8495,REQ8S8CXD1EA6ZK,PRCQY58Y3C5,2025-11,,,1.0,Missing documents customer to provide,1.3333333333333333
8497,REQGUIBCMCFP2O0,PRC9GAF1N5A,2025-11,2.7916666666666665,1-4 days,1.0,Underwriting questions review needed,0.125
8499,REQA0UYJQK8F87P,PRCV6CXCERR,2025-04,,,1.0,Unknown,92.0
8500,REQXMPQFQ0LTD14,PRCO9WZ3HS7,2025-07,13.791666666666666,7+ days,2.0,Underwriting questions review needed,0.6666666666666666
8500,REQXMPQFQ0LTD14,PRCO9WZ3HS7,2025-07,13.791666666666666,7+ days,2.0,Underwriting questions review needed,0.4583333333333333
8501,REQ5GA64L0YISXW,PRCMOXBFHUX,2025-10,,,1.0,Missing documents customer to provide,1.7083333333333333
8505,REQJWAZ4ZFX5N0Z,PRCK3JB3NNX,2025-11,,,1.0,System issue retry later,2.0833333333333335
8506,REQMRVOBD0YLK50,PRCSHP7PV9O,2025-02,,,1.0,System issue retry later,0.3333333333333333
8507,REQ4GIY8GHNTCYV,PRCNRRP153S,2025-03,5.0,5-7 days,1.0,Underwriting questions review needed,90.625
8508,REQ3K0AT2T77SXV,PRCAYNG8BAX,2025-08,,,1.0,System issue retry later,2.4583333333333335
8509,REQWG2URTKUTZX9,PRC1WH4ACRJ,2025-05,,,1.0,Underwriting questions review needed,1.3333333333333333
8511,REQ3Q4SCDHEIQ46,PRCSNWJZ4CN,2025-12,,,1.0,System issue retry later,1.875
8512,REQ4RRFPETJIN92,PRC5BS59Y1W,2025-04,,,1.0,Payment pending confirm receipt,3.0
8513,REQKRCS4B7Z487P,PRC2WSW55UM,2025-09,,,1.0,System issue retry later,61.0
8515,REQ7K9UJC0F2ZIB,PRCJFP4SYBT,2025-07,,,1.0,Missing documents customer to provide,0.4583333333333333
8522,REQ7W5C1MQQXO3Z,PRC6GZXKTZ3,2025-10,3.75,1-4 days,1.0,Customer request waiting response,91.83333333333333
8525,REQDB7XQDGA65T9,PRCZZYNHAUE,2025-06,18.833333333333332,7+ days,1.0,Missing documents customer to provide,1.9166666666666667
8528,REQW9RZUIIUBHLD,PRC8XRCQNH2,2025-06,,,2.0,Payment pending confirm receipt,90.83333333333333
8528,REQW9RZUIIUBHLD,PRC8XRCQNH2,2025-06,,,2.0,Payment pending confirm receipt,0.75
8530,REQCI8BOLGGYDCC,PRCK8WE7BUR,2025-12,,,2.0,Customer request waiting response,0.25
8530,REQCI8BOLGGYDCC,PRCK8WE7BUR,2025-12,,,2.0,Customer request waiting response,0.8333333333333334
8531,REQ93K0ST2EVK69,PRCG56W5RCN,2025-11,,,3.0,Missing documents customer to provide,3.0
8531,REQ93K0ST2EVK69,PRCG56W5RCN,2025-11,,,3.0,Missing documents customer to provide,2.125
8531,REQ93K0ST2EVK69,PRCG56W5RCN,2025-11,,,3.0,Missing documents customer to provide,1.4583333333333333
8537,REQRMS5W4HGE8BN,PRCFWII9Q9V,2025-02,1.3333333333333333,1-4 days,1.0,Underwriting questions review needed,31.5
8539,REQ4RJRZZCVQYKH,PRC37QNE0VJ,2025-01,,,2.0,Missing documents customer to provide,30.041666666666668
8539,REQ4RJRZZCVQYKH,PRC37QNE0VJ,2025-01,,,2.0,Missing documents customer to provide,61.875
8540,REQ0C2EKK32SB8P,PRCIO9D9YHT,2025-08,,,3.0,Underwriting questions review needed,2.9583333333333335
8540,REQ0C2EKK32SB8P,PRCIO9D9YHT,2025-08,,,3.0,Underwriting questions review needed,2.5416666666666665
8544,REQV2379W7JTGCQ,PRC83CN0QMK,2025-04,,,1.0,Customer request waiting response,0.08333333333333333
8549,REQJFMDEYKR3ENN,PRCLLKVD3ES,2025-09,,,1.0,Underwriting questions review needed,59.666666666666664
8552,REQIB0FIH25NTY9,PRCHVBUY345,2025-04,,,1.0,Customer request waiting response,27.875
8554,REQ5IVGMNE1IEG3,PRCMH7N9FQ4,2025-04,4.666666666666667,5-7 days,1.0,Unknown,3.0
8557,REQK0AZ1X31ILSM,PRC7BNIQBQN,2025-03,11.0,7+ days,1.0,Missing documents customer to provide,2.7916666666666665
8558,REQDD0DHD0DTJPT,PRCD7TQCKBA,2025-04,,,1.0,Payment pending confirm receipt,0.5833333333333334
8561,REQS5D194436J7Z,PRCI14D36JE,2025-10,,,1.0,Customer request waiting response,1.8333333333333333
8562,REQCR30FK6XV0PR,PRC8D9D7V44,2025-09,,,1.0,Unknown,0.041666666666666664
8563,REQ2ZV3AE4YK4W1,PRCJ4XLR669,2025-07,6.0,5-7 days,1.0,Missing documents customer to provide,2.5833333333333335
8565,REQT64EGWYPA7DV,PRCWX6XMWFK,2025-02,,,1.0,Missing documents customer to provide,2.2083333333333335
8568,REQ7UHEFMDR7F97,PRC7C8Q27KZ,2025-02,,,1.0,Underwriting questions review needed,90.5
8569,REQUA1HO9WWMQ6A,PRC3U5ZWXL9,2025-01,,,1.0,Underwriting questions review needed,2.7916666666666665
8570,REQP1KZT712ZYFB,PRCA51Q5X9J,2025-02,7.125,7+ days,1.0,Missing documents customer to provide,0.2916666666666667
8572,REQ9LJVFWYVF2WS,PRC72ES3EYU,2025-11,,,3.0,Underwriting questions review needed,2.25
8572,REQ9LJVFWYVF2WS,PRC72ES3EYU,2025-11,,,3.0,Underwriting questions review needed,0.5833333333333334
8572,REQ9LJVFWYVF2WS,PRC72ES3EYU,2025-11,,,3.0,Underwriting questions review needed,2.9583333333333335
8573,REQ3690L7KTBZK7,PRCDCKKR3X6,2025-04,,,2.0,Payment pending confirm receipt,91.95833333333333
8573,REQ3690L7KTBZK7,PRCDCKKR3X6,2025-04,,,2.0,Payment pending confirm receipt,90.83333333333333
8574,REQV9WZXNANSMV4,PRCUOHCMR9M,2025-09,,,1.0,Missing documents customer to provide,1.5
8576,REQOLEDQDFYOZ7Z,PRC45J15A0S,2025-07,,,1.0,System issue retry later,1.125
8580,REQSJIA27FIBHO9,PRCQIQSETI9,2025-04,6.75,5-7 days,1.0,Customer request waiting response,1.25
8581,REQ28W8CZXWIPDF,PRCR9DFA8V2,2025-11,,,1.0,Payment pending confirm receipt,2.0833333333333335
8585,REQAAHQWC64UMJ1,PRCPHAXRJYP,2025-11,9.416666666666666,7+ days,2.0,Customer request waiting response,30.541666666666668
8585,REQAAHQWC64UMJ1,PRCPHAXRJYP,2025-11,9.416666666666666,7+ days,2.0,Customer request waiting response,0.3333333333333333
8587,REQ83B97QZLIFOC,PRCAYNQSER5,2025-01,3.0416666666666665,1-4 days,1.0,Unknown,2.4583333333333335
8589,REQ68V00ETL1M1C,PRCXE02561F,2025-04,,,1.0,System issue retry later,0.4166666666666667
8590,REQGJPDZFYDQ9R8,PRCWJQ3FX1U,2025-11,1.7916666666666667,1-4 days,1.0,Payment pending confirm receipt,0.4166666666666667
8593,REQGFGNQW3C12YK,PRCE9XBY4M2,2025-06,,,1.0,Underwriting questions review needed,0.5833333333333334
8595,REQ7KTO9Z8DCPKC,PRCH2QOCSMV,2025-05,,,1.0,Unknown,1.25
8599,REQIO0HFP9TSL0K,PRCM4VI601U,2025-05,,,1.0,Underwriting questions review needed,1.0416666666666667
8600,REQIY82HZ99FZ11,PRCZAZ1J8KP,2025-01,,,1.0,System issue retry later,2.8333333333333335
8601,REQG2RR4V8NX75M,PRCHQH5AKYC,2025-08,3.2083333333333335,1-4 days,3.0,Underwriting questions review needed,62.125
8601,REQG2RR4V8NX75M,PRCHQH5AKYC,2025-08,3.2083333333333335,1-4 days,3.0,Underwriting questions review needed,2.3333333333333335
8607,REQDYL1GU9YIZUB,PRCO66PE4U7,2025-07,,,1.0,Payment pending confirm receipt,2.0416666666666665
8608,REQOQPX185ABI55,PRCRD5SI497,2025-01,,,1.0,Missing documents customer to provide,2.75
8612,REQ9PT600XQG61S,PRCCEITMHJC,2025-02,6.958333333333333,5-7 days,1.0,System issue retry later,2.5416666666666665
8613,REQKWRY40L8TEFK,PRCWLOH1R41,2025-09,,,1.0,Unknown,0.9166666666666666
8615,REQMOIXYUHJKZ7Z,PRCMAV9475S,2025-06,4.041666666666667,5-7 days,1.0,Customer request waiting response,2.375
8621,REQESG6M7C4TCJF,PRCXDOQL616,2025-06,,,1.0,Underwriting questions review needed,1.0833333333333333
8625,REQSV32QJL5M5WX,PRCZFNH3UBE,2025-10,,,1.0,Underwriting questions review needed,2.25
8626,REQAHTGCDBLOPZZ,PRCKP3H6PZA,2025-02,,,1.0,System issue retry later,30.833333333333332
8627,REQPPHVPT6QPFCV,PRC7YZEIX3P,2025-08,,,1.0,Missing documents customer to provide,30.458333333333332
8628,REQW77QUI4SH8QG,PRCGW6772E1,2025-01,,,1.0,Underwriting questions review needed,31.416666666666668
8631,REQAEFKFGMRGJT5,PRC5OLG8Q3P,2025-12,,,1.0,Unknown,2.4583333333333335
8632,REQRU7SD03D562H,PRCKYYX2HQG,2025-05,,,1.0,Customer request waiting response,1.375
8633,REQ4SCWW4NA4SI5,PRCFYQ1T8GV,2025-02,,,1.0,Missing documents customer to provide,1.5
8636,REQ6BJU9RX0F9RJ,PRCR9VKFZV0,2025-09,1.25,1-4 days,1.0,Payment pending confirm receipt,2.7083333333333335
8640,REQIG8PPNB71ZCX,PRC4DA5EION,2025-12,,,1.0,Customer request waiting response,1.0833333333333333
8642,REQN3OMBP8WUWZI,PRCHSE2VLUZ,2025-10,,,3.0,Missing documents customer to provide,0.75
8642,REQN3OMBP8WUWZI,PRCHSE2VLUZ,2025-10,,,3.0,Missing documents customer to provide,27.666666666666668
8643,REQQWKC8QHTBXWD,PRC3HH8VX2B,2025-12,8.458333333333334,7+ days,2.0,Underwriting questions review needed,0.7083333333333334
8643,REQQWKC8QHTBXWD,PRC3HH8VX2B,2025-12,8.458333333333334,7+ days,2.0,Underwriting questions review needed,0.125
8645,REQTA7O2KMOGX6V,PRCVWSDMG0K,2025-07,,,1.0,Customer request waiting response,61.0
8658,REQRJGNGD9I2PSI,PRC6X0VJW9L,2025-04,,,1.0,Unknown,0.625
8665,REQKTCQ50LCBF1R,PRC5KLZAXQG,2025-12,2.0833333333333335,1-4 days,2.0,Underwriting questions review needed,61.958333333333336
8665,REQKTCQ50LCBF1R,PRC5KLZAXQG,2025-12,2.0833333333333335,1-4 days,2.0,Underwriting questions review needed,29.583333333333332
8668,REQLGXFA329ZMOF,PRCY8KC02DU,2025-06,2.5,1-4 days,1.0,Customer request waiting response,1.375
8672,REQ2ZDVAC8TIBHZ,PRCYBPHGF69,2025-12,2.2916666666666665,1-4 days,1.0,Missing documents customer to provide,1.1666666666666667
8673,REQ1I6E8Y0HM71C,PRCUWGT1V5J,2025-06,7.708333333333333,7+ days,1.0,Missing documents customer to provide,1.5
8676,REQ83388IZBOTHY,PRCQ7MJRXZR,2025-09,0.6666666666666666,1-4 days,2.0,Missing documents customer to provide,29.75
8676,REQ83388IZBOTHY,PRCQ7MJRXZR,2025-09,0.6666666666666666,1-4 days,2.0,Missing documents customer to provide,0.5833333333333334
8677,REQQ6RMNQ3Z5VE2,PRCHSJPRQJ1,2025-09,,,2.0,Payment pending confirm receipt,31.166666666666668
8677,REQQ6RMNQ3Z5VE2,PRCHSJPRQJ1,2025-09,,,2.0,Payment pending confirm receipt,31.25
8683,REQ9EUPNCC5LW4M,PRC90HO8LVU,2025-02,,,1.0,System issue retry later,30.208333333333332
8684,REQAMKDI193E8P5,PRCYANS3EDB,2025-12,0.4583333333333333,1-4 days,1.0,Missing documents customer to provide,1.625
8686,REQDGCKYXD1LBIZ,PRCNVTZY0UZ,2025-06,,,2.0,Unknown,0.4166666666666667
8686,REQDGCKYXD1LBIZ,PRCNVTZY0UZ,2025-06,,,2.0,Unknown,1.0
8687,REQTNMF2EBB5EW8,PRCBG7GP8DX,2025-12,,,1.0,Missing documents customer to provide,2.25
8688,REQ2R9BYLUY0O7R,PRCDADZ2G7E,2025-08,,,2.0,Missing documents customer to provide,0.2916666666666667
8688,REQ2R9BYLUY0O7R,PRCDADZ2G7E,2025-08,,,2.0,Missing documents customer to provide,1.875
8689,REQ8YYTG65OX3GN,PRC6C9XAJ2Y,2025-04,,,2.0,Underwriting questions review needed,89.33333333333333
8689,REQ8YYTG65OX3GN,PRC6C9XAJ2Y,2025-04,,,2.0,Underwriting questions review needed,0.6666666666666666
8692,REQW8JSH6EQZ5D4,PRCALQ5VKOX,2025-09,,,2.0,Unknown,2.1666666666666665
8692,REQW8JSH6EQZ5D4,PRCALQ5VKOX,2025-09,,,2.0,Unknown,2.4583333333333335
8695,REQV8DV2ZOLR9Z3,PRCEG7S50RW,2025-07,,,2.0,Underwriting questions review needed,1.7083333333333333
8695,REQV8DV2ZOLR9Z3,PRCEG7S50RW,2025-07,,,2.0,Underwriting questions review needed,1.75
8704,REQNJ59C59KPWAH,PRCCLLA628D,2025-02,,,1.0,System issue retry later,59.083333333333336
8709,REQ9AH3U9L6EK75,PRCBUAUEZPP,2025-06,,,1.0,Unknown,60.875
8710,REQVYOGXAGWRAQA,PRC8XWUX9LI,2025-07,,,1.0,Missing documents customer to provide,0.2916666666666667
8711,REQYMFY6KMLY7TB,PRCP6WILJP9,2025-10,,,1.0,Missing documents customer to provide,1.7083333333333333
8712,REQHZ0KQFKTR05M,PRCXZ0JNY8S,2025-06,,,2.0,Customer request waiting response,30.708333333333332
8712,REQHZ0KQFKTR05M,PRCXZ0JNY8S,2025-06,,,2.0,Customer request waiting response,61.0
8716,REQOM1KXQC9IQRA,PRCFYNW51VS,2025-06,,,1.0,Underwriting questions review needed,91.04166666666667
8721,REQC79HK0VX2L24,PRCUJBMGCOY,2025-10,,,3.0,Unknown,1.3333333333333333
8721,REQC79HK0VX2L24,PRCUJBMGCOY,2025-10,,,3.0,Unknown,0.625
8721,REQC79HK0VX2L24,PRCUJBMGCOY,2025-10,,,3.0,Unknown,0.041666666666666664
8728,REQBKR7EOA0ZEEJ,PRCSMRZ655F,2025-07,,,3.0,Customer request waiting response,0.041666666666666664
8728,REQBKR7EOA0ZEEJ,PRCSMRZ655F,2025-07,,,3.0,Customer request waiting response,0.5
8728,REQBKR7EOA0ZEEJ,PRCSMRZ655F,2025-07,,,3.0,Customer request waiting response,1.9583333333333333
8734,REQCT83GW0RMDZ7,PRCMFVTIBYC,2025-12,,,1.0,Missing documents customer to provide,2.3333333333333335
8736,REQ0B9315X6CKMP,PRCD8LVADOS,2025-11,,,1.0,Missing documents customer to provide,91.375
8740,REQ4YU49ONKV8BL,PRCVYY0FPJ4,2025-07,,,1.0,Underwriting questions review needed,91.45833333333333
8745,REQCUM4KIIO0QJL,PRCELN926MQ,2025-03,,,2.0,Payment pending confirm receipt,1.0
8745,REQCUM4KIIO0QJL,PRCELN926MQ,2025-03,,,2.0,Payment pending confirm receipt,2.9583333333333335
8749,REQKZILG2MYMXJ0,PRCM4VPWV06,2025-12,,,1.0,Customer request waiting response,0.7083333333333334
8752,REQQ1K0I93CMHS4,PRC9Z33XRWP,2025-04,,,1.0,Customer request waiting response,31.583333333333332
8754,REQGA35LZK7WPTL,PRC8SGZGDDQ,2025-10,,,3.0,Customer request waiting response,1.9166666666666667
8754,REQGA35LZK7WPTL,PRC8SGZGDDQ,2025-10,,,3.0,Customer request waiting response,1.3333333333333333
8754,REQGA35LZK7WPTL,PRC8SGZGDDQ,2025-10,,,3.0,Customer request waiting response,1.9583333333333333
8756,REQR8E5G6D7Z97F,PRCY03FA7NS,2025-11,,,2.0,Unknown,31.541666666666668
8756,REQR8E5G6D7Z97F,PRCY03FA7NS,2025-11,,,2.0,Unknown,61.666666666666664
8758,REQVDR1EYPMCCZP,PRCP2X1C1F8,2025-11,,,1.0,Payment pending confirm receipt,0.7083333333333334
8763,REQ10L7118QRFBS,PRC8AXZCLC0,2025-12,,,2.0,Customer request waiting response,2.9166666666666665
8763,REQ10L7118QRFBS,PRC8AXZCLC0,2025-12,,,2.0,Customer request waiting response,2.125
8768,REQWKWE4V1ZSCZY,PRCD2DKYJEY,2025-08,,,2.0,Customer request waiting response,0.4166666666666667
8768,REQWKWE4V1ZSCZY,PRCD2DKYJEY,2025-08,,,2.0,Customer request waiting response,0.4583333333333333
8769,REQBOHY3Z6NJ60O,PRCS6E5F4P3,2025-11,7.291666666666667,7+ days,1.0,Customer request waiting response,61.75
8770,REQQW5CYH05NQ8W,PRCE7XEAXEG,2025-04,,,1.0,Underwriting questions review needed,31.708333333333332
8771,REQQT183DBYOR0O,PRC7MAUA0LT,2025-02,,,1.0,System issue retry later,1.7083333333333333
8773,REQAL6ZM8KZ3ZU9,PRCEH49UTP2,2025-11,2.0,1-4 days,1.0,System issue retry later,59.583333333333336
8779,REQYBHELL2XXEBG,PRCEW5PPP3K,2025-03,,,2.0,Payment pending confirm receipt,1.0416666666666667
8779,REQYBHELL2XXEBG,PRCEW5PPP3K,2025-03,,,2.0,Payment pending confirm receipt,1.1666666666666667
8783,REQOBU57EQR9XWH,PRCMX7ILBLC,2025-08,,,2.0,Customer request waiting response,90.125
8784,REQ71UXAC671B06,PRC1GXW8D9C,2025-03,,,1.0,Missing documents customer to provide,0.6666666666666666
8788,REQNAT7YUDX97TF,PRCXHGQJA5B,2025-11,6.75,5-7 days,2.0,Underwriting questions review needed,1.9583333333333333
8788,REQNAT7YUDX97TF,PRCXHGQJA5B,2025-11,6.75,5-7 days,2.0,Underwriting questions review needed,1.0833333333333333
8794,REQ90THICOAUEOX,PRC8B218NQZ,2025-12,,,1.0,Unknown,32.125
8797,REQR4HXWI7IR9D7,PRC8TZHLWS2,2025-03,5.083333333333333,5-7 days,1.0,Unknown,1.6666666666666667
8802,REQIJZ43OS8K1CA,PRCRA9BZHCZ,2025-07,,,1.0,Customer request waiting response,1.0
8804,REQANM80OCT7760,PRCEXNCHAXK,2025-02,,,1.0,Missing documents customer to provide,0.2916666666666667
8807,REQ69JA06FOKY7X,PRCPY5VR1W3,2025-03,,,1.0,Payment pending confirm receipt,0.5
8809,REQIK42OYCQ806H,PRCAFHL94S1,2025-05,,,3.0,Payment pending confirm receipt,2.5833333333333335
8809,REQIK42OYCQ806H,PRCAFHL94S1,2025-05,,,3.0,Payment pending confirm receipt,0.4166666666666667
8809,REQIK42OYCQ806H,PRCAFHL94S1,2025-05,,,3.0,Payment pending confirm receipt,2.75
8811,REQ5W3YCP9CUORY,PRC5OSY3JGR,2025-10,,,1.0,Missing documents customer to provide,2.0
8812,REQ5AVULP4TQ0BR,PRCISEE8BTK,2025-10,,,1.0,System issue retry later,0.6666666666666666
8814,REQ49S4P3U7D13R,PRCC33UE2UR,2025-01,,,1.0,System issue retry later,30.208333333333332
8815,REQZJ98RVXL3QNP,PRCRGMJCM6J,2025-11,,,1.0,Customer request waiting response,1.7083333333333333
8822,REQLC1WN6K4EI8Y,PRCTRZXY1Z6,2025-09,11.625,7+ days,1.0,System issue retry later,59.208333333333336
8825,REQQ1RUPK6LWK79,PRCII89UGI5,2025-06,,,2.0,Customer request waiting response,2.4166666666666665
8825,REQQ1RUPK6LWK79,PRCII89UGI5,2025-06,,,2.0,Customer request waiting response,1.625
8826,REQR0FWGWUEHIGU,PRCYH17RPA3,2025-09,,,1.0,System issue retry later,3.0
8828,REQLW5G7TGOKN6H,PRCCQJZWCOV,2025-10,,,1.0,Payment pending confirm receipt,0.7916666666666666
8830,REQ3C6CHJM97Q4Q,PRCMET0N7SO,2025-05,,,1.0,Unknown,2.4166666666666665
8831,REQ71RD3CP6L4W4,PRCEDZL8K9N,2025-10,4.875,5-7 days,1.0,Unknown,2.7083333333333335
8833,REQVVUWVVSANGMZ,PRCXCMWUXQH,2025-05,,,1.0,Missing documents customer to provide,1.3333333333333333
8837,REQCTTWHUREPBAJ,PRC30DAPUV5,2025-12,,,1.0,Unknown,0.16666666666666666
8841,REQ6XDHRGPN98FN,PRCZ9GK19FH,2025-10,1.8333333333333333,1-4 days,1.0,System issue retry later,61.416666666666664
8844,REQF93VT3V6QPA6,PRCBOI9D93L,2025-12,,,3.0,Payment pending confirm receipt,29.958333333333332
8844,REQF93VT3V6QPA6,PRCBOI9D93L,2025-12,,,3.0,Payment pending confirm receipt,2.2916666666666665
8844,REQF93VT3V6QPA6,PRCBOI9D93L,2025-12,,,3.0,Payment pending confirm receipt,2.75
8849,REQJHC4VLYERT2J,PRCZL12H94S,2025-10,,,2.0,System issue retry later,30.625
8849,REQJHC4VLYERT2J,PRCZL12H94S,2025-10,,,2.0,System issue retry later,30.458333333333332
8850,REQI2O75Z72RB5D,PRC9RZUSARF,2025-01,,,1.0,Unknown,0.125
8853,REQVU07MIR5IXKE,PRCNZ8OXSQS,2025-03,5.25,5-7 days,1.0,System issue retry later,3.0
8857,REQX4JIZFP4TIZN,PRCLS9MWTRU,2025-08,6.291666666666667,5-7 days,1.0,Underwriting questions review needed,0.5833333333333334
8858,REQY1QU3WRCRQNZ,PRCX8EQ9D81,2025-12,,,1.0,System issue retry later,30.916666666666668
8859,REQKG1EGA7FWNIY,PRCFBFT8Z8J,2025-07,5.833333333333333,5-7 days,2.0,Customer request waiting response,2.5416666666666665
8859,REQKG1EGA7FWNIY,PRCFBFT8Z8J,2025-07,5.833333333333333,5-7 days,2.0,Customer request waiting response,1.0833333333333333
8868,REQ4MYFJLARAHLS,PRCVO2K5D5F,2025-10,,,1.0,Unknown,2.4583333333333335
8870,REQCWL8ZVCE2VC4,PRC8O3YN8HN,2025-12,5.0,5-7 days,1.0,System issue retry later,30.041666666666668
8871,REQTU7FLDYPQB80,PRC754XVKU3,2025-05,,,1.0,Customer request waiting response,0.25
8873,REQ1SPH33Z3QZ8W,PRC0CAIOSPR,2025-08,5.125,5-7 days,1.0,Unknown,2.9166666666666665
8877,REQNW8OUC6V6XQB,PRCSRB4RATD,2025-10,,,1.0,Payment pending confirm receipt,2.0
8883,REQ1UUOML3WOYTQ,PRCBN3NO68S,2025-12,,,1.0,Payment pending confirm receipt,1.0833333333333333
8886,REQ8W92PE1QQ8L7,PRCUFF7C2DG,2025-09,,,2.0,Unknown,0.5416666666666666
8886,REQ8W92PE1QQ8L7,PRCUFF7C2DG,2025-09,,,2.0,Unknown,2.6666666666666665
8892,REQCC25CT8ZEPSG,PRC5QT958I1,2025-10,,,1.0,Payment pending confirm receipt,58.333333333333336
8896,REQ69SJ1F5H7X0Z,PRC5QN3GVHV,2025-01,11.333333333333334,7+ days,2.0,Missing documents customer to provide,29.083333333333332
8896,REQ69SJ1F5H7X0Z,PRC5QN3GVHV,2025-01,11.333333333333334,7+ days,2.0,Missing documents customer to provide,60.541666666666664
8901,REQS25TMIQG2TVA,PRCZ7Z37RWH,2025-12,4.75,5-7 days,2.0,Unknown,62.0
8901,REQS25TMIQG2TVA,PRCZ7Z37RWH,2025-12,4.75,5-7 days,2.0,Unknown,1.5
8905,REQWU1FEX5XHAXG,PRCEBSXE9OL,2025-08,,,1.0,Payment pending confirm receipt,91.625
8908,REQEQCQFAH8RQCF,PRCHUPGSJJS,2025-06,,,1.0,Payment pending confirm receipt,0.041666666666666664
8909,REQZCO17WQCJ1ER,PRC8OZVT0DX,2025-11,,,1.0,Customer request waiting response,0.9166666666666666
8911,REQEX0SEFYOMNKC,PRCKQFCO15E,2025-06,,,1.0,Payment pending confirm receipt,1.5416666666666667
8913,REQ4C6UKKN4LIVH,PRCWJTQ0ERH,2025-09,,,2.0,Payment pending confirm receipt,1.625
8913,REQ4C6UKKN4LIVH,PRCWJTQ0ERH,2025-09,,,2.0,Payment pending confirm receipt,1.6666666666666667
8915,REQQYDWG1WD5I34,PRCWJZE08GQ,2025-02,,,1.0,Missing documents customer to provide,60.875
8916,REQPHSOSB003UER,PRC5FOZ44Z1,2025-02,,,1.0,System issue retry later,2.9583333333333335
8922,REQ6I4O0WW3TTK5,PRC2J37PJUC,2025-06,1.5416666666666667,1-4 days,2.0,Underwriting questions review needed,1.5
8922,REQ6I4O0WW3TTK5,PRC2J37PJUC,2025-06,1.5416666666666667,1-4 days,2.0,Underwriting questions review needed,2.75
8932,REQ6LCOZ4A5SFMR,PRCKOKVYY9F,2025-01,,,2.0,System issue retry later,30.625
8932,REQ6LCOZ4A5SFMR,PRCKOKVYY9F,2025-01,,,2.0,System issue retry later,29.958333333333332
8934,REQFSQHHK4NE7AL,PRCKFR9LOUO,2025-07,,,2.0,Customer request waiting response,2.7083333333333335
8934,REQFSQHHK4NE7AL,PRCKFR9LOUO,2025-07,,,2.0,Customer request waiting response,1.4166666666666667
8935,REQ2Z4K4TB673B8,PRCKPM0NVNV,2025-06,,,2.0,Customer request waiting response,29.916666666666668
8935,REQ2Z4K4TB673B8,PRCKPM0NVNV,2025-06,,,2.0,Customer request waiting response,30.625
8938,REQJKHCVKQ0JF12,PRCRETPXDYZ,2025-01,,,1.0,Underwriting questions review needed,0.625
8940,REQMPIX68EUD50X,PRCB2YLRO1E,2025-06,6.0,5-7 days,2.0,Unknown,0.08333333333333333
8943,REQ4KHDDJV3Z7XW,PRC5SO4TQ4S,2025-03,,,2.0,Customer request waiting response,1.7083333333333333
8943,REQ4KHDDJV3Z7XW,PRC5SO4TQ4S,2025-03,,,2.0,Customer request waiting response,0.041666666666666664
8945,REQR75CS5RVPZ0P,PRCVZ616GWM,2025-12,,,1.0,Payment pending confirm receipt,0.9583333333333334
8950,REQXWGRIQMVVKRC,PRCKHEQTUYG,2025-02,2.4166666666666665,1-4 days,1.0,Missing documents customer to provide,29.916666666666668
8953,REQVEHOYQJB4GEF,PRCGXK4USA4,2025-11,,,1.0,Customer request waiting response,0.3333333333333333
8955,REQOYX0MJWVQKZT,PRCL5PN5Y8D,2025-04,,,2.0,System issue retry later,30.916666666666668
8955,REQOYX0MJWVQKZT,PRCL5PN5Y8D,2025-04,,,2.0,System issue retry later,60.625
8957,REQUWDJDPRI2BMU,PRCNZOH4B2E,2025-06,,,1.0,Payment pending confirm receipt,0.16666666666666666
8959,REQ43ITF4FHS69M,PRC0QWJ18F4,2025-05,,,1.0,Unknown,1.125
8960,REQ5WCYVYPD0Q6A,PRCXM8S1G30,2025-09,,,1.0,Payment pending confirm receipt,31.666666666666668
8961,REQORBG8P048O7N,PRCFRGI8P1J,2025-10,,,2.0,Missing documents customer to provide,0.25
8961,REQORBG8P048O7N,PRCFRGI8P1J,2025-10,,,2.0,Missing documents customer to provide,1.5
8963,REQZZFQ40A94J34,PRCAMUCK3EP,2025-12,1.875,1-4 days,2.0,Missing documents customer to provide,2.9166666666666665
8963,REQZZFQ40A94J34,PRCAMUCK3EP,2025-12,1.875,1-4 days,2.0,Missing documents customer to provide,2.7083333333333335
8966,REQYASTGADLVUJI,PRCMZTBX6XJ,2025-12,,,1.0,Unknown,2.9583333333333335
8970,REQM6J3F6Y9MBI3,PRCXAMVJ5T4,2025-09,,,1.0,System issue retry later,1.4583333333333333
8971,REQ8NFFFLN5U2EZ,PRC2UDXJQT4,2025-10,,,1.0,Underwriting questions review needed,0.4166666666666667
8972,REQ9F8M0R3S4SVK,PRCBFK6JVKK,2025-01,,,2.0,System issue retry later,2.5833333333333335
8973,REQVFW9VQLKHDT2,PRCP730OPH0,2025-07,,,2.0,Customer request waiting response,59.25
8974,REQTZDYSZYQOR8P,PRC100IYJCF,2025-09,,,1.0,Unknown,2.9166666666666665
8975,REQUWJT76J835WB,PRC8TEV36FF,2025-11,,,1.0,Payment pending confirm receipt,0.08333333333333333
8977,REQJJ2BAWNVRMGL,PRCKAJCQPHE,2025-01,,,1.0,Customer request waiting response,2.3333333333333335
8978,REQOMH2KG84YTHM,PRCAEG0AMI1,2025-02,,,2.0,System issue retry later,1.875
8978,REQOMH2KG84YTHM,PRCAEG0AMI1,2025-02,,,2.0,System issue retry later,0.9583333333333334
8979,REQEUV7MTNV2BBQ,PRCGZI6VG1A,2025-09,6.083333333333333,5-7 days,1.0,System issue retry later,2.8333333333333335
8982,REQT74DCCAK7V8N,PRCN8DM4RP3,2025-12,,,1.0,Customer request waiting response,90.5
8983,REQJABN32FI87IX,PRCN29MCLQ3,2025-02,,,1.0,Customer request waiting response,62.125
8984,REQOLAR3WNNX4SX,PRCVUN1AP6E,2025-02,,,1.0,Underwriting questions review needed,0.4583333333333333
8987,REQXB0H6SEZ72VC,PRCT93POT6J,2025-06,,,1.0,Payment pending confirm receipt,0.16666666666666666
8991,REQ3RPS83X0UYZV,PRCE6MY5IUT,2025-11,,,1.0,Unknown,0.5833333333333334
8995,REQI82K3EA8NN34,PRC87U96YJC,2025-07,,,1.0,Missing documents customer to provide,1.2916666666666667
8997,REQN3MHQGSHAH5D,PRC13NDQC9Y,2025-03,,,1.0,System issue retry later,61.833333333333336
9000,REQJOIV1IWPR3VA,PRCGJJ7JZTJ,2025-06,,,1.0,Underwriting questions review needed,31.875
9001,REQA751T17FRH04,PRCD368TN15,2025-04,2.5833333333333335,1-4 days,2.0,System issue retry later,1.1666666666666667
9001,REQA751T17FRH04,PRCD368TN15,2025-04,2.5833333333333335,1-4 days,2.0,System issue retry later,2.9166666666666665
9002,REQAQICZ2U2N0WU,PRCPS7IEINP,2025-09,2.375,1-4 days,1.0,Unknown,31.166666666666668
9003,REQI29ZZH3FBPK3,PRCUJSS034C,2025-10,,,1.0,Missing documents customer to provide,61.5
9006,REQGIZJYX3XHLS4,PRCZAI4LJOL,2025-11,15.291666666666666,7+ days,1.0,Missing documents customer to provide,61.041666666666664
9008,REQ5PP21CZGI2KT,PRCR3XBNJD1,2025-04,2.5833333333333335,1-4 days,2.0,Unknown,29.916666666666668
9009,REQ83SG7Z5AMLWK,PRCFQRF1Y12,2025-02,,,3.0,Payment pending confirm receipt,59.125
9009,REQ83SG7Z5AMLWK,PRCFQRF1Y12,2025-02,,,3.0,Payment pending confirm receipt,61.666666666666664
9011,REQFUSM11LFX5V6,PRC6Y9Z5DX5,2025-08,,,2.0,Underwriting questions review needed,2.1666666666666665
9011,REQFUSM11LFX5V6,PRC6Y9Z5DX5,2025-08,,,2.0,Underwriting questions review needed,0.08333333333333333
9012,REQ7PYIXK9HIK18,PRCFUI1SDP8,2025-01,3.9583333333333335,1-4 days,1.0,Missing documents customer to provide,0.7083333333333334
9023,REQRTOXG54GSC5S,PRC9Z2FE8ST,2025-03,,,1.0,Payment pending confirm receipt,1.75
9028,REQR3DCZTZ0AX36,PRCDR0B1EM1,2025-05,,,1.0,Underwriting questions review needed,2.4583333333333335
9029,REQ0YLID34KERED,PRCNE4B20JB,2025-07,,,2.0,System issue retry later,61.0
9029,REQ0YLID34KERED,PRCNE4B20JB,2025-07,,,2.0,System issue retry later,29.916666666666668
9030,REQ4Q6KRWX97Z86,PRC3R89OMJ0,2025-10,,,2.0,Underwriting questions review needed,2.5416666666666665
9030,REQ4Q6KRWX97Z86,PRC3R89OMJ0,2025-10,,,2.0,Underwriting questions review needed,2.9583333333333335
9034,REQAP3VTQF0N8OB,PRC80IA2VPC,2025-08,1.8333333333333333,1-4 days,2.0,System issue retry later,0.4583333333333333
9035,REQAUK8UZMWMPZ7,PRCT7KRC2BB,2025-01,10.916666666666666,7+ days,3.0,System issue retry later,2.1666666666666665
9035,REQAUK8UZMWMPZ7,PRCT7KRC2BB,2025-01,10.916666666666666,7+ days,3.0,System issue retry later,1.6666666666666667
9035,REQAUK8UZMWMPZ7,PRCT7KRC2BB,2025-01,10.916666666666666,7+ days,3.0,System issue retry later,1.3333333333333333
9037,REQN3BSKABMWCNW,PRCLJ0OE31S,2025-12,,,1.0,System issue retry later,0.3333333333333333
9039,REQG8NH87KXPJOU,PRCF84RCLAE,2025-05,,,2.0,Missing documents customer to provide,0.6666666666666666
9039,REQG8NH87KXPJOU,PRCF84RCLAE,2025-05,,,2.0,Missing documents customer to provide,1.4583333333333333
9040,REQ3OY13DZOJZAN,PRCNC7CH1YM,2025-01,8.25,7+ days,2.0,Customer request waiting response,59.041666666666664
9040,REQ3OY13DZOJZAN,PRCNC7CH1YM,2025-01,8.25,7+ days,2.0,Customer request waiting response,91.625
9047,REQ5EC81TL5ZUK0,PRC8MFXGTN5,2025-10,,,1.0,Underwriting questions review needed,91.5
9048,REQWH7C16ZNVKSM,PRCWBF9M3KT,2025-12,,,1.0,Payment pending confirm receipt,30.208333333333332
9055,REQEATQ17R34HOM,PRC56WMPS7B,2025-12,,,1.0,System issue retry later,32.291666666666664
9056,REQS1MDJT2KFNPA,PRCA43DCL1J,2025-07,,,1.0,Underwriting questions review needed,58.541666666666664
9058,REQTI2ROPKD60H7,PRCG6XA1VP4,2025-12,,,1.0,Unknown,1.8333333333333333
9062,REQM9JETU63U4YT,PRC016ZAYRT,2025-02,,,2.0,Unknown,0.5833333333333334
9063,REQL4S5ZEE33S61,PRCT9F29O5A,2025-05,5.458333333333333,5-7 days,1.0,Missing documents customer to provide,0.16666666666666666
9067,REQ7FSJPGF67PE1,PRC48S8AT55,2025-01,,,1.0,Missing documents customer to provide,60.458333333333336
9069,REQ6JG8QQEM8GTI,PRCLUPVPHCM,2025-02,7.333333333333333,7+ days,1.0,Missing documents customer to provide,60.875
9070,REQQ9DKESZ3NCJA,PRC3OJFLOOG,2025-09,,,3.0,Missing documents customer to provide,2.2083333333333335
9070,REQQ9DKESZ3NCJA,PRC3OJFLOOG,2025-09,,,3.0,Missing documents customer to provide,2.5416666666666665
9070,REQQ9DKESZ3NCJA,PRC3OJFLOOG,2025-09,,,3.0,Missing documents customer to provide,2.3333333333333335
9072,REQXA0RVPKRSXE5,PRCT835PBEP,2025-10,,,1.0,Unknown,1.0833333333333333
9075,REQLIK39U41XKKG,PRCBP9IYDB7,2025-02,,,2.0,Payment pending confirm receipt,0.4583333333333333
9075,REQLIK39U41XKKG,PRCBP9IYDB7,2025-02,,,2.0,Payment pending confirm receipt,1.4166666666666667
9076,REQ50F494BNKY3X,PRCZT191LKF,2025-06,,,1.0,Customer request waiting response,0.375
9081,REQQYH3P1HG2VDF,PRCMKOE9HFL,2025-12,,,3.0,Underwriting questions review needed,1.75
9081,REQQYH3P1HG2VDF,PRCMKOE9HFL,2025-12,,,3.0,Underwriting questions review needed,0.8333333333333334
9081,REQQYH3P1HG2VDF,PRCMKOE9HFL,2025-12,,,3.0,Underwriting questions review needed,0.16666666666666666
9082,REQN54I6Y7RRLC3,PRCO5Z2R8BJ,2025-03,,,1.0,Customer request waiting response,2.625
9083,REQWKQSC3A5A2OF,PRC8YAPSE58,2025-04,,,1.0,Missing documents customer to provide,2.4166666666666665
9088,REQINDXR3LIBFSD,PRCI1R3U7WI,2025-11,,,1.0,System issue retry later,91.91666666666667
9094,REQREZ60XQC7HD5,PRC5MOMN8ZB,2025-09,,,1.0,Missing documents customer to provide,2.375
9099,REQPAWFT0ROXBIG,PRCM9MNUM5T,2025-07,,,1.0,System issue retry later,58.375
9103,REQJI8PMQAK59NO,PRCGVHOU8QQ,2025-02,,,1.0,Customer request waiting response,2.8333333333333335
9104,REQ9WCU2FNWM2H7,PRCWFI7IVVE,2025-05,,,1.0,Missing documents customer to provide,2.4583333333333335
9108,REQZFY0IWD989JD,PRCZJ1R7HIX,2025-01,,,1.0,System issue retry later,2.4583333333333335
9116,REQJ7TXM9ML1RPH,PRC6X59K1IG,2025-06,,,2.0,Unknown,61.583333333333336
9116,REQJ7TXM9ML1RPH,PRC6X59K1IG,2025-06,,,2.0,Unknown,30.0
9117,REQSVIQ8Q7CHXB1,PRCZLBSJN2J,2025-01,2.0,1-4 days,1.0,Underwriting questions review needed,1.5416666666666667
9118,REQFOVP8EMUL9IY,PRCEN8SH526,2025-12,,,1.0,System issue retry later,1.4166666666666667
9122,REQ1TH6I0B4DYZ9,PRCN57QJUCM,2025-03,2.1666666666666665,1-4 days,1.0,Missing documents customer to provide,0.6666666666666666
9123,REQOP6CJLS98T7A,PRCKANRW4HA,2025-03,1.625,1-4 days,2.0,Payment pending confirm receipt,58.666666666666664
9123,REQOP6CJLS98T7A,PRCKANRW4HA,2025-03,1.625,1-4 days,2.0,Payment pending confirm receipt,0.4583333333333333
9124,REQ7JCAEKF9CLCN,PRCKXNXQLM9,2025-03,,,2.0,System issue retry later,1.4583333333333333
9124,REQ7JCAEKF9CLCN,PRCKXNXQLM9,2025-03,,,2.0,System issue retry later,1.7916666666666667
9135,REQNP9MA532UUF9,PRCGDUERQEQ,2025-11,,,1.0,Underwriting questions review needed,30.666666666666668
9139,REQEUA3U8CYH587,PRC2NBT0NTM,2025-05,,,1.0,Customer request waiting response,0.125
9142,REQER281YV526X8,PRC5R9JPJ05,2025-05,,,1.0,Underwriting questions review needed,1.625
9147,REQ3HDHNDIIYOXE,PRCK9LBY25D,2025-08,,,2.0,Payment pending confirm receipt,0.4166666666666667
9147,REQ3HDHNDIIYOXE,PRCK9LBY25D,2025-08,,,2.0,Payment pending confirm receipt,0.8333333333333334
9148,REQRF9O3C7ELYGF,PRCXCKWN0SB,2025-08,,,3.0,Payment pending confirm receipt,59.125
9148,REQRF9O3C7ELYGF,PRCXCKWN0SB,2025-08,,,3.0,Payment pending confirm receipt,61.666666666666664
9148,REQRF9O3C7ELYGF,PRCXCKWN0SB,2025-08,,,3.0,Payment pending confirm receipt,31.458333333333332
9154,REQ5CNHZXWZ0D8C,PRCS28DFM3D,2025-05,,,1.0,Customer request waiting response,30.958333333333332
9155,REQCA5HGC4M0CH5,PRCSNL4C3MY,2025-10,,,1.0,Underwriting questions review needed,0.875
9157,REQBF8F4XL0L5V0,PRCVWM00ZJO,2025-11,,,1.0,Customer request waiting response,29.875
9158,REQ1XUFGSUKUYQN,PRC7WGO21CK,2025-09,2.9166666666666665,1-4 days,2.0,Payment pending confirm receipt,2.5
9158,REQ1XUFGSUKUYQN,PRC7WGO21CK,2025-09,2.9166666666666665,1-4 days,2.0,Payment pending confirm receipt,1.625
9159,REQLHNA6NGT09RD,PRC50TLXP1A,2025-06,,,3.0,Missing documents customer to provide,1.2083333333333333
9159,REQLHNA6NGT09RD,PRC50TLXP1A,2025-06,,,3.0,Missing documents customer to provide,0.75
9159,REQLHNA6NGT09RD,PRC50TLXP1A,2025-06,,,3.0,Missing documents customer to provide,0.9583333333333334
9161,REQ2K2NF4CL3LIS,PRCEGZV0NAI,2025-06,1.6666666666666667,1-4 days,2.0,System issue retry later,2.5416666666666665
9161,REQ2K2NF4CL3LIS,PRCEGZV0NAI,2025-06,1.6666666666666667,1-4 days,2.0,System issue retry later,1.0
9162,REQY6WGHXF2EGIN,PRCC8K8MRME,2025-05,2.625,1-4 days,1.0,Unknown,1.7083333333333333
9163,REQR4ZXRK152239,PRCI4U43YRZ,2025-10,,,1.0,Unknown,2.25
9171,REQQBAW59ALBFYZ,PRCO1UCJTK8,2025-07,,,1.0,Unknown,1.375
9174,REQ4Z798OIUF7U8,PRC59ITFY2K,2025-06,,,1.0,Unknown,91.83333333333333
9176,REQ8ZMFEI0GXDD1,PRC8EHI99A4,2025-06,,,2.0,Payment pending confirm receipt,30.291666666666668
9176,REQ8ZMFEI0GXDD1,PRC8EHI99A4,2025-06,,,2.0,Payment pending confirm receipt,91.95833333333333
9177,REQR08HFBSDZJI0,PRC477TCTSD,2025-06,1.875,1-4 days,1.0,Unknown,1.1666666666666667
9179,REQA23FRPMH44LT,PRC4SOB5RFR,2025-11,0.7083333333333334,1-4 days,1.0,Payment pending confirm receipt,0.08333333333333333
9182,REQMKPKDEYDJ53D,PRCE1AQ44NM,2025-08,,,1.0,Underwriting questions review needed,27.333333333333332
9184,REQY50CYU5IKZSZ,PRCAFT4SGUO,2025-11,0.75,1-4 days,1.0,Underwriting questions review needed,1.4166666666666667
9187,REQHME94WHOT0U2,PRCGOCQMLP9,2025-05,4.5,5-7 days,1.0,Customer request waiting response,1.2916666666666667
9192,REQKUMXRO46ODWW,PRCW5WC8IIY,2025-11,,,1.0,Customer request waiting response,2.8333333333333335
9194,REQUAJ82SLZSGMV,PRCR5Q2DUY3,2025-03,2.4166666666666665,1-4 days,2.0,Payment pending confirm receipt,31.166666666666668
9194,REQUAJ82SLZSGMV,PRCR5Q2DUY3,2025-03,2.4166666666666665,1-4 days,2.0,Payment pending confirm receipt,29.958333333333332
9198,REQ1R8DQHLRZXGF,PRCS03T063N,2025-05,6.666666666666667,5-7 days,1.0,Payment pending confirm receipt,2.5
9200,REQHM48FOBOE391,PRCHMEX2Y9B,2025-08,0.2916666666666667,1-4 days,1.0,System issue retry later,30.708333333333332
9201,REQ68L9IOWJT05C,PRCC7OO5JUK,2025-08,6.458333333333333,5-7 days,1.0,Unknown,61.833333333333336
9202,REQRHACMRJTZZF6,PRCAXUPZL4T,2025-03,5.5,5-7 days,1.0,System issue retry later,0.6666666666666666
9206,REQNPPJBS4TIB5W,PRCOEXQI6IR,2025-04,3.375,1-4 days,1.0,Unknown,2.0416666666666665
9207,REQLU2DL0UH02YX,PRC47Y08RD2,2025-06,,,2.0,Underwriting questions review needed,2.8333333333333335
9207,REQLU2DL0UH02YX,PRC47Y08RD2,2025-06,,,2.0,Underwriting questions review needed,2.5
9208,REQNCI3WV1YEIIG,PRCSMZZAT6F,2025-12,9.583333333333334,7+ days,1.0,Unknown,1.0416666666666667
9209,REQA8KY5R7URDVT,PRCXV2LYGK5,2025-01,2.9583333333333335,1-4 days,1.0,System issue retry later,2.9166666666666665
9210,REQPLPN5WQP8Z7I,PRC0P5SY8SV,2025-08,,,2.0,Missing documents customer to provide,28.0
9212,REQOS491QT06O8A,PRCSFFT54GD,2025-03,4.041666666666667,5-7 days,1.0,Customer request waiting response,0.875
9213,REQ7OXKUFUFFBE3,PRCMWVAX25S,2025-04,,,1.0,Customer request waiting response,0.5
9218,REQWCFFRPRF9COS,PRCBV5BZ95P,2025-08,,,1.0,Missing documents customer to provide,0.5416666666666666
9220,REQWIEFNLOZ4F8P,PRCPB8COWX7,2025-07,,,1.0,Customer request waiting response,61.0
9221,REQ4NNTRF5P2Q73,PRCLANORX45,2025-01,,,2.0,Payment pending confirm receipt,1.375
9227,REQ3BAD9DZ979OQ,PRC84PU6JSC,2025-12,2.0416666666666665,1-4 days,1.0,Unknown,91.625
9232,REQOYB8RYFRMQEK,PRC7U0UP5VP,2025-11,,,1.0,Missing documents customer to provide,0.9583333333333334
9238,REQ0VLW1NNPARHQ,PRCSYKJJ1UR,2025-08,,,1.0,Payment pending confirm receipt,0.041666666666666664
9248,REQFTO3BV4KBQA2,PRCJ1CKU2KK,2025-07,,,2.0,Customer request waiting response,0.08333333333333333
9249,REQ4BADHDIZP7U5,PRCKP91AXBQ,2025-01,,,2.0,System issue retry later,29.75
9250,REQN3W4XYRR1VRY,PRCJK7Y1JOM,2025-08,,,1.0,Payment pending confirm receipt,1.125
9252,REQE3V2SV6W9DSR,PRC67XOWCKN,2025-05,,,1.0,Underwriting questions review needed,2.9583333333333335
9257,REQGLJVKUAUDSUB,PRCYUAL7IJT,2025-03,0.625,1-4 days,1.0,Customer request waiting response,3.0
9262,REQZSC526NAFS2H,PRCP17OQSEF,2025-07,,,1.0,System issue retry later,0.3333333333333333
9266,REQPDAFZV0RDL9A,PRCCM29IG62,2025-07,,,2.0,Payment pending confirm receipt,1.5833333333333333
9266,REQPDAFZV0RDL9A,PRCCM29IG62,2025-07,,,2.0,Payment pending confirm receipt,2.9166666666666665
9268,REQUI5QP0X7LHX9,PRCGS4LLPJS,2025-12,7.75,7+ days,1.0,Payment pending confirm receipt,0.875
9274,REQLG0P63XT9BCD,PRC13EMA4W5,2025-10,1.5,1-4 days,1.0,System issue retry later,2.0416666666666665
9275,REQZDKSPGTZ8O85,PRCDUMYY7ZN,2025-07,,,2.0,Missing documents customer to provide,88.75
9281,REQUM8PRG5E9DUS,PRCO0JEIMTM,2025-05,,,1.0,Underwriting questions review needed,0.9166666666666666
9284,REQJ9V2SRF3FJSX,PRC53A57CIG,2025-05,,,1.0,Missing documents customer to provide,2.0
9285,REQZXBA48MYNZT5,PRCXRML61HU,2025-04,1.4583333333333333,1-4 days,1.0,Unknown,61.0
9287,REQ7MD91N7DENN9,PRCKX9M4JZT,2025-01,,,1.0,Unknown,2.9166666666666665
9288,REQG7Z3S063BS95,PRCTTAC6EJA,2025-12,,,1.0,System issue retry later,61.791666666666664
9289,REQ485GE10JB6FV,PRCMKECT81O,2025-08,,,1.0,System issue retry later,1.2083333333333333
9290,REQN03N46D41DQP,PRC3GRJRTIQ,2025-12,11.166666666666666,7+ days,1.0,Underwriting questions review needed,0.5
9295,REQKZM4TW1MFYT1,PRC381NBUZ9,2025-11,,,1.0,Unknown,62.0
9296,REQ7UN40QWLT2EO,PRCU4IR52HU,2025-08,3.4583333333333335,1-4 days,1.0,Unknown,0.2916666666666667
9298,REQMQFRVQQQKUM7,PRC5LRATQZG,2025-08,,,2.0,Customer request waiting response,2.375
9298,REQMQFRVQQQKUM7,PRC5LRATQZG,2025-08,,,2.0,Customer request waiting response,0.75
9301,REQE0PBD4LTXJUI,PRC2J9FKRTR,2025-08,,,1.0,Customer request waiting response,2.9166666666666665
9302,REQX8FK8XCJ92DA,PRC9DOSR0SJ,2025-07,,,1.0,Payment pending confirm receipt,2.0
9303,REQY8L6JJIZNFPE,PRCK9BEK4CE,2025-12,,,1.0,Customer request waiting response,0.7916666666666666
9305,REQLHSMUA1T73S0,PRCHHBH8WPU,2025-04,,,1.0,Missing documents customer to provide,1.9583333333333333
9306,REQVRTZW6NV9JN5,PRCOROAEPA4,2025-01,,,3.0,Underwriting questions review needed,1.1666666666666667
9306,REQVRTZW6NV9JN5,PRCOROAEPA4,2025-01,,,3.0,Underwriting questions review needed,2.5833333333333335
9312,REQZYJRJHB10Z5R,PRCFEIBLS45,2025-12,6.041666666666667,5-7 days,1.0,Customer request waiting response,0.8333333333333334
9313,REQUHOX7KO80E2D,PRCX9NWQSA2,2025-05,,,3.0,Missing documents customer to provide,31.416666666666668
9313,REQUHOX7KO80E2D,PRCX9NWQSA2,2025-05,,,3.0,Missing documents customer to provide,2.5
9320,REQTZLVOFMSR096,PRCCVA716HL,2025-09,1.4583333333333333,1-4 days,3.0,Customer request waiting response,2.2083333333333335
9320,REQTZLVOFMSR096,PRCCVA716HL,2025-09,1.4583333333333333,1-4 days,3.0,Customer request waiting response,2.7083333333333335
9320,REQTZLVOFMSR096,PRCCVA716HL,2025-09,1.4583333333333333,1-4 days,3.0,Customer request waiting response,1.5833333333333333
9321,REQ39J9774B6QS7,PRC7KM041AU,2025-07,,,2.0,System issue retry later,61.291666666666664
9321,REQ39J9774B6QS7,PRC7KM041AU,2025-07,,,2.0,System issue retry later,60.833333333333336
9323,REQLQCIKMY4EHGZ,PRCUTV7HUKI,2025-11,4.0,1-4 days,1.0,System issue retry later,90.25
9324,REQRYC3WL1VEBUC,PRC4QHCYQ81,2025-04,10.666666666666666,7+ days,1.0,Payment pending confirm receipt,2.0416666666666665
9326,REQWU4WVZU34XNK,PRCFBO957ZF,2025-07,,,1.0,Missing documents customer to provide,1.9583333333333333
9329,REQLKR9OXJQMM7D,PRC6FWIRUBM,2025-01,2.2916666666666665,1-4 days,1.0,Underwriting questions review needed,1.1666666666666667
9330,REQI4PN3FKL4RH1,PRCWR3LBOXZ,2025-10,,,1.0,Missing documents customer to provide,2.9166666666666665
9333,REQZ62LPQVD21NG,PRC2O2O5WEL,2025-10,5.583333333333333,5-7 days,1.0,System issue retry later,0.125
9335,REQ6T51F9234DYR,PRCQDPLW28L,2025-01,,,2.0,Underwriting questions review needed,59.0
9336,REQ8CQYFASAY1MV,PRCNO04LD0A,2025-09,,,1.0,Underwriting questions review needed,1.9166666666666667
9338,REQ0WFT0QYNY3QE,PRCMV522C36,2025-01,6.458333333333333,5-7 days,1.0,Missing documents customer to provide,1.0
9341,REQC2JLCS1FCSFL,PRC8WOILPC4,2025-08,,,1.0,Underwriting questions review needed,0.5833333333333334
9343,REQM0MHZMA3JPRR,PRCNW7NSHON,2025-06,,,1.0,Customer request waiting response,2.5416666666666665
9344,REQ8T5RFRA1UEUY,PRCF85EE7YD,2025-02,,,1.0,Missing documents customer to provide,1.8333333333333333
9346,REQBNLHKG69ES9M,PRCJXSOOMRU,2025-03,,,1.0,System issue retry later,1.5833333333333333
9349,REQVGD8AARBZVNE,PRCQSAY6P9Z,2025-01,,,1.0,Missing documents customer to provide,31.125
9350,REQGV4NUNCCF6XS,PRCEC8SYHTT,2025-05,13.458333333333334,7+ days,1.0,System issue retry later,61.583333333333336
9352,REQS1Y5Q2YU2NWK,PRC0VKZUJ6Z,2025-05,,,1.0,Payment pending confirm receipt,0.7083333333333334
9354,REQPS16DH0THTOD,PRCUS7F0QV6,2025-08,,,1.0,Unknown,92.0
9356,REQ43OK1OKAO0ZB,PRCP0ZJ4DZS,2025-09,,,1.0,Payment pending confirm receipt,1.875
9357,REQ9I65WLLICXWH,PRCXG0TW8RS,2025-11,2.5,1-4 days,1.0,Unknown,0.9583333333333334
9361,REQQMHTPV99UZRT,PRCEVFQKA62,2025-01,,,3.0,Customer request waiting response,0.4583333333333333
9361,REQQMHTPV99UZRT,PRCEVFQKA62,2025-01,,,3.0,Customer request waiting response,1.1666666666666667
9361,REQQMHTPV99UZRT,PRCEVFQKA62,2025-01,,,3.0,Customer request waiting response,0.125
9364,REQO4SVTVBW4KM6,PRC8DIFILVN,2025-06,,,1.0,Customer request waiting response,0.2916666666666667
9367,REQTRK9EA43S6O5,PRCTGHDRXG1,2025-10,,,2.0,Customer request waiting response,2.9166666666666665
9367,REQTRK9EA43S6O5,PRCTGHDRXG1,2025-10,,,2.0,Customer request waiting response,2.75
9368,REQFQRUY5MG7KJB,PRCLV1CLKJB,2025-09,,,1.0,Underwriting questions review needed,0.20833333333333334
9369,REQMYK4KRHDXR39,PRC41GJN0G8,2025-12,,,2.0,Unknown,2.5416666666666665
9369,REQMYK4KRHDXR39,PRC41GJN0G8,2025-12,,,2.0,Unknown,2.3333333333333335
9371,REQPLFAMZ7ZU3G3,PRCNT0TTLAH,2025-12,,,2.0,Underwriting questions review needed,1.0833333333333333
9371,REQPLFAMZ7ZU3G3,PRCNT0TTLAH,2025-12,,,2.0,Underwriting questions review needed,1.875
9384,REQ64TFP4JT7LEQ,PRCICDRAU68,2025-09,,,2.0,Customer request waiting response,2.2083333333333335
9384,REQ64TFP4JT7LEQ,PRCICDRAU68,2025-09,,,2.0,Customer request waiting response,0.7916666666666666
9385,REQJBL5JC7B2B2A,PRCX0VOBOT0,2025-11,,,1.0,Missing documents customer to provide,0.2916666666666667
9389,REQVLM78Z6PXUYN,PRCACPXGZK1,2025-09,,,1.0,Missing documents customer to provide,0.5833333333333334
9392,REQQ61M8M2DXL3V,PRCKQAAQX0H,2025-11,,,3.0,System issue retry later,30.458333333333332
9392,REQQ61M8M2DXL3V,PRCKQAAQX0H,2025-11,,,3.0,System issue retry later,1.6666666666666667
9392,REQQ61M8M2DXL3V,PRCKQAAQX0H,2025-11,,,3.0,System issue retry later,0.125
9395,REQOS2Q3XKR298K,PRCAK0WLAOZ,2025-02,3.6666666666666665,1-4 days,1.0,Payment pending confirm receipt,62.583333333333336
9396,REQ58R0KABBZDJ3,PRC30O5JR19,2025-09,,,1.0,Missing documents customer to provide,30.541666666666668
9397,REQSDCYE9ILXWD3,PRCKQK16KM1,2025-02,2.0416666666666665,1-4 days,1.0,Payment pending confirm receipt,61.0
9398,REQZFE1EBDDKAFR,PRC72RKYDSB,2025-11,,,1.0,Unknown,28.083333333333332
9399,REQ5ADWXH4H3PYJ,PRCD24640PD,2025-03,10.458333333333334,7+ days,1.0,Payment pending confirm receipt,27.375
9400,REQV27MGR3SAIOF,PRCDBTOIY6L,2025-09,,,1.0,Unknown,2.25
9402,REQ074A0UTSCXL2,PRCFGJ8L2R7,2025-06,,,1.0,Unknown,1.0
9405,REQUF7GGKIJ0QOW,PRC57K1NNGG,2025-07,,,1.0,System issue retry later,0.625
9409,REQHMPG41ZEA718,PRC8W0DRCZN,2025-08,6.166666666666667,5-7 days,1.0,Missing documents customer to provide,2.4166666666666665
9412,REQZT2LOE0O8DEN,PRC1BZASTYX,2025-06,,,3.0,Payment pending confirm receipt,0.25
9412,REQZT2LOE0O8DEN,PRC1BZASTYX,2025-06,,,3.0,Payment pending confirm receipt,91.625
9416,REQD5UEP9W3X33P,PRC59YHBQ8Q,2025-08,3.0833333333333335,1-4 days,1.0,Underwriting questions review needed,0.125
9419,REQAAIPDAA1EA5A,PRCKJIY5MQ7,2025-10,,,2.0,Payment pending confirm receipt,0.5
9419,REQAAIPDAA1EA5A,PRCKJIY5MQ7,2025-10,,,2.0,Payment pending confirm receipt,1.6666666666666667
9422,REQU4S5UL0K13QQ,PRC3L451MYO,2025-07,8.25,7+ days,1.0,Payment pending confirm receipt,31.166666666666668
9423,REQHTMJTO7AM09O,PRC8NUP3ZQD,2025-12,,,1.0,Payment pending confirm receipt,2.7916666666666665
9427,REQQW2UWPTLO55K,PRCLZ5COB34,2025-10,,,1.0,Unknown,31.291666666666668
9430,REQ7KB07E1QJU9I,PRC0H5WLJ3W,2025-11,,,1.0,System issue retry later,0.125
9431,REQLERGBCPEKC7F,PRCC0FACBLR,2025-09,,,3.0,Unknown,61.166666666666664
9431,REQLERGBCPEKC7F,PRCC0FACBLR,2025-09,,,3.0,Unknown,61.458333333333336
9434,REQIJE7JDHLSVED,PRCSFNRPOZ9,2025-11,4.875,5-7 days,2.0,Customer request waiting response,0.5416666666666666
9434,REQIJE7JDHLSVED,PRCSFNRPOZ9,2025-11,4.875,5-7 days,2.0,Customer request waiting response,2.8333333333333335
9439,REQTZMAKTALYN9C,PRCSO3JICAS,2025-08,,,1.0,Missing documents customer to provide,0.375
9441,REQ50VV2O8JJQ6P,PRC9QM4U88U,2025-01,,,1.0,System issue retry later,1.8333333333333333
9445,REQZJ1L8P06QJIS,PRCETWAF615,2025-05,,,1.0,Customer request waiting response,91.45833333333333
9447,REQSCQAIXLQTH3W,PRCOQKK00CL,2025-09,3.2083333333333335,1-4 days,3.0,System issue retry later,30.083333333333332
9447,REQSCQAIXLQTH3W,PRCOQKK00CL,2025-09,3.2083333333333335,1-4 days,3.0,System issue retry later,2.0
9453,REQG6DKN7XTGDWB,PRCRHLGTVZB,2025-02,,,1.0,Customer request waiting response,28.125
9456,REQFOH6XWO7BTAP,PRCM52UYLOT,2025-08,,,1.0,Unknown,59.0
9463,REQJB99GT4QK71E,PRC1BCP6WOC,2025-02,,,3.0,Underwriting questions review needed,1.875
9463,REQJB99GT4QK71E,PRC1BCP6WOC,2025-02,,,3.0,Underwriting questions review needed,1.7916666666666667
9463,REQJB99GT4QK71E,PRC1BCP6WOC,2025-02,,,3.0,Underwriting questions review needed,0.3333333333333333
9464,REQJTUT53C37A3P,PRCB7Q7OQ0V,2025-07,,,1.0,Customer request waiting response,2.0
9466,REQ49TBCE2LL9HZ,PRC4Q4P7ZJ2,2025-11,,,1.0,System issue retry later,31.125
9471,REQ4U3VVN6MM8JV,PRC14PE4T47,2025-07,,,1.0,Customer request waiting response,30.666666666666668
9472,REQVAVNBANID0SY,PRCV7S561IV,2025-04,,,1.0,Customer request waiting response,0.7916666666666666
9473,REQABM5GGMYLIV4,PRC2VFGFCGV,2025-04,,,2.0,Customer request waiting response,29.666666666666668
9474,REQU35TK6WSFLOJ,PRC6DS43ZWT,2025-12,,,1.0,Underwriting questions review needed,2.9583333333333335
9483,REQ33MOMAUJFITW,PRCB38M3HFG,2025-10,,,2.0,Underwriting questions review needed,91.33333333333333
9483,REQ33MOMAUJFITW,PRCB38M3HFG,2025-10,,,2.0,Underwriting questions review needed,29.875
9484,REQ3I7IBSHMMUD4,PRCNOOINKDO,2025-12,,,1.0,Unknown,0.7083333333333334
9486,REQQJU5WNUT2I6E,PRCL8O0T4J0,2025-02,11.708333333333334,7+ days,3.0,System issue retry later,91.875
9486,REQQJU5WNUT2I6E,PRCL8O0T4J0,2025-02,11.708333333333334,7+ days,3.0,System issue retry later,29.791666666666668
9486,REQQJU5WNUT2I6E,PRCL8O0T4J0,2025-02,11.708333333333334,7+ days,3.0,System issue retry later,60.875
9488,REQXPZ3BNZF9CAC,PRCP07TO36R,2025-12,2.625,1-4 days,1.0,Payment pending confirm receipt,0.25
9492,REQSPFCLAC2MS52,PRC66DZJ5QT,2025-08,3.125,1-4 days,2.0,Customer request waiting response,2.375
9492,REQSPFCLAC2MS52,PRC66DZJ5QT,2025-08,3.125,1-4 days,2.0,Customer request waiting response,2.8333333333333335
9495,REQJIACX8L0WNDZ,PRC6ICR2JRN,2025-12,,,1.0,Customer request waiting response,1.375
9498,REQQJW7SKMQIDD0,PRC9V9MEUKE,2025-01,,,3.0,Customer request waiting response,0.5
9498,REQQJW7SKMQIDD0,PRC9V9MEUKE,2025-01,,,3.0,Customer request waiting response,1.625
9498,REQQJW7SKMQIDD0,PRC9V9MEUKE,2025-01,,,3.0,Customer request waiting response,0.9583333333333334
9505,REQ33PSEX4VEO02,PRCCGUW8DZE,2025-05,,,2.0,Missing documents customer to provide,2.7916666666666665
9505,REQ33PSEX4VEO02,PRCCGUW8DZE,2025-05,,,2.0,Missing documents customer to provide,1.2083333333333333
9510,REQW8WW9JW1MLZZ,PRC7DH7N8BO,2025-01,12.041666666666666,7+ days,1.0,Unknown,2.625
9513,REQCJCAMYORQUDB,PRCF0XHZFRX,2025-07,,,1.0,Underwriting questions review needed,91.83333333333333
9514,REQUUD9EEMDLFCB,PRC3LYIKP9S,2025-01,2.8333333333333335,1-4 days,1.0,Customer request waiting response,0.5416666666666666
9517,REQXMDGIWQ0YQVV,PRCVBQG51IN,2025-12,,,1.0,Unknown,2.2916666666666665
9520,REQMPNUPLKS4I2I,PRC7UHI34IS,2025-01,,,1.0,Missing documents customer to provide,31.375
9521,REQRI1I74G3SONA,PRC89UAGBZI,2025-12,,,1.0,System issue retry later,30.75
9522,REQBJXI35AE0MQ2,PRC5SAZ7E0J,2025-11,,,2.0,System issue retry later,2.7916666666666665
9522,REQBJXI35AE0MQ2,PRC5SAZ7E0J,2025-11,,,2.0,System issue retry later,0.875
9524,REQBZXUYGVGS3PH,PRCCVGK7G9I,2025-09,8.333333333333334,7+ days,1.0,System issue retry later,91.625
9527,REQQR4SN8X45PKU,PRCADZJT8DH,2025-10,,,1.0,Payment pending confirm receipt,0.16666666666666666
9528,REQUIF6P022ENV6,PRCUIL13W9W,2025-12,,,1.0,Unknown,2.25
9529,REQMYQT7TR3MHTR,PRC0GJSGWAZ,2025-01,0.9166666666666666,1-4 days,1.0,Missing documents customer to provide,1.25
9531,REQU1J76LNLV8R1,PRCVSDEKKRU,2025-05,5.083333333333333,5-7 days,2.0,Customer request waiting response,88.91666666666667
9531,REQU1J76LNLV8R1,PRCVSDEKKRU,2025-05,5.083333333333333,5-7 days,2.0,Customer request waiting response,0.5416666666666666
9532,REQJO6E4QB5MOP6,PRCXDUO6J3O,2025-02,1.875,1-4 days,2.0,Missing documents customer to provide,2.2916666666666665
9532,REQJO6E4QB5MOP6,PRCXDUO6J3O,2025-02,1.875,1-4 days,2.0,Missing documents customer to provide,1.7916666666666667
9533,REQOWOEDL25PDDC,PRC34ZSYTXQ,2025-12,,,1.0,Payment pending confirm receipt,0.125
9543,REQD4WGI6CLBDOM,PRCLPEVLFGR,2025-07,,,1.0,Payment pending confirm receipt,2.875
9545,REQ8KKFHOCJ9ZKN,PRCF3T4QXQ4,2025-07,,,2.0,Missing documents customer to provide,0.6666666666666666
9545,REQ8KKFHOCJ9ZKN,PRCF3T4QXQ4,2025-07,,,2.0,Missing documents customer to provide,31.083333333333332
9548,REQTOUXOWA1H9JM,PRCU4TNS4VV,2025-02,,,2.0,Unknown,0.08333333333333333
9548,REQTOUXOWA1H9JM,PRCU4TNS4VV,2025-02,,,2.0,Unknown,0.875
9549,REQZ2TEHINQVOH5,PRCGBBM3RFK,2025-05,,,1.0,Customer request waiting response,1.9583333333333333
9553,REQSUMIR9U6EBFB,PRC5P18AUEX,2025-11,,,1.0,Missing documents customer to provide,2.0833333333333335
9554,REQCNLMCCSUBK1E,PRCA24HED7B,2025-04,,,1.0,Payment pending confirm receipt,0.16666666666666666
9556,REQ4J1FBCVJK506,PRCER5BTDNG,2025-06,,,3.0,Payment pending confirm receipt,1.375
9556,REQ4J1FBCVJK506,PRCER5BTDNG,2025-06,,,3.0,Payment pending confirm receipt,0.875
9556,REQ4J1FBCVJK506,PRCER5BTDNG,2025-06,,,3.0,Payment pending confirm receipt,2.875
9557,REQQOHATLNTR7P0,PRC9T0YT81U,2025-05,1.1666666666666667,1-4 days,1.0,Missing documents customer to provide,0.5833333333333334
9560,REQCOUYK0NI8X1G,PRCEQ50GQ5I,2025-08,6.833333333333333,5-7 days,3.0,Underwriting questions review needed,1.9166666666666667
9560,REQCOUYK0NI8X1G,PRCEQ50GQ5I,2025-08,6.833333333333333,5-7 days,3.0,Underwriting questions review needed,1.4166666666666667
9560,REQCOUYK0NI8X1G,PRCEQ50GQ5I,2025-08,6.833333333333333,5-7 days,3.0,Underwriting questions review needed,0.8333333333333334
9566,REQ769DON1F8RXQ,PRCVJH0EAE0,2025-08,,,1.0,Missing documents customer to provide,1.1666666666666667
9567,REQO8COWXRVMARP,PRCUU36VEH0,2025-06,,,1.0,Payment pending confirm receipt,31.166666666666668
9572,REQWXEO2WUMJ2WV,PRC4DY9DOST,2025-07,,,1.0,Missing documents customer to provide,1.7916666666666667
9575,REQGGUM4JSMRFPU,PRCBJ5ZXH9E,2025-10,,,1.0,Customer request waiting response,2.5833333333333335
9577,REQU8ZFOOTSZYYC,PRC78P3OJ2K,2025-12,,,1.0,Missing documents customer to provide,2.875
9579,REQJ323U6GOASIO,PRCNL6P25X9,2025-01,,,1.0,Unknown,90.79166666666667
9582,REQOBCCK2D5EIY3,PRC8Q3PNKE1,2025-12,,,1.0,Customer request waiting response,60.833333333333336
9584,REQYYPX4QMMVMKR,PRC2VAVYE7R,2025-09,,,1.0,Unknown,30.958333333333332
9586,REQ2Y26Y0SLTH3C,PRCMA73CILR,2025-07,,,2.0,Payment pending confirm receipt,0.2916666666666667
9586,REQ2Y26Y0SLTH3C,PRCMA73CILR,2025-07,,,2.0,Payment pending confirm receipt,0.7916666666666666
9587,REQMCZSOS6JPOT3,PRCSU9TQIXG,2025-04,,,2.0,Customer request waiting response,61.541666666666664
9589,REQVBQB7T3ADJBP,PRC64J8PYZL,2025-01,,,3.0,Payment pending confirm receipt,0.8333333333333334
9589,REQVBQB7T3ADJBP,PRC64J8PYZL,2025-01,,,3.0,Payment pending confirm receipt,1.2083333333333333
9589,REQVBQB7T3ADJBP,PRC64J8PYZL,2025-01,,,3.0,Payment pending confirm receipt,1.375
9595,REQFD4VV2Y8ATYH,PRC0JJO9SQ4,2025-07,,,1.0,Payment pending confirm receipt,88.91666666666667
9596,REQNI1PA5YNIB6N,PRCIBGI544Y,2025-10,,,1.0,Missing documents customer to provide,2.7916666666666665
9601,REQ0VLEEXA4KKI9,PRCR82R12UE,2025-01,10.916666666666666,7+ days,1.0,Missing documents customer to provide,1.375
9603,REQJOA1PMU1LWYP,PRCQ9KZTMQI,2025-10,,,1.0,System issue retry later,1.5416666666666667
9604,REQ9F3QKH7A4HGC,PRCJW2L9S8L,2025-03,,,1.0,Payment pending confirm receipt,90.83333333333333
9606,REQF76JZPSDGW1K,PRCV3L1ESO3,2025-11,,,1.0,Unknown,1.875
9609,REQ0ZTZDIEAUEDI,PRC6TL7EDBI,2025-07,,,1.0,Missing documents customer to provide,0.4166666666666667
9613,REQ01W7Q2DKW770,PRCDI9IXHJG,2025-12,,,3.0,Customer request waiting response,1.625
9613,REQ01W7Q2DKW770,PRCDI9IXHJG,2025-12,,,3.0,Customer request waiting response,0.20833333333333334
9613,REQ01W7Q2DKW770,PRCDI9IXHJG,2025-12,,,3.0,Customer request waiting response,0.8333333333333334
9615,REQKBGER66S4P7B,PRCCQ0MHFC8,2025-12,,,1.0,Missing documents customer to provide,1.9166666666666667
9616,REQCILRA8TBARZX,PRCDD47UYL1,2025-02,,,1.0,System issue retry later,1.375
9621,REQ6V163A0A8SZT,PRCQ9WJVH7N,2025-05,,,2.0,Missing documents customer to provide,89.5
9621,REQ6V163A0A8SZT,PRCQ9WJVH7N,2025-05,,,2.0,Missing documents customer to provide,61.875
9623,REQMEM5PILV10EV,PRCN99S39KC,2025-07,,,2.0,System issue retry later,0.625
9623,REQMEM5PILV10EV,PRCN99S39KC,2025-07,,,2.0,System issue retry later,1.0
9625,REQQSYEBQG5W1IC,PRC5K4UGTM8,2025-08,,,1.0,Unknown,0.4166666666666667
9630,REQ5FS0UKFQBCZF,PRCXR013R76,2025-08,,,1.0,Customer request waiting response,1.625
9631,REQV7JZPT9GS6P3,PRC5Y9ZY2QL,2025-01,,,1.0,Customer request waiting response,61.0
9633,REQ1C1APOULNCGC,PRCF2KT6003,2025-08,,,1.0,System issue retry later,1.25
9634,REQEXU1UXU2UE3U,PRC0AYM4MHZ,2025-07,,,3.0,System issue retry later,0.3333333333333333
9634,REQEXU1UXU2UE3U,PRC0AYM4MHZ,2025-07,,,3.0,System issue retry later,31.625
9634,REQEXU1UXU2UE3U,PRC0AYM4MHZ,2025-07,,,3.0,System issue retry later,90.91666666666667
9639,REQG6YJCTHRPWUV,PRC9IH1C54L,2025-11,,,1.0,Payment pending confirm receipt,61.333333333333336
9640,REQ2ZF70K96UIWU,PRCEVXA70CL,2025-10,,,1.0,Missing documents customer to provide,0.041666666666666664
9644,REQBYB4SGU5A0HZ,PRCIVZAJK9T,2025-01,,,2.0,Missing documents customer to provide,0.125
9644,REQBYB4SGU5A0HZ,PRCIVZAJK9T,2025-01,,,2.0,Missing documents customer to provide,0.2916666666666667
9646,REQU5R0PYRKL6TW,PRCGU00LNPN,2025-02,,,1.0,Payment pending confirm receipt,2.6666666666666665
9652,REQ6C19J248VTCE,PRCZ94UH4N7,2025-02,3.2916666666666665,1-4 days,3.0,System issue retry later,1.5416666666666667
9652,REQ6C19J248VTCE,PRCZ94UH4N7,2025-02,3.2916666666666665,1-4 days,3.0,System issue retry later,1.2083333333333333
9652,REQ6C19J248VTCE,PRCZ94UH4N7,2025-02,3.2916666666666665,1-4 days,3.0,System issue retry later,0.041666666666666664
9653,REQBFZ5YC3WN3DO,PRCWNDZVFMF,2025-01,,,1.0,Customer request waiting response,2.7083333333333335
9657,REQ70EA5QNGJ6Q4,PRCIWSKKE2W,2025-11,,,1.0,Customer request waiting response,2.3333333333333335
9658,REQHX7IITT29HHG,PRCEJRHJXPF,2025-07,,,1.0,Payment pending confirm receipt,2.0
9659,REQYICYMYTGQD14,PRCHADH34KV,2025-05,,,1.0,System issue retry later,1.25
9661,REQ6TCIHL4KN2F3,PRCYOVNSJZJ,2025-05,,,1.0,Underwriting questions review needed,1.8333333333333333
9664,REQHOTQB7ZBYU9B,PRCHJ79P0VI,2025-08,0.5833333333333334,1-4 days,2.0,System issue retry later,0.08333333333333333
9669,REQO0M24YDSR68H,PRC0CQQZAC0,2025-06,,,1.0,Missing documents customer to provide,61.083333333333336
9670,REQY7OJXRFG5VDT,PRCFH82TCQP,2025-05,,,1.0,System issue retry later,30.0
9671,REQZ5LIN6OBX5VB,PRCFB7D6LSM,2025-12,,,1.0,System issue retry later,2.2083333333333335
9673,REQMCJQE5Q4P8CA,PRCP92Z6XK3,2025-05,,,3.0,System issue retry later,1.3333333333333333
9673,REQMCJQE5Q4P8CA,PRCP92Z6XK3,2025-05,,,3.0,System issue retry later,0.375
9673,REQMCJQE5Q4P8CA,PRCP92Z6XK3,2025-05,,,3.0,System issue retry later,1.4583333333333333
9675,REQACCXOX1D1KEC,PRC59JXZCHD,2025-02,,,1.0,Missing documents customer to provide,0.8333333333333334
9676,REQXJ9XYHQAFE3V,PRCYDAW5S3F,2025-03,2.5833333333333335,1-4 days,1.0,Unknown,1.5416666666666667
9682,REQ9WI3KV9OTNML,PRCPBD3YP1C,2025-12,,,1.0,Underwriting questions review needed,30.541666666666668
9683,REQ0C81ENACPHB3,PRC01Q7CVKX,2025-12,,,1.0,System issue retry later,0.4166666666666667
9684,REQCCYDWVMOVO1I,PRCRGAFZBAZ,2025-03,1.75,1-4 days,1.0,Payment pending confirm receipt,0.3333333333333333
9685,REQCHX999ARUXNP,PRCJWAOYC0M,2025-03,,,2.0,Unknown,2.5833333333333335
9685,REQCHX999ARUXNP,PRCJWAOYC0M,2025-03,,,2.0,Unknown,2.5416666666666665
9688,REQFTPO9151KZ2W,PRCIK0V84MP,2025-10,,,2.0,Underwriting questions review needed,1.7916666666666667
9688,REQFTPO9151KZ2W,PRCIK0V84MP,2025-10,,,2.0,Underwriting questions review needed,0.08333333333333333
9692,REQGK71PLVNG0TD,PRCJGLA0SMJ,2025-12,,,1.0,Missing documents customer to provide,1.0
9698,REQHG9YGQ5KHLUD,PRC8QM9UF0D,2025-08,,,1.0,Missing documents customer to provide,0.6666666666666666
9699,REQKBQM03OA3MFW,PRC3WVTRI7S,2025-04,,,1.0,Payment pending confirm receipt,31.25
9702,REQSSBRV32MDD9J,PRCJWNT3UKR,2025-12,,,3.0,Unknown,0.3333333333333333
9702,REQSSBRV32MDD9J,PRCJWNT3UKR,2025-12,,,3.0,Unknown,0.5416666666666666
9702,REQSSBRV32MDD9J,PRCJWNT3UKR,2025-12,,,3.0,Unknown,1.2083333333333333
9705,REQFWRHCTQLRZRU,PRCAEJ28ERZ,2025-12,2.5416666666666665,1-4 days,2.0,Payment pending confirm receipt,2.25
9705,REQFWRHCTQLRZRU,PRCAEJ28ERZ,2025-12,2.5416666666666665,1-4 days,2.0,Payment pending confirm receipt,0.041666666666666664
9706,REQ4H142DSLSUIV,PRCM0DA17MH,2025-05,2.4166666666666665,1-4 days,3.0,Payment pending confirm receipt,60.541666666666664
9706,REQ4H142DSLSUIV,PRCM0DA17MH,2025-05,2.4166666666666665,1-4 days,3.0,Payment pending confirm receipt,1.875
9708,REQOABQCEAENETQ,PRCF4ETNGZV,2025-11,6.333333333333333,5-7 days,1.0,Missing documents customer to provide,31.166666666666668
9712,REQ7USMYDBXWU26,PRCKIRW8Q1P,2025-03,,,2.0,Underwriting questions review needed,0.5416666666666666
9713,REQDT9ZX1HSO5S3,PRCM8SWYL68,2025-07,,,1.0,Customer request waiting response,2.2083333333333335
9717,REQNHRSG35HLM3U,PRCQSS0GF04,2025-06,1.5416666666666667,1-4 days,1.0,Customer request waiting response,60.5
9721,REQQ208CM7PAK57,PRC5Z44FZWY,2025-04,11.625,7+ days,1.0,Underwriting questions review needed,1.125
9722,REQF1SVZDXMASOJ,PRCI53O4IQG,2025-01,,,1.0,Customer request waiting response,91.83333333333333
9724,REQ09LYBZ2SE6HQ,PRCYH0BHYUM,2025-01,,,3.0,System issue retry later,60.333333333333336
9724,REQ09LYBZ2SE6HQ,PRCYH0BHYUM,2025-01,,,3.0,System issue retry later,0.16666666666666666
9725,REQ19BIWQV034IK,PRC196MXRF6,2025-10,,,1.0,Underwriting questions review needed,88.75
9726,REQ0S629YWNTZN1,PRCHGKH2R6T,2025-11,,,1.0,Payment pending confirm receipt,0.875
9728,REQSIIXWLSS3QN6,PRCCHGDJPTD,2025-09,,,1.0,Customer request waiting response,61.708333333333336
9730,REQIAY5AXRUQHJ9,PRCEIOIYUBV,2025-07,,,1.0,System issue retry later,2.125
9733,REQ6484CHQE0YY6,PRC4APB58KC,2025-04,,,1.0,Unknown,1.1666666666666667
9739,REQNG4RR090L50U,PRCK7O5CLW8,2025-04,2.7083333333333335,1-4 days,1.0,Missing documents customer to provide,0.7083333333333334
9744,REQ6ZWYOD4VYSWS,PRCZMN1OEKK,2025-07,,,1.0,System issue retry later,29.958333333333332
9745,REQ4AUHPRL8SQ0G,PRCFJ9A4OGQ,2025-03,,,1.0,Customer request waiting response,0.625
9748,REQWEOVKBXNTNLS,PRCDT37WHKZ,2025-05,,,1.0,Customer request waiting response,0.4583333333333333
9752,REQUAFA63WJ8G7O,PRCKT8HW7MP,2025-06,,,1.0,System issue retry later,29.75
9754,REQ3AX4F28Q25IV,PRC82ZTNB7K,2025-01,,,1.0,Missing documents customer to provide,1.6666666666666667
9755,REQ7ROS35ECT8DK,PRC8L3XN071,2025-04,3.9166666666666665,1-4 days,1.0,Customer request waiting response,30.791666666666668
9758,REQWP3ONR3L02II,PRCUDB0ER80,2025-10,6.625,5-7 days,1.0,Underwriting questions review needed,2.7083333333333335
9762,REQIIFLXPY9FIO0,PRC5QMEEO00,2025-04,0.25,1-4 days,3.0,Unknown,0.5416666666666666
9762,REQIIFLXPY9FIO0,PRC5QMEEO00,2025-04,0.25,1-4 days,3.0,Unknown,88.58333333333333
9762,REQIIFLXPY9FIO0,PRC5QMEEO00,2025-04,0.25,1-4 days,3.0,Unknown,60.708333333333336
9765,REQPHDN9LMYEP31,PRCMKPVCXN9,2025-02,,,1.0,System issue retry later,91.16666666666667
9772,REQA4J5YRPR6TPT,PRC0VFTJMII,2025-02,2.5833333333333335,1-4 days,1.0,Missing documents customer to provide,2.375
9775,REQ7JYR5MRXPRKY,PRCTIFGVXT4,2025-08,4.083333333333333,5-7 days,1.0,System issue retry later,29.583333333333332
9776,REQGQ3B133EQVOJ,PRCBWU1LM6L,2025-05,1.0416666666666667,1-4 days,2.0,Missing documents customer to provide,2.4583333333333335
9776,REQGQ3B133EQVOJ,PRCBWU1LM6L,2025-05,1.0416666666666667,1-4 days,2.0,Missing documents customer to provide,0.875
9780,REQKMTXMJ14FR8S,PRCPW6U7IFV,2025-10,,,1.0,Missing documents customer to provide,2.25
9782,REQZVDGJI0T74ZH,PRCTUOA284U,2025-04,1.6666666666666667,1-4 days,1.0,Payment pending confirm receipt,0.875
9787,REQ0FSV87C5J3W1,PRCCUWE4Y7M,2025-07,,,1.0,Underwriting questions review needed,2.2916666666666665
9792,REQXHY39FL0AMFM,PRCBEQLJ15A,2025-06,,,1.0,Payment pending confirm receipt,0.625
9795,REQZ6229MKGE4CB,PRC44LKO9KD,2025-05,,,3.0,Underwriting questions review needed,0.4166666666666667
9795,REQZ6229MKGE4CB,PRC44LKO9KD,2025-05,,,3.0,Underwriting questions review needed,0.625
9795,REQZ6229MKGE4CB,PRC44LKO9KD,2025-05,,,3.0,Underwriting questions review needed,61.25
9796,REQCQZPBIJL6X5D,PRC2MCZ4592,2025-08,,,3.0,Missing documents customer to provide,0.7083333333333334
9796,REQCQZPBIJL6X5D,PRC2MCZ4592,2025-08,,,3.0,Missing documents customer to provide,2.3333333333333335
9802,REQFHEIYYDZ1UFB,PRC6GZ79FV4,2025-02,,,1.0,Underwriting questions review needed,0.375
9806,REQY2XNPT54JKQE,PRC4X7EOE3R,2025-05,,,1.0,Payment pending confirm receipt,62.166666666666664
9812,REQJAEHZB3AEYZ0,PRC2EG2E4TN,2025-09,,,1.0,Missing documents customer to provide,0.125
9815,REQRD0U0RYDWBGL,PRC05M8QYZ9,2025-06,,,1.0,Customer request waiting response,92.0
9817,REQEGZDF5XA9UIB,PRCIG5960BP,2025-06,3.0,1-4 days,2.0,System issue retry later,30.708333333333332
9821,REQA0Z74KWUWDA8,PRCNQZUYV6B,2025-09,,,2.0,Underwriting questions review needed,60.333333333333336
9823,REQ1XSW3CYF50BY,PRCWC79WH30,2025-05,,,1.0,Missing documents customer to provide,1.0416666666666667
9824,REQOEIT0NDWK44S,PRC49ISRZPZ,2025-04,,,1.0,Missing documents customer to provide,60.875
9825,REQ6LBP9Q36X9LM,PRCYSAK49AF,2025-06,,,1.0,Customer request waiting response,2.75
9828,REQ2KFSTL9LJ5WP,PRC80OIJIM5,2025-10,,,2.0,Customer request waiting response,1.25
9830,REQGG5ZF8BYCMSU,PRC4AUIO8IH,2025-03,,,1.0,Missing documents customer to provide,1.8333333333333333
9834,REQY2VD5EYMFJ2Y,PRC1M9RWA3K,2025-02,,,1.0,System issue retry later,30.25
9836,REQP37FHPP5A71M,PRC9NUYQU0O,2025-08,2.6666666666666665,1-4 days,2.0,System issue retry later,91.25
9836,REQP37FHPP5A71M,PRC9NUYQU0O,2025-08,2.6666666666666665,1-4 days,2.0,System issue retry later,30.125
9839,REQ7BJ6GZ22KHNH,PRCH7B2R943,2025-07,,,1.0,Customer request waiting response,0.4583333333333333
9842,REQYIHPFIHSUCDF,PRCWUAVW5HQ,2025-12,2.75,1-4 days,1.0,Unknown,0.25
9850,REQFRVLS35ZIAA4,PRCPARRC434,2025-04,,,1.0,Unknown,61.166666666666664
9851,REQA20AYFJV2FTU,PRCXHE5XNSU,2025-02,,,1.0,System issue retry later,2.5416666666666665
9853,REQLO9X33CXDAXL,PRCE6ZHI6CI,2025-09,,,1.0,System issue retry later,0.8333333333333334
9856,REQSQV7VWSHFO3H,PRCY5XA966L,2025-05,2.3333333333333335,1-4 days,2.0,Customer request waiting response,1.125
9856,REQSQV7VWSHFO3H,PRCY5XA966L,2025-05,2.3333333333333335,1-4 days,2.0,Customer request waiting response,1.8333333333333333
9857,REQEH5FQ64AN48O,PRC257T3N3R,2025-08,,,1.0,Missing documents customer to provide,0.9583333333333334
9858,REQDSPKCAOOGFPV,PRCAQ3O5XXY,2025-06,,,1.0,Unknown,28.25
9865,REQ84JYUHBGKIGB,PRCY9CJ9VU9,2025-01,,,1.0,System issue retry later,1.0416666666666667
9867,REQDYJPK5YLJM4T,PRCYBX9LOV5,2025-09,2.7083333333333335,1-4 days,1.0,Underwriting questions review needed,30.75
9868,REQW2QAL03KU22G,PRC2AQ8QMMQ,2025-12,,,2.0,Missing documents customer to provide,2.25
9868,REQW2QAL03KU22G,PRC2AQ8QMMQ,2025-12,,,2.0,Missing documents customer to provide,1.25
9873,REQWF5GZ8SSOYQI,PRC7JP14C95,2025-02,,,1.0,Underwriting questions review needed,0.3333333333333333
9876,REQYC55OJASK6MA,PRC019GWSE4,2025-06,,,2.0,Unknown,2.75
9876,REQYC55OJASK6MA,PRC019GWSE4,2025-06,,,2.0,Unknown,0.7916666666666666
9879,REQN06RP5MMJX9Y,PRCOPH3HQKX,2025-05,,,1.0,Payment pending confirm receipt,1.0833333333333333
9881,REQBJBVC633QMTW,PRC0M6TEZ6A,2025-02,,,1.0,Customer request waiting response,0.25
9882,REQFPT54KPUTQXW,PRCLLQ4P87B,2025-06,,,1.0,Underwriting questions review needed,31.166666666666668
9883,REQBYBJVLK4DZN2,PRC56B3AHMF,2025-01,,,1.0,Missing documents customer to provide,1.5
9885,REQ89FI7GPUS9BA,PRCBOV9NVB8,2025-02,,,1.0,Payment pending confirm receipt,1.2083333333333333
9889,REQ4XKJDP3M2P79,PRCNUVMR1DL,2025-02,,,1.0,Missing documents customer to provide,1.2083333333333333
9892,REQQAONIKKM821F,PRC92OVFCN5,2025-02,2.7083333333333335,1-4 days,1.0,Payment pending confirm receipt,0.041666666666666664
9899,REQQH4ZA2AIPCG7,PRCSTMUXHRN,2025-12,,,3.0,Unknown,32.5
9899,REQQH4ZA2AIPCG7,PRCSTMUXHRN,2025-12,,,3.0,Unknown,30.125
9901,REQRM3KM5F7D16H,PRCADJW9B0Q,2025-11,12.208333333333334,7+ days,1.0,Underwriting questions review needed,2.625
9908,REQEHPVLAOTW7EU,PRCBDAGREUB,2025-07,4.0,1-4 days,1.0,Customer request waiting response,0.7916666666666666
9912,REQQCAH35NTX4C7,PRCE7P32JWV,2025-10,,,2.0,Unknown,0.08333333333333333
9912,REQQCAH35NTX4C7,PRCE7P32JWV,2025-10,,,2.0,Unknown,31.958333333333332
9917,REQ4C37GUBR9JCT,PRCXI7G9GHC,2025-10,,,3.0,Missing documents customer to provide,2.9166666666666665
9917,REQ4C37GUBR9JCT,PRCXI7G9GHC,2025-10,,,3.0,Missing documents customer to provide,1.25
9917,REQ4C37GUBR9JCT,PRCXI7G9GHC,2025-10,,,3.0,Missing documents customer to provide,0.08333333333333333
9918,REQ4R1M8K54DKQB,PRCDZVVMV5Q,2025-07,,,1.0,Payment pending confirm receipt,30.458333333333332
9919,REQB9VO7DAT6GX2,PRCSHFP62YY,2025-07,2.25,1-4 days,1.0,Unknown,1.125
9921,REQW3FYROF9ZEI9,PRC83E06QID,2025-10,,,1.0,Customer request waiting response,62.458333333333336
9926,REQ8TY72CTRTEAF,PRCD564RS43,2025-10,,,1.0,Underwriting questions review needed,91.33333333333333
9927,REQQ0D81IYU2O6U,PRCNAI10G6F,2025-10,,,3.0,Underwriting questions review needed,1.9166666666666667
9927,REQQ0D81IYU2O6U,PRCNAI10G6F,2025-10,,,3.0,Underwriting questions review needed,0.08333333333333333
9927,REQQ0D81IYU2O6U,PRCNAI10G6F,2025-10,,,3.0,Underwriting questions review needed,0.9166666666666666
9929,REQ8TQUE39X6ZBI,PRCUHDTIO6V,2025-10,,,1.0,System issue retry later,31.041666666666668
9930,REQ9IQ49HM1G1U0,PRC8TFWLQW8,2025-04,3.9166666666666665,1-4 days,1.0,Customer request waiting response,1.4583333333333333
9931,REQM6YJS210GYLR,PRCS2DLRSY5,2025-05,,,3.0,Missing documents customer to provide,0.4583333333333333
9931,REQM6YJS210GYLR,PRCS2DLRSY5,2025-05,,,3.0,Missing documents customer to provide,0.4583333333333333
9931,REQM6YJS210GYLR,PRCS2DLRSY5,2025-05,,,3.0,Missing documents customer to provide,0.08333333333333333
9932,REQS3HJUBJ3YJ6P,PRCLSG7I0A8,2025-09,2.4583333333333335,1-4 days,2.0,Unknown,1.1666666666666667
9932,REQS3HJUBJ3YJ6P,PRCLSG7I0A8,2025-09,2.4583333333333335,1-4 days,2.0,Unknown,2.6666666666666665
9933,REQH8L7FZRB99BI,PRCOS99TV6O,2025-09,,,1.0,Missing documents customer to provide,1.5416666666666667
9934,REQ6ZTWI5PP8BGP,PRCTCSRP1R1,2025-08,,,1.0,Customer request waiting response,30.625
9936,REQ53BOTSWAF0V8,PRCA0SHZQ4Y,2025-09,9.958333333333334,7+ days,1.0,Underwriting questions review needed,29.583333333333332
9944,REQ6P3TPBM5RVPN,PRCCIYL945D,2025-07,,,1.0,Unknown,0.25
9945,REQZL1QM0PXIA1B,PRCJZYLFKAT,2025-01,,,2.0,Unknown,1.2083333333333333
9949,REQXFRCOX0HK6U1,PRC6GABU0ZF,2025-09,,,2.0,Missing documents customer to provide,0.375
9949,REQXFRCOX0HK6U1,PRC6GABU0ZF,2025-09,,,2.0,Missing documents customer to provide,0.5833333333333334
9952,REQQMGXO0GCV9SU,PRCL3G0TZ1Y,2025-01,,,1.0,Missing documents customer to provide,30.666666666666668
9956,REQB9731MY439PU,PRC37FRV33F,2025-03,,,1.0,Unknown,2.7916666666666665
9963,REQP3RJL57JVBQJ,PRCXD159DZZ,2025-05,,,3.0,Customer request waiting response,2.25
9963,REQP3RJL57JVBQJ,PRCXD159DZZ,2025-05,,,3.0,Customer request waiting response,2.2083333333333335
9963,REQP3RJL57JVBQJ,PRCXD159DZZ,2025-05,,,3.0,Customer request waiting response,2.625
9969,REQPZY1LL49JQZR,PRCQMJB55UV,2025-04,,,1.0,Unknown,0.5833333333333334
9970,REQMWF6J0JQQS8U,PRCRHWKHH82,2025-12,,,1.0,Payment pending confirm receipt,32.916666666666664
9972,REQQOBTMIN0VMDK,PRC8SPDGNAT,2025-12,10.916666666666666,7+ days,3.0,System issue retry later,0.5833333333333334
9972,REQQOBTMIN0VMDK,PRC8SPDGNAT,2025-12,10.916666666666666,7+ days,3.0,System issue retry later,2.2916666666666665
9972,REQQOBTMIN0VMDK,PRC8SPDGNAT,2025-12,10.916666666666666,7+ days,3.0,System issue retry later,0.7916666666666666
9976,REQHUQZFZSGTKP1,PRCLY8L4H8Q,2025-07,,,2.0,Payment pending confirm receipt,1.5833333333333333
9979,REQPJAQJTNBN44G,PRCPQHRM5U0,2025-06,,,1.0,Missing documents customer to provide,31.708333333333332
9980,REQZGZ7B8IYQFD4,PRCCTYEANWJ,2025-09,,,1.0,System issue retry later,61.041666666666664
9984,REQQUQTMMUKFF8K,PRCM8YGK1N0,2025-04,7.5,7+ days,1.0,System issue retry later,31.5
9985,REQSMLWCBZR8EJA,PRCAJETUCCM,2025-03,,,1.0,System issue retry later,29.875
9991,REQPFKU9OL7GGI0,PRCOEFG4KE9,2025-01,,,1.0,Payment pending confirm receipt,0.75
9994,REQ8YUQ25GFX5H3,PRC3D304N2A,2025-01,,,2.0,Underwriting questions review needed,2.0
9994,REQ8YUQ25GFX5H3,PRC3D304N2A,2025-01,,,2.0,Underwriting questions review needed,0.08333333333333333
